Kod;Nazwa
czÍúci autobusowe;czÍúci autobusowe
Autobus;Autobus
Ekspozycja plakatÛw w autobusach;Ekspozycja plakatÛw w autobusach
Hologramy;Hologramy
Olej napÍdowy grzewczy;Olej napÍdowy grzewczy
M-A-N Bus A21;M-A-N Bus A21
kasownik;kasownik
Kamera;KAMERA HIKVISION DS-TURBO HD
UNIX-M 285 mm Czerwona;UNIX-M 285 mm Czerwona
0000180680;USZCZELKA FILTRA ODMY MERCEDES CITARO
0000180780;USZCZELKA FILTRA ODMY MERCEDES CITARO
000050033010;WK£AD STACYJKI
0001800079;USZCZELKA OBUDOWY FILTRA OLEJU MERCEDES CITARO OM457
000230;ORING WTRYSKIWACZA MERCEDES CITARO OM906
0002540335;TULEJKA SWORZNIA KULISTEGO £APY SPRZ G£A MERCEDES
0002710540;ZABEZPIECZENIE SKRZYNI BIEG”W
0002712080;USZCZELKA MISKI SKRZYNI BIEG”W ZF
0002713480;USZCZELKA SKRZYNI BIEG”W MERCEDES
0002716380;USZCZELKA SKRZYNI VOITH
0003201232;£•CZNIK STABILIZATORA SETRA/INTEGRO
0003301611;TULEJA DR•ØKA REAKCYJNEGO Q-85 WEW. GWINT M24 WPUSZCZANY
0003302111;TULEJA DR•ØKA REAKCYJNEGO PRZ”D MERCEDES CITARO
0003302311;TULEJA DR•ØKA REAKCYJNEGO MERCEDES CITARO
0003501235;PIASTA TY£ MERCEDES CITARO
0003502605;TULEJA DR. REAKCYJNEGO Q75X152X21
0003520127;TULEJA DR•ØKA REAKCYJNEGO (cukierek) MERCEDES/SETRA Q-90
0004661367;CZUJNIK POZIOMU P£YNU WSPOMAGANIA MERCEDES CITARO
0004712780;USZCZELKA KORKA PALIWA MERCEDES
0004770103;FILTR PALIWA
0004771602;WK£AD FILTRA PALIWA SEPARATOR CITARO
0004920082;WIESZAK T£UMIKA EVOBUS (4 otwory prost.77x56x30)
0005003049;ZBIORNIK WYR. CH£ODNICY MERCEDES CITARO
0005040614;PODUSZKA ZAWIESZENIA CH£ODNICY CITARO
0005446911;LAMPA OBRYSOWA MERCEDES CITARO W•SKA DIODOWA
0005453013;STACYJKA ZAP£ONU MERCEDES
0005455114;CZUJNIK PNEUMATYCZNY W£•CZNIK GW,WEW
0005455414;CZUJNIK PNEUMATYCZNY 5,5 BAR M12X1,5 PRZEW.M24X1
0007232327;TULEJKA DRZWI DOLNA MERCEDES CITARO/MAN A21
0007500193;KASETA KLAPY BOCZNEJ MERCEDES O303
0008110661;OS£ONA LUSTERKA MERCEDES CITARO / SETRA LEWA
0008114711;WSPORNIK LUSTRA SETRA
0008117011;MOCOWANIE LUSTRA MERCEDES CITARO PRAWE
0008120686;MOCOWANIE FIRANKI MERCEDES O404
0008205064;LAMPA TYLNA MERCEDES RH
0008208364;LAMPA TY£ SETRA POZ/STOP PROSTOK•TNA G”RNA
0008244049;POKRYWKA PLAS. PI”RA WYCIERACZKI
0008246049;OS£ONA RAMIENIA WYCIERACZEK MERCEDES CITARO/MAN
0008260362;OPRAWA ØAR”WKI CITARO 3 PINY
0008262857;KLOSZ LAMPY OBRYSOWEJ BIA£Y £EZKA MERCEDES/MAN
0008322072;FILTR P£YNU CH£ODZ•CEGO CITARO KPL.
0008330017;TULEJKA POKR T£A MERCEDES 405
0008695047;KO—C”WKA SPRYSKIWACZA SZYB SETRA
0009872143;PODUSZKA MOCOWANIA INTER.
0009903360;NAKR TKA WA£KA ATAKU MERCEDES CITARO/MAN ZF AV132
0011530420;CZUJNIK PR DKOåCI OBROTOWEJ WA£U 2
0012954407;SI£OWNIK SPRZ G£A MERCEDES O407 HYDRAULICZNY
0013308935;KO—C”WKA DR•ØKA KIEROWNICZEGO POD£. WYGI TA MERCEDES CITARO
00133SH;KASETA KLAPY BOCZNEJ SETRA Z OBRYS”WK•
0018102316;LUSTRO PRAWE MERCEDES CITARO/SETRA 300
0018102416;LUSTRO PRAWE SETRA 315 MERCEDES KR”TKIE MOCOWANIE GRZANE STEROWANE
0018114533;WK£AD LUSTERKA LEWE MERCEDES O404/CITARO D£UØSZY
0018114633;WK£AD LUSTRA MERCEDES CITARO 340X175
0018202410;PRZE£•CZNIK WENTYLATORA DMUCHAWY
0018206121;LAMPA KIERUNKOWSKAZU TY£ MERCEDES CITARO PRAWA
0018356947;FILTR SIATKOWY P£YNU CH£ODNICY CITARO/INTEGRO
0018359147;FILTR NADMUCHU KABINY MERCEDES CITARO
0019807164;AMORTYZATOR KLAPY PALIWA CITARO
001BB19423300;TULEJKA KORBOWODU OM447
0022088;P”£Oå NAP DOWA
0025452114;PRZYCISK OTWIERANIA DRZWI KIEROWCY ZEWN TRZNY 3 PINY
0025453914;CZUJNIK CIåNIENIA W UK£ADZIE HAMULCOWYM
0025459926;KO—C”WKA ELEKTRYCZNA OKR•G£A
0031537628;CZUJNIK CIåNIENIA POWIETRZA
0034307581;ZAW”R HAMULCA R CZNEGO MERCEDES CITARO WYJåCIA W BOK
0035450226;KO—C”WKA ELEKTRYCZNA OKR•G£A
0035458105;PRZEKAèNIK ABS MERCEDES
003550;PRZEW”D MIEDZIANY M30 L-550
00366V0;ZESTAW PIERåCIENI T£OKA Q128 OM447
00376N0;PIERåCIENIE T£OKOWE MERCEDES OM422-447  (3-3-4)
0038201556;LAMPA OåWIETLENIA TABLICY REJ. MERCEDES CITARO
0038202956;LAMPA OBRYSOWA SPRINTER N/TYP
0038266190;KLOSZ LAMPY TY£ MERCEDES O408
0038301108;WENTYLATOR NAGRZEWNICY MERCEDES CITARO KONWEKTA
0038353001;WYMIENNIK NAGRZEWNICY MERCEDES O405 N/TYP
0041530228;CZUJNIK POZIOMU OLEJU MERCEDES CITARO
0041530328;CZUJNIK TEMPERATURY POWIETRZA W KOLEKTORZE SS•CYM MERCEDES
0041530828;CZUJNIK CIåNIENIA OLEJU CITARO
0041534228;CZUJNIK TEMPERATURY WODY CITARO CT.4 M14X1,5 SW22
00415N0;PIERåCIENIE T£OKOWE KOMPRESORA MERCEDES (Q-90 2,5/2,5/4,0)
0045455514;CZUJNIK PNEUMATYCZNY HAMULCA R CZNEGO M12X1,5 2-PINY BAJONET NIEBIESKI
0045459914;PRZYCISK OTWIERANIA DRZWI OKR•G£Y CZERWONY
0048301684;ZAW”R OGRZEWANIA 3-WYJ. MERCEDES CITARO
0048301884;ZAW”R OGRZEWANIA 2-WYJ MERCEDES CITARO
006B39-22;WENTYLATOR NAGRZEWNICY SPAL
006B39-22/1;WENTYLATOR PROMIENIOWY
006B50ITE22;SILNIK DMUCHAWY MERCEDES CITARO PRZ”D 24V
0071530828;CZUJNIK CIåNIENIA OLEJU MERCEDES CITARO (ma≥y)
00720177;TULEJA AMORTYZATORA Q16/18/20/22 UNIWERSALNA
0074206720;KLOCKI HAMULCOWE TYLNE
008B4502;WENTYLATOR NADMUCHU NAGRZEWNICY MERCEDES CITARO
0091533628;CZUJNIK SPALIN NOX
0092S40280;AKUMULATOR 95AH 830A
009B40-22;WENTYLATOR NAGRZEWNICY SPAL 009B40-22 BEZ P£YNNEJ REGULACJI
009B40IE;WENTYLATOR NAGRZEWNICY SETRA/MERCEDES SPAL (p≥ynna regulacja)
01009600390;åRUBA TYLNEGO ZAWIESZENIA M20X1,5X370
01014400;SMAROWNICZKA M8 PROSTA
0101540102;ALTERNATOR MB 311
0103002085;FILTR POWIETRZA MERCEDES ACTROS PROSTOK•TNY
010685;TULEJA DR•ØKA REAKCYJNEGO MERCEDES (cukierek) Q-56 ROZ.OT-90
01083000;GA£KA DZWIGNI ZMIANY BIEG”W
0114048;POMPKA PALIWA POMOCNICZA KPL.
011411100;CZUJNIK CIåNIENIA POWIETRZA 0-10BAR 1-PIN
0115047;ZESTAW NAPRAWCZY SPR ØARKI (zaworki okrπg≥e+uszczelki) Q-94
0115425817;CZUJNIK TEMPERATURY SKRZYNI BIEG”W ZF
01207310;AMORTYZATOR DRGA— UK£ADU KIEROWNICZEGO O303 O407
01241;PODK£ADKA SPR ØYSTA SZPILKI KO£A
0124655025;ALTERNATOR MAN A23
0130007024;SILNIK DMUCHAWY BOSCH (ma≥y)
0130063029;SILNIK DMUCHAWY BEZ WENTYLATOR”W MERCEDES 303/814
0130111130;SILNIK DMUCHAWY
0132801141;SILNICZEK STEROWANIA ZAWOREM OGRZEWANIA MERCEDES/MAN (5-pin)
0132801143;SILNICZEK REGULACJI PO£OØENIA 3-PINY
0138207610;PRZYCISK OTWIERANIA DRZWI MERCEDES CITARO ZEW. DOTYKOWY
01416740;ZESTAW NAPRAWCZY SWORZNIA RESORU (LAGI MERCEDES)
01660100;ZESTAW NAPRAWCZY SZYBKOZ£•CZA VOSS
01665000;TARCZA HAMULCOWA PRZ”D MERCEDES 611-814 304x30mm
0169976148;ORING PRZEWODU WODNEGO SPRINTER
01706000;SZPILKA KO£A TY£ MERCEDES
01711000;NAKR TKA KO£A M18X1,5
01711500;NAKR TKA KO£A M22X1,5 Z PODK£ADK• OBROTOW•
01714800;SZPILKA KO£A MERCEDES
0189971148;ORING CH£ODNICY OLEJU OM447
019690;USZCZELKA OBUDOWY POMPY WODY MAN A23
01MA006;B BEN HAMULCOWY Q360X180
01ME005;B BEN HAMULCOWY
01ME008;B BEN HAMULCOWY PRZ”D MERCEDES
020187;PODUSZKA CH£ODNICY MAN (wciskana)
021250;USZCZELKA POMPY WODY MAN A21
021901250250;OBEJMA WYDECHU FI 50
0221503035;CEWKA ZAP£ONOWA MAN/NEOPLAN CNG
0222C;KLOSZ LAMPY PROSTOK•TNEJ TY£ 115X138mm
0227100200;MODU£ ZAP£ONOWY MAN GAZOWY
M16X1,5 L600/400;PRZEW”D ELASTYCZNY M16X1,5 L-600/400
M14X1,5 L400-L800;PRZEW”D ELASTYCZNY M14X1,5 L-400/600/800
0242240593;åWIECA ISKROWA YTTRIUM BOSCH FR6DC
0249971648;ORING TURBOSPR ØARKI (czerwony) Q-55x8
0250202142;åWIECA ØAR”WA
0258007032;SONDA LAMBDA MAN CNG
0263C;KLOSZ LAMPY KIERUNKOWSKAZU MERCEDES BOCZNA
027150;USZCZELKA KOLEKTORA SS•CEGO
027740;USZCZELNIACZ TRZONKA ZAWORU
0281002232;CZUJNIK TEMPERATURY WODY EDC MAN
0281002244;CZUJNIK TEMPERATURY W KOELKTORZE SS•CYM
0281002270;CZUJNIK PR DKOåCI OBROTOWEJ WA£U (EDC) 1 MAN
0281002655;CZUJNIK CIåNIENIA W KOLEKTORZE SS•CYM
0281006282;CZUJNIK CIåNIENIA OLEJU CITARO/INTEGRO
0281006481;CZUJNIK CIåNIENIA DO£ADOWANIA
02902500;ORING ZWOLNICY
02MA011;TARCZA HAMULCOWA MAN P/T L/P 432X45MM
03002600;CZUJNIK åWIATE£ STOP PNEUMATYCZNY MAN
030100903510;WA£EK ROZPIERAKA MAN 512
0301017304;REFLEKTOR PRZ”D MAN F90
030671;USZCZELKA POMPY SERWA TRANSIT
03071;PIERåCIE— WA£U KORBOWEGO POD USZCZELNIACZ 100X105X24
03110400;ZESTAW NAPRAWCZY ZWROTNICY MAN 50X223
03224;ZESTAW NAPRAWCZY POMPY WODY MERCEDES (OM401-407,OM441-447)wa≥ek 15mm
0331101006;CEWKA ROZRUSZNIKA (ma≥a) BOSCH
0331402015;ELEKTROMAGNES ROZRUSZNIKA MAN/MERCEDES
0331450001;CEWKA ROZRUSZNIKA (duøa) BOSCH
0332015008;PRZEKAèNIK 24V 2XOD£
0332019150;PRZEKAèNIK 12V UNIWERSALNY
03326710;AMORTYZATOR PRZ”D MAN LIONS
03601700;SWORZE— SZCZ KI HAMULCOWEJ MERCEDES
03610000;ZESTAW NAPRAWCZY WA£KA ROZPIERACZA MAN
03620600;SPR ØYNA SZCZ K HAMULCOWYCH MAN/MERCEDES
03626600;PIERåCIE— åLIZGOWY USZCZELNIACZA PIASTY 115x145x32
03641700;B BEN HAMULCOWY MAN MERCEDES PRZ”D 410X167
03703700;SZPILKA KO£A 22x1,5-105mm MAN
0392020026;POMPA OBIEGOWA OGRZEWANIA 12V WSPOMAGAJ•CA
03990205212;PASTA CYLINDRA HAMULCOWEGO 180G
040505;ZESTAW NAPRAWCZY AMORTYZATORA SC 776
0432131780;WTRYSKIWACZ STERUJ•CY Z CZUJNIKIEM RUCHU IG£Y MERCEDES OM447
0433171679;KO—C”WKA WTRYSKIWACZA
0433175267;KO—C”WKA WTRYSKU
04454;PIERåCIE— åLIZGOWY PIASTY TY£ 110X145X32 MAN
0481016603;ZAW”R HAMULCA R CZNEGO R•CZKA SETRA S315 KNORR
0482020003;SI£OWNIK GASZENIA MAN/DB
0486000101;CZUJNIK ABS (ze sp≥aszczonπ koÒcÛwkπ)
0486204017;ZAW”R EBS MAN
04MA003;WA£EK ROZPIERACZA MERCEDES
04TFD400;SPR ØYNA KLOCKA HAMULCOWEGO 29030 (blaszka)
0500005001;ZAW”R POZIOMUJ•CY PODUSZEK PRAWY
0500005002;ZAW”R POZIOMUJ•CY PODUSZEK LEWY
0500005002AT;ZAW”R REGULACJI POZIOMU KNORR
0500100006;ZAWOREK ZWROTNY PODUSZEK (M14X1,5/M12X1,5)
0501305308;CZUJNIK åWIATE£ COFANIA SETRA (wkrÍcany)
0501316527;ELEKTROZAW”R RETARDERA ZF
0501318457;ELEKTROZAW”R RETARDERA
0504003001;ZAW”R STER. POZIOMOWANIA PRZY POZIOMCE
05606300;SPR ØYNA SZCZ K HAMULCOWYCH SETRA TY£ DUØA
05610500;TARCZA HAMULCOWA SOLARIS
058ME00;B BEN HAMULCOWY MERCEDES 410X238
060190;ZESTAW åRUB G£OWICY CYLINDRA MERCEDES OM906
06020990349;åRUBA MOSTU AV132 M20X50 IMBUS
0608030003;AKUMULATOR 44AH 440A
0608031007;AKUMULATOR 120AH 950A
06121150131;NAKR TKA PIASTY ZF AV132 M105X1,5
06222201017;KO£EK ZABEZPIECZAJ•CY SKRZYNI MAN
065ME00;B BEN HAMULCOWY MERCEDES O303 TY£ KLEPKA 160MM
06563432241;PIERåCIE— USZCZ LNIAJ•CY ORING 75X3B
06569362969;ORING GUMOWY MAN
06569380522;ORING POMPY WTRYSKOWEJ MAN 10X3
06569390029;ORING SPR ØARKI MAN (mniejszy)
06952910;ELEMENTY MONTAØOWE KLIMATYZACJI
0701567000;PODK£ADKA MOSTU ZF AV132
07061220;WIDE£KI SI£OWNIKA
07072300;PRZEGUB CI GNA GAZU M8
07072500;PRZEGUB CI GNA GAZU M6
07200;TULEJA STABILIZATORA
0734317276;USZCZELNIACZ SWORZNIA WAHACZA PRZ”D MERCEDES CITARO
0737006074;NAKR TKA SWORZNIA WAHACZA PRZ”D MERCEDES CITARO
0737300072;NAKR TKA WA£KA ATAKU ZF Q50X1,5
074820;USZCZELKA POKRYWY ZAWOR”W OM906 POD åRUBY
074870;ORING WTRYSKIWACZA MERCEDES CITARO
07624900;ZAWOREK SPUSTOWY ODWADNIAJ•CY M22
07639900;"SI£OWNIK HAMULCOWY JEDNOKOMOROWY 12"""
07640510;MEMBRANA SI£OWNIKA 16 NISKA
07641510;MEMBRANA SI£OWNIKA 24 G£ BOKA
07641610;MEMBRANA SI£OWNIKA 30 G£ BOKA
07651000;£•CZNIK GUMOWY ZAWORU POZIOMUJ•CEGO
07719;PIERåCIE— WA£U KORBOWEGO POD USZCZELNIACZ 100X105X24
0820352725;POKRYWA FILTRA OLEJU VOITH FI 114
0828310000;PIERåCIENIE T£OKOWE Q128 MAN
084001;TULEJA SIERØANTA BOCZNA (po≥Ûwka 4xna sierøanta) SETRA
084007;TULEJA STABILIZATORA SETRA (P”£PANEWKA) 73x42x80
086843;PODK£ADKA WTRYSKU
0874120000;PIERåCIENIE KOMPRESORA
0874260000;PIERåCIENIE KOMPRESORA Q-88 (2,5/2,5/4) MAN
09100034;PODUSZKA SKRZYNI BIEG”W SETRA/MERCEDES
09197;POMPA WODY MERCEDES O305,O405(OM407,OM427,OM447)
09519;PODUSZKA STABILIZATORA
0986345408;W£ACZNIK åWIATE£ STOP
0986345410;CZUJNIK åWIATE£ STOPU MERCEDES O303 PNEUMATYCZNY
0XPTJC0022;POMPA DO BECZKI
100291;USZCZELKA åRUBY POKRYWY ZAWOR”W
1006541001;URZ•DZENIE DO BADANIA ELEKTROLITU W AKUMULATORZE
1006542001;URZ•DZENIE DO BADANIA P£YNU CH£ODNICZEGO HELLA
10068;KO—C”WKA DR•ØKA KIEROWNICZEGO GW ZEW. M24/SWORZE— M30 MERCEDES O404 PRAWA
10069;KO—C”WKA DR•ØKA KIEROWNICZEGO GW ZEW. M24/SWORZE— M30 MERCEDES O404 LEWA
10074;KO—C”WKA DR•ØKA MERCEDES 0404 ZAWIESZENIA PRZ”D STOØ-24 GW ZEW.-24
10098;FILTR OLEJU SKRZYNI BIEG”W
100X118X10;USZCZELNIACZ 100X118X10 KIERUNEK LEWY
100X120X10;USZCZELNIACZ 100X120X10
100X120X13;USZCZELNIACZ 100X120X13
100X125X12;USZCZELNIACZ 100X125X12
100X130X17;USZCZELNIACZ PIASTY 100X130X17
10133;KO£O ZAMACHOWE MAN FI430 D2866/76 Z EDC
10203;TULEJA WAHACZA VW
10216;DR•ØEK KIEROWNICZY POD£. MERCEDES O405 988MM
10244;DR•ØEK KIEROWNICZY MERCEDES O408  D£.1160MM
10498;PRZEGUB ZMIANY BIEG”W M12 L
10499;PRZEGUB ZMIANY BIEG”W M12 P
10566;PRZEGUB ZMIANY BIEG”W M14 GWINT ZEW.
10579;PRZEGUB ZNIANY BIEG”W M8 WZMAC. PRAWY
10580;PRZEGUB ZMIANY BIEG”W M8 WZMAC. LEWY
106909;PODK£ADKA MIEDZIANA WTRYSKU
10W40L;OLEJ 10W40 L
10X1375;PASEK KLINOWY 10X1375
10X1400;PASEK KLINOWY 10X1400
10X1525;PASEK KLINOWY 10X1525
10X1845;PASEK WIELOKLINOWY 10PK1845
10X675;PASEK KLINOWY 10X675
10X800;PASEK KLINOWY 10X800
11010066;STABILIZATOR SETRA PRZ”D
110101434;STABILIZATOR PRZ”D SETRA S-400
11010160012;ZESTAW NAPRAWCZY ZACISKU (PROWADNIC) MERCEDES
11010320;SPREØYNA GAZOWA FOTELA 700N/VOGEL 70MM
11044160022;ZESTAW NAPRAWCZY ZACISKU HAMULCOWEGO MERCEDES
11088200;USZCZELKA POKRYWY ZAWOR”W MAN/MERCEDES KLING.
110X130X13;USZCZELNIACZ WA£U TY£ MAN 110X130X13 (lewy kierunek)
11129131;AMORTYZATOR TY£ MAN 37/52 I/I /MERCEDES
1116050010;WAHACZ ZAWIESZENIA KO£A PRZ”D
1125;TULEJKA STABILIZATORA MERCEDES O404
112912;AMORTYZATOR PRZ”D MERCEDES 405
1131015;CH£ODNICA CIECZY BEZ RAMY MAN/NEOPLAN/SETRA BUS
114X152X15 IVECO;USZCZELNIACZ 114X152X15 IVECO
11567;POKROWIEC NA FOTEL
115889;PRZEW”D WYDECHU £•CZNIK RURY ELASTYCZNEJ
11589;£•CZNIK STABILIZATORA
115X140X13;USZCZELNIACZ
116138;ZAW”R SS•CY MERCEDES
117460;OD£•CZNIK AKUMULATORA Z/BEZ KLU.
117810;SI£OWNIK GASZENIA SILNIKA Z WEW. SPR Ø.
117871;"SI£OWNIK 24/24"" MEMBRA.T£OKOWY HAM. TARCZ."
11879;NAKR TKA M50X1,5
1197311304;REGULATOR NAPI CIA BOSCH 24V
1197311318;REGULATOR NAPI CIA BOSCH BEZ SZCZOTEK
11PK2055;PASEK WIELOKLINOWY
11X17X4;USZCZELNIACZ 11X17X4
12015512;USZCZELNIACZ TRZONKA ZAWORU OM906
120X145X15;USZCZELNIACZ 120X145X15
120X150X15;USZCZELNIACZ 120X150X15
120X40X12;USZCZELNIACZ WA£U 120X40X12
121273;AMORTYZATOR ATRAPY D£,675 600N
121674;LAMPA OBRYSOWA DIODOWA BIA£A MA£A(tablicy)
122070;USZCZELKA MISKI OLEJU SOLARIS SILNIK IVECO
1228;TULEJA STABILIZATORA MERCEDES
123239;ZESTAW NAPRAWCZY KOMPRESORA ZB4275
123407;ZESTAW NAPRAWCZY SPR ØARKI LK13/15
123410;USZCZELKA POKRYWY ZAWOR”W MAN N/TYP D2066
123420;USZCZELKA POKRYWY ZAWOR”W MAN D2876
123502;LAMPA TY£ POZYCYJNA CZERWONA NEOPLAN
124045;ROLKA NAPINAJ•CA PASKA MAN A23 Q-70X42
124201;ZESTAW NAPRAWCZY SPR ØARKI LK49
124978;PODGRZEWACZ LUSTRA DUØY
1266;ZESTAW NAPRAWCZY SZCZ K HAMULCOWYCH
1267SE00;B BEN HAMULCOWY SETRA TY£ 410X230 WYS 281
127090;RURA WYDECHU PROSTA FI101/90X2000
12866;SZPILKA KO£A MERCEDES M20x1,5x84mm
12871;TULEJKA STABILIZATORA MERCEDES
12999113;ZESTAW NAPRAWCZY WA£KA ROZPIERACZA
12999134VT;ZESTAW NAPRAWCZY CYLINDERKA HAMULCOWEGO WABCO (t≥oczki,trzpieÒ ze sprÍøynπ)
12999135VT;ZESTAW NAPRAWCZY CYLINDERKA HAMULCOWEGO WABCO (samoregulatory)
12V 1,2W OPRAWA DIODOWA;ØAR”WKA 12V 1,2W Z OPRAWK• DIODOWA
12V 5W DIODOWA;ØAR”WKA 12V 5W DIODOWA
12V 5W DIODOWA CALOSZKLANA;ØAR”WKA 12V 5W DIODOWA CA£OSZKLANA
130284;ROLKA NAPINACZA MAN A23 Q74X34
130418;Z BATKA ROZRUSZNIKA 11Z
13046072172;KLOCEK HAMULCOWY KPL.
1305620545;SZK£O REFLEKTORA LEWE MERCEDES O405-408
130X170X17 KASETONOWY NEOPL;USZCZELNIACZ 130X170X17 KASETONOWY NEOPLAN
1310018Z;AMORTYZATOR 32X54 MAN
131065;BENDIX ROZRUSZNIKA MAN/MERCEDES 10Z
131159;AMORTYZATOR PRZ”D SOLARIS/NEOPLAN
131372;CEWKA ELEKTROMAGNETYCZNA 24V NA WYSOKIE OBCI•ØENIA
131657;PODNOåNIK PNEUMATYCZNY 8T
1321128;USZCZELNIACZ
133070;KRZYØAK WA£U 39X116,4
133072;KRZYØAK WA£U 47,60X135,17
133080;KRZYØAK WA£U 48X116,5 MAN
133082;KRZYØAK WA£U 57X144 DB
133089;KRZYØAK WA£U 48X126 MERCEDES
133119;KRZYØAK WA£U 48X135
133133;KRZYØAK WA£U 30,2X82
133135;KRZYØAK WA£U 52X147,20
1334993;TULEJKA ZMIANY BIEG”W
1337210815;PRZEKAèNIK ROZRUSZNIKA MAN 4 PINY
1345;PODK£ADKA KO£A STOØKOWA M20
1358;KO—C”WKA DR. MERCEDES 303 NAKR CANA M35 PRAWA
1359;KO—C”WKA DR. MERCEDES 303 NAKR CANA M35 LEWA
135X170X15,5/18;USZCZELNIACZ PIASTY 135X170X15,5/18 SETRA 300
135X175X15,5/20;USZCZELNIACZ 135X175X15,5/20
1370439;SZPILKA KO£A
1371902;WAHACZ G”RNY LEWY PRZ”D
1373821112010;TULEJKA LEWARKA
1393;TULEJA STABILIZATORA MAN TY£¶
1397;TULEJA STABILIZATORA MAN(panewka)
13977;ZESTAW USZCZELEK+SITKO POMPY
13X1150;PASEK KLINOWY 13X1150
13X1350;PASEK KLINOWY 13X1350
13X1475;PASEK KLINOWY 13X1475
13X2360;PASEK KLINOWY 13X2360
13X2875;PASEK KLINOWY 13X2875
13X750;PASEK KLINOWY 13X750
13X825;PASEK KLINOWY 13X825
13X885;PASEK KLINOWY 13X885
13X925;PASEK KLINOWY 13X925
13X950;PASEK KLINOWY 13X950
1408193;£OØYSKO MOSTU AV132 60X125X37
140X165X12;USZCZELNIACZ PIASTY UNIMOG 140X165X12
1415;TULEJA STABILIZATORA (cukierek) 19x45mm MAN
1417010997;ZESTAW USZCZELEK WTRYSKIWACZA
1422;PODUSZKA T£UMIKA M8
1423;PODUSZKA T£UMIKA M10
1432;TULEJA STABILIZATORA PRZ”D MAN 16X47 40WYS
1437;TULEJKA MOCOWANIA WENTYLATORA CH£ODNICY MAN 36x67,5x20
1445;TULEJA DR•ØKA REAKCYJNEGO MAN (Q-75X17X115 cukierek)
14573;ZESTAW NAPRAWCZY ZWROTNICY MAN 37,5X192
1457433589;FILTR POWIETRZA
145X175X14;USZCZELNIACZ 145X175X14 PIASTY TY£ MAN MERCEDES
145X175X16;USZCZELNIACZ PIASTY 145X175X16
1460206305;ELEMENTY POMPY ROZDZILACZOWEJ
1461015303;ELEMENTY POMPY ROZDZIELACZOWEJ
14724;£•CZNIK STABILIZATORA
14845C;ISKROWNIK MA£Y WEBASTO
14846C;ELEKTRODA ZAP£ONOWA WEBASTO
14941A;CZUJNIK TEMPERATURY (OGRANICZNIK) OGRZEWANIA
14944A;CZUJNIK TEMPERATURY
14945B;OGRANICZNIK TEMPERATURY P£OMIENIA OGRZEWANIA
14945C;OGRANICZNIK TEMPERATURY
1501030459;UCHWYT LUSTRA MB
1507020656;B£OTNIK
15100383710;FILTR OLEJU SKRZYNI BIEG”W VOITH DIVA5
1510283025-000;USZCZELNIACZ POMPY WENTYLATORA MERCEDES CITARO
1517010227;USZCZELKI POMPY WENTYLATORA KPL BUS565A
152610;ORING POMPY WTRYSKOWEJ
152630;ORING POMPY WTRYSKOWEJ
155/80R13 D BICA FRIGO;OPONA 155/80R13 D BICA FRIGO
15505;TULEJA ZAWIESZENIA PRZ”D 64x45x60 SETRA
15515;TULEJA DR•ØKA REAKCYJNEGO SETRA
1554215002;BRZ CZYK 24V
155X180X15 FEBI;USZCZELNIACZ PIASTY SETRA 155X180X15
155X180X15 KASETOWY;USZCZELNIACZ 155X180X15 KASETOWY 49383023 PIASTA SETRA
1561965Z;TARCZA HAMULCOWA MERCEDES SPRINTER PRZ”D BLIè.
1567801;TARCZA HAMULCOWA MAN TY£ 430X45
15746;ZESTAW NAPRAWCZY ROZRUSZNIKA (tul. ≥oø.)
16006-A;£OØYSKO SI£OWNIKA DRZWI MERCEDES O404 16006
164ME00;B BEN HAMULCOWY MERCEDES PRZ”D
165X190X15;USZCZELNIACZ 165X190X15
16X1000;PRZEW”D SILIKONOWY 16X1000
175/65 R14;OPONA D BICA
175/65R14;OPONA
17619;SWORZE— WAHACZA
17620;SWORZE— WAHACZA PRZ”D
1763975;CZUJNIK/SENSOR ABS FORD
1772807;PRZEW”D WSPOMAGANIA TRANSIT 14- CUSTOM POWR”T
17795 00;OK£ADZINY HAMULCOWE MERCEDES 303
179233115004;TULEJA STOØKOWA WSPORNIKA TYLNEGO MOSTU SETRA S213-215 (nadwymiar)
179233115004NOM;TULEJA STOØKOWA WSPORNIKA TYLNEGO MOSTU SETRA S213-215 (nomina≥)
179241111306;B BEN H-CA SETRA
17X1375;PASEK KLINOWY 17X1375
17X2120;PASEK KLINOWY 17X2120
17X30X7;USZCZELNIACZ POMPY WSPOMAGANIA 17X30X7
01802;TULEJA MOCOWANIA ALTERNATORA 12X25X37WYS MERCEDES
182031;KLOSZ LAMPY PRZEDNIEJ P MB AXOR 8/04- MB 333
1837001331;CEWKA WENTYLATORA 12V
18393;ZESTAW NAPRAWCZY SIERØANTA SETRA 200 (boczne tuleje)
1860100;CZUJNIK åWIATE£ COFANIA MERCEDES GW.M12
18602;CZUJNIK CIåNIENIA OLEJU MAN (3 wtyki)
18612;PIERåCIE— ABS 149X176/195X17 TY£ INTEGRO
1862216032;"TARCZA SPRZ G£A 430 (WIELOKLIN 1 3/4 "")"
18637;PRZE£•CZNIK ZESPOLONY POD KIEROWNICE MAN 301
18753;CZUJNIK TEMPERATURY P£YNU CH£ODNICY MAN
1878002706;"TARCZA SPRZ G£A 420 1 3/4"""
1878002735;"TARCZA SPRZ G£A 430 (WIELOKLIN 2"")"
18874;TULEJA STABILIZATORA Q-25MM
1887503;SWORZE— WAHACZA MERCEDES SPRINTER
18885;KO—C”WKA DR•ØKA KIEROWNICZEGO
18X24X20;£OØYSKO K 18X24X20
1905770210;OBUDOWA LUSTRA SOLARIS
19174;ZESTAW NAPRAWCZY ZWROTNICY 45X229 SETRA
19225;£•CZNIK DR•ØKA STABILIZATORA
19494 20;OK£ADZINY HAMULCOWE 19494 II NADW
195/65R15;OPONA
195/65R15 DUNLOP;OPONA DEBICA FRIGO
195/70R15C;OPONA 195/70R15C
195/75R16C;OPONA 195/75R16C
19506 00;OK£ADZINY HAMULCOWE 19506 NOM
19520/10;MOCOWANIE PRZEWOD”W HAMULCOWYCH
195785112;HALOGEN SETRA
19579 00;OK£ADZINY HAMULCOWE 19579 NOM
19699 NOM;OK£ADZINY HAMULCOWE 19699 NOM
19719;KO—C”WKA DR. KIEROWNICZEGO MERCEDES
1987302252;ØAR”WKA 21/5W CA£OSZKLANA
1987947842;PASEK WIELOROWKOWY
19939 10;OK£ADZINY HAMULCOWE
19939 20;OK£ADZINY HAMULCOWE 19939
19977E;USZCZELKI POMPY PALIWA WEBASTO
1BL007834007;REFLEKTOR PRZ”D OKR•G£Y
1LGRP;LUSTRO UNIWERSALNE POGRZEWANE 365X190
1Z49;KRZYØAK WA£U 30X92
2/13X2425;PASEK KLINOWY 2/13X2425
2000102622;PODK£ADKA DYSTANSOWA ROZRUSZNIKA
2000105040;PODK£ADKA DYSTANSOWA ROZRUSZNIKA
2000283013;USZCZELNIACZ 33X45X7 ROZRUSZNIKA
2000301015;TULEJKA ROZRUSZNIKA DUØA
2000301016;TULEJKA ROZRUSZNIKA MA£A
20006401527;SPRZ GIE£KO ROZRUSZNIKA BOSCH
2000910002;£OØYSKO IGIE£KOWE ROZRUSZNIKA (ma≥e)
2000910005;£OØYSKO IGIE£KOWE ROZRUSZNIKA (duøe)
2001030031;åRUBA MOCUJ•CA PRZEW”D PR•DOWY ROZRUSZNIKA
2004650030;SPR ØYNA DO USZCZELNIACZA ROZRUSZNIKA
2005825077;OBUDOWA METALOWA ROZRUSZNIKA
2006209345;BENDIX ROZRUSZNIKA 10Z
2006209425;BENDIX ROZRUSZNIKA MAN 11-Z NA WIDE£KI
2006209465;BENDIKS ROZRUSZNIKA
20069;AMORTYZATOR SETRA PRZ”D UL
2007011069;ZESTAW NAPRAWCZY ROZR. (podk≥.nakr. úruby prπdowej)
2007014079;SZCZOTKI ROZRUSZNIKA KPL.
201091;USZCZELKA POMY CIECZY CH£ODZ•CEJ OM906
203392;DRAZEK KIEROWNICZY L=775MM
204080;ZESTAW USZCZELEK G£OWICY
205/55R16;OPONA
205/60R16;OPONA BLIZAK 91V FRIGO
206257;åRUBA M20X1,5 D£-80
20654A;SPRZ G£O WEBASTO MA£E
2087580058;ZNAK FIRMOWY MERCEDES
20x1000W;PRZEW”D SILIKONOWY WODNY 20X1000
20X40X70;USZCZELNIACZ 20X40X70
21037;KO—C”WKA DR•ØKA MERCEDES ACTROS
210689;"KO£PAK KO£A CHROM. 22,5"""
2111301;TULEJA ZAWIESZENIA PRZ”D
211608;CZUJNIK IMPULSOWY TACHO D£ 90MM 4 PINY
212646822;ZESTAW USZCZELEK G£OWICY G”RA MAN D0826
2126800110;UCHWYT NA KUBEK PODW”JNY
215/60R16;OPONA
215/65R15;OPONA 215/65R15
215054;TARCZA HAMULCOWA MERCEDES CITARO ST/TYP
215071;TARCZA HAMULCOWA MERCEDES 814 (324x30mm, 6 otworÛw)
21542;PODUSZKA STABLIZATORA
21544;TULEJA £•CZNIKA STABILIZATORA ACTROS
2159;CZUJNIK IMPULSOWY TACHO 4 WTYKI D£. KO—C 19,8
21856;DR•ØEK KIEROWNICZY
21880;ORING SPR ØARKI MAN
220307;DR•ØEK KIEROWNICZY POPRZECZNY MAN MA£Y
2204000001;FARTUCH B£OTNIKA 610X400 UNIWERSALNY-CHLAPACZ
221476;SYGNA£ DZWI KOWY ELEKTRYCZNO-PNEUM. 24V
222741;LAMPA OBRYSOWA Ø”£TA 116X46
22307;DR•ØEK KIEROWNICZY BOCZNY
224671;ZESTAW NAPRAWCZY ZACISKU HAMULCA MB 523
22474;NAKR TKA KO£A
225/75R16C;OPONA 225/75 R16C
225126;USZCZELKA KOLEKTORA WYDECHOWEGO MERCEDES OM401-7
22535;KO—C”WKA DR•ØKA NAKR CANA M30X1,5 SETRA 300
227MA00;B BEN HAMULCOWY MAN PRZ”D (ma≥y) 360X197
22905VO;PIERåCIE— 7,7/15/1,53 MAN
2290601009;KO£O DWUMASOWE+SPRZ G£O ZESTAW
22x1,5d≥500;PRZEW”D SPR ØARKI M22X1,5 D£-500
22X36X14,5 SKRZYNI BIEG”W;USZCZELNIACZ 22X36X14,5 SKRZYNI BIEG”W
230017;ZESTAW NAPRAWCZY ZWROTNICY MERCEDES O407/8
230037;ZESTAW NAPRAWCZY ZWROTNICY Q50/51 MAN
2305410001;AKUMULATOR 35AH
233350;GNIAZDO BEZPIECZNIKA P£YTKOWEGO
2339402180;ELEKTROMAGNES ROZRUSZNIKA CITARO / SOLARIS N/TYP
235/65R17;OPONA 235/65 R17 ZIMOWA
236539;WIRBNIK ROZRUSZNIKA R22
237630;KO—C”WKA DR•ØKA PRAWA WYGI TA STOØ.24 MAN
24012201611;TARCZA HAMULCOWA PRZ”D
2404289;PRZED£UØKA KLUCZA £AMANA
240923;ØABKA DO £ADOWANIA AKUMULATORA £AMANA
2415703032;KO£NIERZ MOCOWANIA POMPY WTRYSKOWEJ MERCEDES OM447 EDC Q-107
2430210082;ORING BOCZNY G£OWICY SILNIKA MERCEDES CITARO OM906
2447010004;ZESTAW NAPRAWCZY ZAWORK”W POMPKI PALIWA (grzybki)
2447010038;POMPA PALIWA R CZNA
245/70R19.5 DUNLOP;OPONA 245/70R19.5 DUNLOP
245277;KO£PAK KO£A
2460223001;ORING ROZRUSZNIKA
24761;USZCZELNIACZ PIASTY 145X175X15
24777;ZESTAW NAPRAWCZY ZWROTNICY MAN Q43X200
249688;DR•ØEK KIEROWNICZY MERCEDES O 303 D£ 658MM
24V 1,2W OPRAWA ZOLTA;ØAR”WKA 24V 1,2W Z OPRAWK• Ø”£TA (narva 17022)
24V 21W DIODOWA;ØAR”WKA 24V 21W DIODOWA
24V 21W POMARANCZOWA;ØAR”WKA 24V 21W POMARA—CZOWA
24V 21W ZOLTA;ØAR”WKA 24V 21W Ø”£TA
24V 5W CALOSZKLANA DIODOWA;ØAR”WKA 24V 5W CA£OSZKLANA DIODOWA
24V 1,2W DIODOWA;ØAR”WKA 24V 1,2W DIODOWA
24V 1,2W DIODA;ØAR”WKA 24V 1,2W DIODA LED
24V T2W;ØAR”WKA 24V T2W
252700;TULEJKA AMORTYZATORA (trzpieÒ)
253524;LUSTRO PANORAMICZNE PODGRZEWANE L/P
253525;WK£AD LUSTRAPANORAMICZNEGO PODGRZEWANY 200X200
2545;KO—C”WKA DR. KIEROWNICZEGO PRAWA (24 stoø)
2546;KO—C”WKA DR.KIEROWNICZEGO LEWA (24 stoø)
25602;KLOCKI FORD TRANSIT PRZ”D GDB1967
25603;KLOCKI FORD TRANSIT
2565;ZESTAW NAPRAWCZY ZWROTNICY 37.5X192 MAN
257657;ALTERNATOR MERCEDES CITARO NOWY
25801;£ACZNIK DR•ØKA STABILIZATORA
2580101;£•CZNIK STABILIZATORA MERCEDES SPRINTER
258501;PASTA DO WYDECHU 570g
2586301;KO—C”WKA DR•ØKA KIEROWNICZEGO
25X1000;PRZEW”D SILIKONOWY 25X1000
25X37X7;USZCZELNIACZ SKRZYNI 25X37X7
26189;ZESTAW NAPRAWCZY POMPKI SPRZ G£A MERCEDES O303 S/TYP
263528;WK£AD LUSTRA PODGRZEWANY 433X188
26449;TULEJA DR•ØKA REAKCYJNEGO
265056;LAMPA TY£ MERCEDES ACTROS
265119;£•CZNIK RURY WYDECHU 56X115
266488;£OØYSKO MOSTU AV132 105X160X43
26668700;ORING POKRYWY ZAWOR”W MAN D0836
26774;£•CZNIK STABILIZATORA
26774.;£•CZNIK STABILIZATORA
2677401;£•CZNIK STABILIZATORA
267SE00;B BEN HAMULCOWY SETRA TY£ 420X261
268678;LAMPA OBRYSOWA BIA£A 100X40 NA DACH DIODOWA
269203;TULEJA STABILIZATORA NEOPLAN(scania)
2702;POMPA SPRZ G£A MERCEDES
271647;ROLKA NAPINACZA
275/70R22,5;OPONA 275/70R22,5 GOODYEAR
275/70R22,5 DUNLOP;OPONA 275/70R22,5 DUNLOP
275/70R22,5 GT RADIAL;OPONA 275/70R22,5 GITI
277652;ROLKA NAPINACZA PASKA WIELOROWKOWEGO 70X35
277762;USZCZELKA KOLEKTORA WYDECHOWEGO MAN D0826
2809841031ZZ;SILNIK DMUCHAWY AURORA 24V 2-STOP
281259;ROLKI DO TACHOGRAFU CYFROWEGO
282362;LAMPA B£YSK.Ø”£TA 12/24V
283882;LAMPA OBRYSOWA Z”£TA 110X41 DIODA MB
284042;PODPORA WA£U
284080;PODPORA WA£U NAP DOWEGO
284734;USZCZELKA MISKI OLEJU MERCEDES OM366
2876;Silentblock stabilizatora (cukierek) 67X130X19
28892;SWORZE— WAHACZA
2894;TULEJA ZAWIESZENIA PRZ”D 64x45x60 SETRA
28X1000;PRZEW”D SILIKONOWY 28X1000
2901-02;LAMPA OBRYSOWA SETRA CZERWONA
29030;KLOCKI HAMULCOWE 29030
290364;LAMPA OBR.BIA£A 100x26 DIODA
29108;KLOCKI HAMULCOWE 29108
29153;KLOCKI HAMULCOWE
29202;KLOCKI HAMULCOWE
STR100102;PRZEGUB ZMIANY BIEG”W M10 L
295/80-22,5 DUNLOP;OPONA 295/80-22,5 DUNLOP
295/80R22,5;OPONA 295/80R22,5 GITI
295/80R22,5 DUNLOP;OPONA 295/80R22,5 DUNLOP
2953;KO—C”WKA DR.KIEROWNICZEGO LEWA (27 stoø)
2954;KO—C”WKA DR. KIEROWNICZEGO PRAWA (stoø 27)
295710;USZCZELNIACZ TRZONKA ZAWORU MAN D0826/36
2962;POMPA WODY OM402-447
296520;PODK£ADKA MIEDZIANA WTRYSKIWACZA
296660;PODK£ADKA MIEDZIANA WTRYSKU MAN D0826
296770;ZESTAW USZCZELEK G£OWICY D2866/76 N/TYP
29709;TULEJA WAHACZA PRZ”D
29747;KLOCKI HAMULCOWE 29747 LUCAS
298300;BEZPIECZNIK KOSTKA Z OTW. 300A/500A/125A
29835;KLOCKI HAMULCOWE DB 814
29916;TULEJA WAHACZA
2BA004119001;LAMPA KIERUNKOWSKAZU MERCEDES O405
2BA008805051;LAMPA KIERUNKOWSKAZU MAN N/TYP TY£ LIONS
2BM006692011;LAMPA KIERUNKOWSKAZU BOCZNEGO MERCEDES LEWA
2PF001647067;LAMPA OBRYSOWA G”RNA SETRA 300 PRZ”D BIA£A
2PF961167021;LAMPA OBRYSOWA BIA£A NA DACH
2SA008805007;LAMPA TY£ POZYCYJNA MAN N/TYP LIONS
2V20;ZESTAW NAPRAWCZY ZACISKU H-CA SETRA (os≥onki) 2V20
2X172050;PASEK KLINOWY
3002623510;USZCZELKA G£OWICY MERCEDES OM401-7
3004600605;DR•ØEK KIEROWNICZY MERCEDES O303 D£ 975MM
53008;ZESTAW NAPRAWCZY WA£KA ROZPIERACZA MAN (≥oø igie≥kowe)
300VFL10W40;OLEJ DO SILNIK”W 4T 10W40 4L
3012060113;PIASTA NAPINACZA PASK”W MERCEDES O404/405
3012401118;PODUSZKA SILNIKA
3015443194;ØAR”WKA 24V 1,2W BIA£A Z SREBRNYM ODBLASKIEM
3018300134;POKR T£O OGRZEWANIA
3018302285;W£•CZNIK ZAWORU OGRZEWANIA MERCEDES O405
30208;£OØYSKO SWORZNIA WAHACZA PRZ”D G”RNY MERCEDES CITARO
30214;£OØYSKO 30214
3043;PIERåCIE— WA£U KORBOWEGO POD USZCZELNIACZ úr100/105/24
3054230401;B BEN HAMULCOWY MERCEDES O405 TY£
3057230036;PROWADNICA DRZWI DOLNA (U) DB/MAN
306;£OØYSKO QJ 306
30665;£•CZNIK STABILIZATORA MERCEDES SPRINTER 06<
30666;£•CZNIK STABILIZATORA MERCEDES SPRINTER 06<
30814;TULEJKA £•CZNIKA STABILIZATORA
3097;PODUSZKA SILNIKA TY£ OKR•G£A MAN D0826
3097586;USZCZELKA SKRZYNI BIEG”W VOITH OKR•G£A METAL.
3102505210;USZCZELKA KOLEKTORA WODNEGO MAN
3102569410;USZCZELKA OBUDOWY KO£A ZAMACHOWEGO MAN D0826
31037;PODUSZKA SILNIKA NEOPLAN
31148;KO—C”WKA DR•ØKA MERCEDES SPRINTER
31312;£OØYSKO TIMKEN
3135;KO—C”WKA DR•ØKA KIEROWNICZEGO MERCEDES M24/18 STOØ 20 LEWA
4297CT;AMORTYZATOR UK£ADU KIEROWNICZEGO MB 737
3151000034;£OØYSKO SPRZ G£A MAN Q-60
3151000615;£OØYSKO SPRZ G£A SETRA S315
3151027102;£OØYSKO SPRZ G£A MERCEDES SACHS Q-57
3151027133;£OØYSKO SPRZ G£A SETRA
316103;USZCZELKA POMPY CIECZY CH£ODZ•CEJ DO836
31682;ZESTAW NAPRAWCZY POMPY WODY OM906 MERCEDES
3173331164;TULEJA DR•ØKA REAKCYJNEGO MERCEDES O303-405 (nom)
3178;KO£O 67 Z.
32010KYK;£OØYSKO 32010KYK
32010X;£OØYSKO 32010X
32019;£OØYSKO 32019
32021;£OØYSKO 32021 DPI
3205;£OØYSKO 3205 DWURZ DOWE
3213560173;ZABEZPIECZENIE NAKR TKI PIASTY TY£ MERCEDES
32243;PRZE£•CZNIK POD KIEROWNIC  åWIATE£ MAN 301
32312A;£OØYSKO PIASTY PRZ”D 32312
325155;USZCZELNIACZ WA£KA ROZRZ•DU VW
328286Q;£OØYSKO PIASTY PRZ”D MAN
330012;CZUJNIK IMPULSOWY TACHO 25MM 4 PINY OKR•G£E
330014;CZUJNIK IMPULSOWY TACHO 35MM
330127;GNIAZDO PR•DNICZKI TACHO 4/7 PINY OKR•G£E
33252450020;WSPORNIK PRAWY
33792405003;ZAWIAS PRAWY
3390750019;TRZPIE— KO—C”WKI SPRYSKIWACZA MERCEDES
3397004755;PI”RO WYCIERACZKI 330MM
3397011402;PI”RA WYCIERACZEK 650MM
34306102;LUSTRO ZEWN TRZNE CITARO STEROWANE
3482081231;DOCISK SPRZ G£A 430MM SETRA S315
3482124522;DOCISK SPRZ G£A 430MM MERCEDES O407/8
34X1203;PASEK KLINOWY 34X1203  KLIMATYZACJI NR.GATES 38X4740
3519AA1;"SI£OWNIK HAMULCOWY JEDNOKOMOROWY 24"""
3519JA1;"SI£OWNIK HAMULCOWY JEDNOKOMOROWY 20"""
35353311;DèWIGNIA ROZPIERAKA GIG 777
35503018154;TULEJKA CZUJNIKA ABS
355836;ZAW”R CIåNIENIOWY WEBESTO
3562680089;PRZEGUB DR•ØKA ZMIANY BIEG”W MERCEDES O404
3568600364;TRZPIE— SPRYSKIWACZY SETRA D£ 175MM
3572680050;TULEJKA PROWADZENIA DR•ØKA ZMIANY BIEG”W
3575420090;ZAåLEPKA KLAWISZY MERCEDES
3577500050;GNIAZDO PR•DNICZKI
3579970186;ZAåLEPKA ZDERZAKA PRZ”D MERCEDES
359104;SZK£O LAMPY TY£ SETRA 200
35X52X7;USZCZELNIACZ
3606922120010;NAROØNIK ZDERZAKA TY£ LEWY INTEGRO
36508030000;TARCZA HAMULCOWA TY£ MAN A23 N/TYP
3654485;ZESTAW NAPRAWCZY ZWROTNICY MAN
36779626008;ZAW”R OGRZEWANIA 2 WYJåCIA FI22 MAN
36779626009;ZAW”R OGRZEWANIA FI 28 2 WYJåCIA
37099;WK£•D PODUSZKI SILNIKA
24V R5W;ØAR”WKA 24V 5W R5W
3720600220;REGENERACJA ZAWORU ELEKTROMAGNETYCZNEGO DRZWI 3-CEWKI
3737550701;KASETA KALPY BOCZNEJ
37915019;TAåMA SAMOWULKANIZUJ•CA
379303;ELEMENTY LAMPY KIERUNKOWSKAZU
3818752;AMORTYZATOR MAN 308X489 MAN 737
3826116;AMORTYZATOR MB 737
3853547;SZK£O LUSTERKA
3853560015;PIERåCIE— åLIZGOWY PIASTY MERCEDES O350/404
3872612218;POKRYWA Z PROWADZENIEM £OØYSKA SPRZ G£A SKRZYNI BIEG”W
389080;ZESTAW USZCZELEK POKRYWY ZAWOR”W
3891;ZESTAW NAPRAWCZY
3900;ZESTAW USZCZELNIACZY PIASTY Z ABS
3900OP;ZESTAW USZCZELNIACZY PIASTY Z ABS
3912111;FILTR POWIETRZA MB 208
39135721;AMORTYZATOR NEO 297X467 NEO 737
3958;SZPILKA KO£A TY£ MERCEDES M22X1,5 D£ 89,5
397563;SPRZ G£O WEBASTO DUØE
3997;SZPILKA KO£A MERCEDES /MAN PRZ”D M22x1,5d≥ugoúÊ 80,5mm
3B0953123;OPRAWKA ØAR”WKI TY£ SETRA
3PK750;PASEK WIELOROWKOWY 3PK750
400434;PODUSZKA T£UMIKA MA£A M6
406287;CZUJNIK TEMPERATURY OGRZEWANIA
406425;Z£•CZKA CENTRALNEGO SMAROWANIA
4071321005;KO£O Z BATE SPR ØARKI
407660100;ELEMENT USZCZELNIACZ POMPY RZ DOWEJ WTRYSKOWEJ
408719;CZUJNIK TEMPERATURY WEBASTO
40X55X8;USZCZELNIACZ 40X55X8
40X58X8,8;USZCZELNIACZ SKRZYNI BIEG”W 40X58X8,8
410583D;TERMOSTAT MERCEDES 87/83/79*C
4110701;£OØYSKO MB417
4123520080;ZESTAW USZCZELEK KOMPRESORA WABCO
4130305285;USZCZELKA SKRZYNI BIEG”W TR”JK•T
4133000013;OPORNIK DMUCHAWY MERCEDES OKR•.
4139206733;WI•ZKA ELEKTRYCZNA SKRZYNI BIEG”W ZF 5HP500
4228100002;ZESTAW NAPRAWCZY SI£OWNIKA DRZWI Q-100 Z SZEROKIM ORINGIEM
4228120002;ZESTAW NAPRAWCZY SI£OWNIKA DRZWI WABCO CITARO
426487D;TERMOSTAT
4290980031;OBEJMA PRZEWODU TURBOSPR ØARKI
42X55X9;USZCZELNIACZ WA£KA ROZP.
4324100760;OSUSZACZ 1-KOMOROWY UNIWERSALNY KPL.
4325000200;FILTR PRZEWODOWY PENUMATYCZNY
43308;CZUJNIK TEMPERATURY W£•CZNIK WENTYLATORA N PRZEWODZIE DO WEBASTO 78/73 C (zielony)
4335435180BP;DèWIGNIA ROZPIERACZA HAMULCA SETRA
4341002210;ZAW”R PNEUMATYCZNY RED. CIåNIENIE MA£Y PRZEP£YW.
4342080290;ZAW”R 2 DROØNY (TR”JNIK)
43433030000;GUMA BOCZNA SETRA 200 SZEROKA
4390N1;MIECH PNEUMATYCZNY MERCEDES ACTROS
43X165X8,5/9,5;USZCZELNIACZ 43X165X8,5/9,5
4410140170;CZUJNIK PNEUMATYCZNY WZROSTU (w≥πcznik) 4 bar
4410320830;CZUJNIK ABS D£-2000 4410328140
4410322830;CZUJNIK ABS MAN TY£ LEWY
4410322960;CZUJNIK ABS MAN (MA£Y) LEWY
4410327270;CZUJNIK ABS 3000 MM PROSTY
4410329672;CZUJNIK ABS PRAWY/LEWY MAN 301
4410430021;CZUJNIK PNEUMATYCZNY CIåNIENIA CITARO 6 OBWODOWYCH
4410441010;CZUJNIK CIåNIENIA ABS M16X1,5MM MB 111
4410441020;CZUJNIK CIåNIENIA ZAWORU POZIOMUJ•CEGO MERCEDES CITARO
4410500080;ZAW”R POZIOMOWANIA E-CAS MERCEDES
4410500110;ZAW”R POZIOMOWANIA E-CAS MAN
4410500120;ZAW”R E-CAS MERCEDES CITARO
4410501230;ZAW”R POZIOMOWANIA E-CAS MAN (GWIAZDA)
4411997LR;LAMPA TY£ LT
44160;PIERåCIE— ZAB. TARCZY WYCISKOWO MAN 10
4420701333;ZESTAW PREZEWOD”W WTRYSKOWYCH MERCEDES OM442 V8 LEWY
4420701433;ZESTAW PREZEWOD”W WTRYSKOWYCH MERCEDES OM442 V8 PRAWY
442132840;ZESTAW USZCZELEK KOMPRESORA (p≥ytka zaworowa 3 zaw.wπski rozstaw)
4421800015;ZAW”R OLEJOWY OM447
445350;USZCZELKA OBUDOWY FILTRA OLEJU MERCEDES OM906
445650;USZCZELKA FILTRA OLEJU MERCEDES OM906
4460240120;STEROWNIK KLIMATYZACJI MAN
4460311206;OS£ONA METALOWA USZCZELNIACZA MOSTU TY£ MERCEDES CITARO
4460920030;CZUJNIK OGRZEWANIA W TUNELU MERCEDES CITARO / TEMPERATURY ZEWN TRZNEJ
4461900100;STEROWNIK DRZWI
4461901500;POTENCJOMETR DRZWI MERCEDES MA1562
44619015101;POTENCJOMETR DRZWI MERCEDES
4461901520;POTENCJOMETR DRZWI CITARO
4461950010;STEROWNIK OGRZEWANIA MERCEDES MIEJSKI
4465;AMORTYZATOR ATRAPY MAN KLAPA TY£
447020;ORING POMPY WTRYSKOWEJ JEDNOSEKCYJNEJ MERCEDES CITARO (ma≥y)
447030;ORING SPR ØARKI MERCEDES OM906
4470700236;ZESTAW PRZEWOD”W PALIWA WYSOKIEGO CIåNIENIA OM447
4471800220;PRZEW”D TURBINY  ZASILAJ•CY OLEJU METALOWY OM447
4471800522;PRZEW”D OLEJU METALOWY MERCEDES SP£YW TURBOSPR ØARKI
4474335144;PIERåCIE— ZABEZPIECZAJ•CY
4474375075;SWORZE— WAHACZA KR”TKI PRZ”D CITARO
4497560220;PRZEW”D ELEKTRYCZNY CZUJNIKA ZUØYCIA KLOCK”W 2200MM
4497560350;PRZEW”D ELEKTRYCZNY CZUJNIKA ZUØYCIA KLOCK”W 3500MM
449817;LAMPA TY£ SETRA 315 LEWA
449842;LAMPA TY£ SETRA 300 UL PRAWA
4570105672;MIARKA POZIOMU OLEJU MERCEDES CITARO OM457
4571800820;PRZEW”D OLEJOWY D41
4572000752;PRZEW”D WODNY SPREØARKI CITARO
4572001470;NAPINACZ PASKA PRAWY MERCEDES CITARO
4572002170;NAPINACZPASK”W DB
4572003170;NAPINACZ PASKA WIELOKLINOWEGO MERCEDES CITARO G£. PRAWY N/TYP
458780;USZCZELKA POKRYWY ZAWOR”W
45X67X8;USZCZELNIACZ 45X67X8
45X75X8;PIERåCIE— USZCZELNIANIA 45X75X8
4603310180;USZCZELKA MOSTU
460429;PRZEGUB KOLUMNY KIEROWNICZEJ MERCEDES
460466;CZUJNIK HAMULCA R CZNEGO MB 301
461277;POMPA SPRZ G£A MERCEDES O 407
461819;CZUJNIK WSTECZNEGO
4620120012;ZESTAW NAPRAWCZY SERWA WSPOMARANIA SPRZ G£A
462202;USZCZELKA G£OWICY MERCEDES OM457
46231;CZUJNIK ABS MAN 301 FEBI
462939;CZUJNIK CIåNIENIA OLEJU
46300000;TULEJA WAHACZA PRZ”D NEOPLAN 36x64x74
4640060027;ZAW”R POZIOMUJ•CY PODUSZEK
468800017300;BEZPIECZNIK MEGA 100-500A
470716;DYSZA PIECA OGRZEWANIA 0,65 80st
470724;DYSZA PIECA OGRZEWANIA 0,85 80st
4720174800;ZAW”R ELEKTROMAGNETYCZNY
4720174807;ZAW”R OTWIERANIA DRZWI WABCO
4720706390;ELEKTROZAW”R M16 MERCEDES
4721726000;ELEKTROZAW”R 24V
4726000220;ZAW”R OTWIERANIA DRZWI (3 cewki)
4728800010;ZAW”R ECAS WABCO
4728800610;ZAW”R ECAS WABCO 1 DUØA+1 MA£A CEWKA
4728800640;ZAW”R ELEKTROMAGNETYCZNY ECAS
4728800650;ZAW”R ECAS N/TYP
4729000500;REGENERACJA ZAWORU E-CAS DUØY
4729000560;ZAW”R E-CAS DUØY N/TYP MERCEDES
4750103010;ZAW”R OGRANICZJ•CY CIåNIENIE D£AWIK (VOSS)
4750150010;ZAW”R PNEUMATYCZNY OGRANICZAJ•CY CIåNIENIE
4757N1;MIECH PNEUMATYCZNY 4757N1
476050;USZCZELKA POKRYWY ZAWOR”W MB 212
47713250000;TULEJA STABILIZATORA TY£ SETRA (pÛ≥panewka)
4771477000;TULEJA £•CZNIKA STABILIZATORA TY£ SETRA 200/300
4800010040;ELEKTRONICZNY ZAW”R HAMULCA WABCO
4801050060;MODULATOR EBS
4802020040;ZAW”R EBS MERCEDES CITARO
4802050100;ZAW”R PRZEKAØNIKOWY WABCO
481500102;ELEKTROZAW”R OTWIERANIA DRZWI BOSCH
48X72X7;USZCZELNIACZ 48X72X7
4PK1538;PASEK WIELOROWKOWY 4PK1538
5002652400;ORING POMPY WTRYSKOWEJ DB
5002655900;USZCZELKA åRUBY POKRYWY ZAWOR”W
500364185;PODUSZKA SKRZYNI BIEG”W
50221C;KLOSZ LAMPY TY£ RVI
5028;ORING POMPY WTRYSKOWEJ MERCEDES V6/8
5033012;WYMIENNIK NAGRZEWINCY MA£Y O405
5035006500;ORING MOCOWANIA POMPY WTRYSKOWEJ MAN/DB Q-10X3
50903;USZCZELKA PRZEWODU WYDECHOWEGO TR”JK•TNA MERCEDES
510010W40;OLEJ DO SILNIK”W 4T
51018040008;ODMA SILNIKA MAN D0836
5102050001;GUMA MI DZY SPR ØYNY
51021150182;KO£O Z BATE WA£U KORBOWEGO MAN D0826
51041200007;KAPTUREK ZAWORU MAN
51045055061;KO£O POåREDNIE KOMPRESORA MAN 59Z
51054100056;ZAW”R OLEJOWY MAN D0826 STD
51069040039;USZCZELKA POMPY WODY MAN A23 D2066 POD RURE
51099010032;USZCZELKA TURBOSPR ØARKI MAN MA£A
511009510;POMPA SPRZ G£A
51103006047;ZESTAW PRZEWOD”W WTRYSKOWYCH MAN EURO 2
51103036107;ZESTAW PRZEWOD”W WYSOKIEGO CIåNIENIA MAN D0826
51103036181;ZESTAW PRZEWOD”W WTRYSKOWYCH MAN EURO 1
51137;TULEJA DR•ØKA REAKCYJNEGO 85X130X19 (cukierek) SETRA/INTEGRO
51254094001;PRZEW”D ZAP£ONU 1800 1-CYLINDER MAN
51254350025;KO—C”WKA PRZEWODU ZAP£ONOWEGO MAN CNG
51254350104;FAJKA PRZEWODU WYSOKIEGO NAPI CIA MAN
51261017241;ALTERNATOR MAN/SOLARIS
51261017283;ALTERNATOR MAN N/TYP MERCEDES 120A
5126105018;KO£O PASOWE ALTERNATORA MA£Y ALT. PASKI 10X2
51274210151;CZUJNIK TEMPERATURY MAN
51274210165;CZUJNIK TEMPERATURY W KOL. SS•CYM MAN (czar.koÒc)
51274210181;CZUJNIK PODCIåNIENIA EDC W KOL. SS•CYM (2 úr)
51274210190;CZUJNIK TEMPERATURY W KOL. SS•CYM NA BAJONET MAN
51378;ZESTAW NAPRAWCZY PEDA£U GAZU
5154114604;ZESTAW NAPRAWCZY SPR ØARKI
51917010289;TULEJKA NAPINACZA
51934100116;£OØYSKO POMPY WODU MAN A21
51958003001;ROLKA NAPINAJ•CA
51961010048;USZCZELKA MOCOWANIA KOMPRESORA MAN/MEå
51965010337;ORING USZCZELNIAJ•CY MAN
51966010577;USZCZELKA TURBOSPR ØARKI
51981010025;OCZKO PALIWA PRZELEWOWE åRODEK Q-6
51981820003;KR”CIEC POMPY WODY MAN A23
52292;ZESTAW TULEJEK AMORTYZATORA
5237016935;AMORTYZATOR DRGA— UK£ADU KIEROWNICZEGO MAN A21
5243;NAK£ADKA PEDA£U SPRZ G£A I HAMULCA MAN
527815;USZCZELNIACZ SILNIKA
52794;PODUSZKA SILNIKA/SKRZYNIA B. VOITH SOLARIS
528548B;£OØYSKO OPOROWE ZWROTNICY
528983;£OØYSKO 528983
530009030;ROZRZ•D KPL
53001254;WTYCZKA SKRZYNI BIEG”W VOITH 32 PINY
VKMA01278;ROZRZ•D KPL.
530020132;ROZRZ•D KPL.
530040530;ROZRZ•D KPL.(PASEK+ROLKA+POMPA CIECZY)
531071810;NAPINACZ PASKA
53171;£•CZNIK ELASTYCZNY WYDECHU Z KO£NIERZAMI
53258;TULEJA DR•ØKA REAKCYJNEGO 85X130X16,5 PRZECI TA
534565;£OØYSKO PIASTY SETRA MERCEDES 534565
535000510;KO£O PASOWE ALTERNATORA
535001210;KO£O PASOWE ALTERNATORA
535160;USZCZELKA WTRYSKIWACZA OM 906
53526301;KLESZCZE DO DZIURKOWANIA FORCH
53556605;WYCINARKA PNEUMATYCZNA ZESTAW (DO SZYB)
535600;USZCZELKA POKRYWY ROZRZ•DU
53597;£OØYSKO F-53597 KOMPRESORA
53671;PODUSZKA SILNIKA KWADRAT 1 SZPILKA SETRA
53888;ZESTAW NAPRAWCZY ZACISKU HAMULCOWEGO (prowadzenia)
53936;TULEJA WAHACZA PRZ”D MERCEDES G-KLASA
53X135;KRZYØAK WA£U 53X135
5402049227918P;LUSTERKO ZEWN TRZNE
5410110080;USZCZELKA POKRYWY SILNIKA PRZ”D MERCEDES
54194;ZESTAW TULEJEK WA£KA ROZPIERACZA MERCEDES/MAN MOSI ØNE
54229;£•CZNIK ELASTYCZNY RURY WYDECHOWEJ Q-80
54397;ZESTAW NAPRAWCZY W£AKA ROZPIERACZA
54399;ZESTAW SPR ØYN HAMULCOWYCH SETRA TY£
54402;ZESTAW NAPRAWCZY SIERØANTA SETRA 200 (úrodek)
546439;£OØYSKO 546439
54X70X12/8;USZCZELNIACZ SKRZYNI ZF 54X70X12/8
55111;ROLKA NAPINACZA PASKA MERCEDES 95X50
55112;ROLKA NAPINACZA MERCEDES
55123;SPR ØYNY SZCZ K HAMULCOWYCH MAN (ma≥y)
55141;ZESTAW NAPRAWCZY LAGI PRZ”D MAN (tuleja,sworzeÒ,nakr.)
55320;NAPINACZ PASKA WIELOROWKOWEGO
56370910;WK£AD FILTRA POMPY OLEJU VOITH
56453010;PRZEW”ND SKRZYNI BIEG”W VOITH KOLA/KOLA
564583;£OØYSKO 564583 NAPINACZA
565007 B17-99D;£OØYSKO ALTERNATORA 565007  B17-99D 17X52X17
565592 20x42x30;£OØYSKO 565592 FAG (20x42x30)NAPINACZA
567809;PI”RO WYCIERACZKI 400MM
567885;PI”RO WYCIERACZKI VALEO 650MM
5839771056;PRZEW”D OLEJOWY SKRZYNI BIEG”W NEOPLAN
59325510;FILTR OLEJU SKRZYNI BIEG”W VOITH
59335510;FILTR SKRZYNI BIEG”W VOITH DIWA5
594407;USZCZELKA POKRYWY ZAWOR”W
5W40;OLEJ SILNIKOWY TOTAL 5W40
6001 ZZ;£OØYSKO 6001 ZZ
6003510125;STRZEMI  RESORU MERCEDES O405
6005;£OØYSKO 6005
601002018410P;KLAMKA DRZWI PRZESUWNYCH
601003025410P;KLAMKA DRZWI
6015;ZESTAW NAPRAWCZY ZWROTNICY Q50 ZE SMAROWANIEM
6029201058;WTYCZKA SKRZYNI BIEG”W ZF 19 POLOWA
6033AD0086;PRZEKAèNIK ROZRUSZNIKA MERCEDES CITARO Z KABLAMI
60500197;PIERåCIE— WA£U KORBOWEGO POD USZCZELNIACZ 115X120X21
6069930510;SPR ØYNA NAPINACZA PASKA OM601
60X200X250;KOLANKO SILIKONOWE 60X250X250
60X78X10;USZCZELNIACZ SKRZYNI BIEG”W VOITH
60X80X8;USZCZELNIACZ 60X80X8
60X85X10;USZCZELNIACZ 60X85X10
612641;USZCZELKA POKRYWY ROZRZ•DU MAN D0836
6161;P£YN DO WSPOMAGANIA UK£. KIEROWNICZEGO VW.(febi) 1L
6162;OLEJ ATF MINERALNY 1L
6201ZZ;£OØYSKO 6201ZZ
6202500214;ZESTAW NAPRAWCZY WIDE£EK SPRZ G£A MB 1214-3328
6207;£OØYSKO 6207
6208;£OØYSKO 6208ZZ
62132;£OØYSKO MAN 62132
62204;£OØYSKO 62204
62305;£OØYSKO 62305
62306;£OØYSKO 62306
627 ZZ;£OØYSKO 627 ZZ
6273300103;DR•ØEK KIEROWNICZY POPRZECZNY. D£ 380 NAKR. M24 SETRA 300
6273300203;DR•ØEK KIEROWNICZY SETRA 300 OD KO£A DO åR. W•SA Z REGUL. D£-680MM
6273300303;DR•ØEK KIEROWNICZY POPRZ. åRODKOWY SETRA 300 D£-480
6275000049;ZBIORNIK WYR”WNAWCZY SETRA S315
6277111534;MOCOWANIE SZYBY SETRA
6279970193;PASEK NAP DU OTWIERANIA DRZWI CITARO 3,2M
6283220050;TULEJA STABILIZATORA CITARO SETRA PRZ”D/ INTEGRO TY£ (pÛ≥panewki) 45MM
6283230065;STABILIZATOR MERCEDES CITARO PRZ”D
6283300103;DR•ØEK KIEROWNICZY POPRZECZNY MERCEDES CITARO
6283300407;SILENTBLOCK DR•ØKA REAKCYJNEGO 78X130 OTW”R FI19
6283300807;TULEJA WAHACZA G”RNEGO PRZ”D MERCEDES CITARO/SOLARIS MA£Y (cukierek) fi 75
6283320174;SWORZE— WAHACZA PRZ”D G”RNY MERCEDES CITARO
6284208334;PRZEW”D SPR ØARKI M22X1,5 D£ 1000
6284209735;PRZEW”D SPR ØARKIMERCEDES CITARO (sprÍøarka-ch≥odniczka)
6284601205;DR•ØEK KIEROWNICZY CITARO WZD£.ZWROT/ W•S D£. 928MM
6284602005;DR•ØEK KIEROWNICZY CITARO åRODKOWY 566mm
6285000502;CH£ODNICA WODY MERCEDES CITARO O530 Z RAMA
6285013182;KOLANKO GUMOWE MERCEDES CITARO (skoúne)
6286;KOREK WLEWU PALIWA 80 Z KLUCZYKIEM METAL.
6287640085;TULEJKA Z BATA PROWADZENIA £A—CUCHA DRZWI MERCEDES CITARO
6288850625;NAROØNIK PRZ”D MERCEDES CITARO PRAWY
6289410014;"MOCOWANIE TAPICERKI FOTELA ""U"""
6289921301;TULEJKA SWORZNIA WAHACZA PRZ”D G”RNY MERCEDES CITARO
6293340015;PODK£ADKA SWORZNIA WAHACZA MERCEDES CITARO
6299590464;SPINKA MOCOWANIA SIEDZISKA MERCEDES (CHOINKA)
6301;£OØYSKO 6301
6305;£OØYSKO 6305
6306;£OØYSKO 6306
63482E;STEROWNIK OGRZEWANIA WEBASTO DW350 CZARNY WEW.
638901;USZCZELKA POKRYWY ZAWOR”W MAN D0826
6392610082;OS£ONA LEWARKA ZMIANY BIEG”W
63X68X2,5;USZCZELNIACZ 63X68X2,5
6403141E;SILNIK NAGRZEWNICY AURORA TEDDY200 SOLARIS
64079912;CZUJNIK TEMPERATURY SKRZYNI VOITH DIWA 5
64079912/11;CZUJNIK TEMPERATURY SKRZYNI/RETARDERA VOITH DIVA5
6553300419;ZESTAW NAPRAWCZY ZWROTNICY NA Oå 50X222,5 MB602 CITARO
6571;KOREK CH£ODNICY
65895800;OLEJ DO CI CIA/WIERCENIA 500ML
66386500;KLEJ SZCZELIWO CZAR/BIA/SZAR 310ML
66793A;PRZEW”D PALIWA WEBASTO
670102;PI”RO WYCIERACZKI 350MM
671019;PI”RO WYCIERACZKI 475MM KAGER
671021;PI”RO WYCIERACZKI 525MM KAGER
68191580;OS£ONA CYLINDERKA HAMULCOWEGO MERCEDES
68326721;CZUJNIK KLOCK”W HAMULCOWYCH MAN MERITOR (czarny)
68900;PODUSZKA T£UMIKA SCANIA
6DPK1195;PASEK WIELOROWKOWY
6PK1030;PASEK WIELOROWKOWY 6PK1030
6PK1070;PASEK WIELOKLINOWY 6PK1070
6PK1345;PASEK WIELOKLINOWY 6PK1345
6PK1413;PASEK WIELOKLINOWY
6PK1660;PASEK WIELOKLINOWY
6PK1715;PASEK WIELOKLINOWY 6PK1715
6PK1880;PASEK WIELOKLINOWY 6PK1880
6PK2050;PASEK WIELOKLINOWY 6PK2050
6PK2550;PASEK WIELORWKOWY 6PK2550
6X16X7;USZCZELNIACZ 6X16X5
70031C;KLOSZ LAMPY TY£ MERCEDES 7 SEGM.
70365120;LAMPA KIERUNKOWSKAZU NEOPLAN TY£
70468107;PRZYCISK ROZRUCHU (start)
70481174;PRZE£•CZNIK POD KIEROWNICE MERCEDES 303
70481181;PRZE£•CZNIK POD KIEROWNICE MAN/MERCEDES SKOåNY
70481183;PRZE£•CZNIK POD KIEROWNIC  MERCEDES O405/408 PROSTY
70481193;PRZE£•CZNIK POD KIEROWNICE SETRA (okrπg≥y)
70595077;STACYJKA ZAP£ONU SETRA
70706;RAMI  ROZPIERACZA MERCEDES O303
70771;RAMI  ROZPIERACZA MERCEDES 303 TY£ PRAWE
70772;RAMI  ROZPIERACZA MERCEDES 303 TY£ LEWE
70775;RAMI  ROZPIERACZA MERCEDES O303
70X81.5X6 PIASTY W £OØYSKU;USZCZELNIACZ 70X81.5X6 PIASTY W £OØYSKU
710301060162;REFLEKTOR PRZ”D MERCEDES O405-408 PRAWY
711305620468;SZK£O REFLEKTORA MAN
71184;PODSTAWA REFLEKTORA
713561/6STD;PANEWKI KORBOWE MAN D25,,/28,,  MERCEDES OM447
713613710;USZCZELKA KOLEKTORA WYDECHOWEGO MAN DO836
713678650;ZESTAW £OØYSK KO£A
713800010;ZESTAW £OØYSK KO£A VW TY£
714138900;USZCZELKA MISKI OLEJU METALOWA MERCEDES OM457
718110/149;£OØYSKO 718110/149
72015B;ZESTAW NAPRAWCZY POMPY OBIEGOWEJ
72030A;POMPKA PALIWA WEBASTO TH300
72059;RAMI  ROZPIERACZA MAN/MERCEDES PRZ”D
72177;RAMI  ROZPIERACZA NEOPLAN PRZ”D
72204;RAMI  ROZPIERACZA NEOPLAN LEWE
72208;RAMIE ROZPIERACZA MAN
72211;RAMI  ROZPIERACZA DB/NEOPLAN LEWE
72212;RAMI  ROZPIERACZA DB/NEOPLAN 72212 PRAWE
72226;RAMIE ROZPIERACZA MAN PRZ”D
72508;RAMI  ROZPIERACZA MAN TURYSTYCZNY PRAWE
72509;RAMI  ROZPIERACZA MAN TURYSTYCZNY LEWE
7257002030;PI”RA WYCIERACZEK 900 MOC. DOLNE NA åRUB 
7257002070;PI”RA WYCIERACZEK 1000MM MOC. D”£
72591;RAMI  ROZPIERACZA SETRA 300 PRAWA
72592;RAMI  ROZPIERACZA SETRA 300 LEWA
728303600;POMPKA PALIWA ELEKTRYCZNA
728819;PI”RO WYCIERACZKI 1000MM UNIWER. MOCOW.
728869;PI”RO WYCIERACZKI 1000 MM MICHELINI/SWF
72957000;RESOR MAN Z
733N;MIECH PENUMATYCZNY 733N (100/130)
736000;USZCZELKA KOLAEKTORA WODNEGO D0836
75296;USZCZELKA CH£ODNICY OLEJU MA£A
756769;USZCZELKA OBUDOWY ROZRZ•DU MERCEDES OM441-7 MA£A
756882;USZCZELKA POMPY WODY MERCEDES OM447
75W140 1L;OLEJ PRZEK£ADNIOWY 75W140 1L
75W905L;OLEJ PRZEK£ADNIOWY 75W90 5L
75X100X10;USZCZELNIACZ 75X100X10
75X95X10 VOITH;USZCZELNIACZ SKRZYNI TY£ VOITH 75X95X10
762940;USZCZELKA KOLEKTORA WYDECHOWEGO MAN D2876
765734;USZCZELKA CH£ODNICY OLEJU MERCEDES
768970;USZCZELKA TERMOSTATU
77311450050;TRZPIE— SPRYSKIWACZY SETRA MERCEDES D£. 165MM
77589600;PANEWKI KORBOWE MAN D0826 STD
77589610;PANEWKI KORBOWE MAN D0826 0,25
778044;USZCZELKA UK£ADU WYDECHOWEGO
780154;ORING POMPY WTRYSKOWEJ DOLNY
786W;MIECH PNEUMATYCZNY 786W Q 100
788N;MIECH PNEUMATYCZNY 788N 100/130MM
78X104X11;USZCZELNIACZ WA£U KORBOWEGO PRZ”D MERCEDES CITARO
78X130X90;£OØYSKO COMPACT PIASTY TY£ 78X130X90 MAN 748
79040;RAMI  ROZPIERACZA SETRA S300 PRAWE
79041;RAMI  ROZPIERACZA SETRA S300 LEWE
79212;RAMI  ROZPIERACZA MAN PRZ”D
79219;RAMI  ROZPIERACZA MAN LEWE
79219TR;RAMI  ROZPIERACZA MAN
79220;RAMI  ROZPIERACZA MAN PRAWE
79225;RAMI  ROZPIERACZA MAN PRAWE
79228;RAMI  ROZPIERACZA MAN TY£ PRAWA
79229;RAMI  ROZPIERACZA MAN TY£ LEWA
7PK2875;PASEK WIELOKLINOWY 7PK2875 TRANSIT
800015510000;PIERåCIENIE T£OKA MAN D2866
80011;RAMI  ROZPIERACZA MERCEDES
8002185750;USZCZELKA PROWADNICY ZAWORU
803054;£OZYSKO AMORTYZATORA
805937;£OØYSKO 805937
8075;POMPA WODY MERCEDES OM366
80X100X10 SKRZYNIA WYJåCIE;USZCZELNIACZ 80X100X10 SKRZYNIA WYJåCIE
80X135/154x12mm;USZCZELNIACZ MOSTU 80x135/154x12mm
80X90X16,80;USZCZELNIACZ SKRZYNI BIEG”W 80X9X16,80
81064010038;TERMOSTAT MAN Z OBUDOW•
81066606061;ZESTAW NAPRAWCZY POMPY WENTYLATORA MA4797
81251400121;WSPORNIK REFLEKTORA MAN A21
81252606093;LAMPA TY£ OKR•G£A SKOåNA G”RNA MAN CZERWONA
812544;ZESTAW USZCZELEK G£OWICY MERCEDES (gÛra) OM401-447
81255056340;WY£•CZNIK åWIATE£ 2 PO£.
81255066120;OD£•CZNIK AKUMULATORA MAN
81255090123;PRZE£•CZNIK POD KIEROWNICE MAN A21
81255140035;CZUJNIK CIåNIENIA W UK£ADZIE HAMULCOWYM
81255200167;CZUJNIK åWIATE£ STOP PNEUMATYCZNY MAN N/TYP
81259356882;REGULATOR OBROT”W AURORA
81264830011;TR”JNIK SPRYSKIWACZA SZYB MAN/ SOLARIS
81264836000;TRZPIE— SPRYSKIWACZA MAN D£ 9,5CM
8127421;CZUJNIK TEMPERATURY P£YNU CH£ODNICZEGO
81274210164;CZUJNIK W£. WENTYLATORA MAN GW,M14
81274210181;CZUJNIK POZIOMU P£YNU CH£ODNICY MAN
81274210209;CZUJNIK TEMPERATURY POWIETRZA (2 åRUBY) MAN
81391266009;KRZYØAK WA£U 42X104,5
81413120093;"STRZEMI  RESORU TY£ MAN ""Z"""
81432206189;DR•ØEK REAKCYJNY TY£ L-614MM MAN 2020
81432206190;DR•ØEK REAKCYJNY MAN TGA-X/MAN N/TYP
81432410015;SWORZE— LAGI REAKCYJNEJ S/TYP PRZ”D MERCEDES/MAN M30
81437016761;POKRYWA SKRZYNI BIEG”W
81437016940;AMORTYZATOR 30X51 MAN A01
81437040076;TULEJA STABILIZATORA MAN P”£PANEWKA WEW. Q50
81437220047;TULEJKA MET-GUM LAGI PRZ”D MAN
81437220059;TULEJA STABILIZATORA MAN 16X50MM
81466116045;"DR•ØEK KIEROWNICZY MAN D£-620 ""Z"""
81466116085;DR•ØEK KIEROWNICZY POD£. MAN 2X GI TY
81467116715;DR•ØEK KIEROWNICZY MAN POPRZ. KO—. PODGI TE DUØY STOØEK
81501015136;OS£ONA B BNA HAMULCOWEGO MAN KOMPLET
81501015138;OS£ONA B BNA MAN TGA/TGM TY£
81501100237;B BEN MAN 360X247 M2000
81503010226;WA£EK ROZPIERACZA PRZ”D MAN PRAWY
81508030021;TARCZA HAMULCOWA TY£ MAN A23
81508030023;TARCZA HAMULCOWA MAN N/TYP A23 PRZ”D
81508030027;TARCZA HAMULCOWA MAN Q377X45
81521066014;ZAW”R EBS KNORR
81521200026;ZAW”R ZWROTNY P£YNU CH£ODNICY MAN
81541050026;CYLINDER SPR ØARKI MAN Q-88
81637330110;WK£AD LUSTRA MAN A23 PRAWY OWALNY
81637336024;WK£AD LUSTERKA MAN
81749400056;ROLKA PROWADZENIA DRZWI G”RNA MAN
81792016052;SPOILER DOLNY MAN A21 PRAWY
81792016053;SPOILER DOLNY MAN A21 LEWY
818IW105;LAMPA OBRYSOWA BIA£O/CZERWONA £EZKA DIDOWA
81906200092;NAKR TKA KORONKO PIASTY MAN TY£ M100X1,5
81953016255;KO—C”WKA DR•ØKA KIEROWNICZEGO MAN/MERCEDES WYGI TA (kosa)
81953016341;SWORZE— KULISTY OBROTNICY N/TYP MAN
81953020043;PRZEGUB WIDE£EK SPRZ G£A MAN
81962100034;PODUSZKA SILNIKA PRZ”D MAN/MERCEDES (kwadrat)
81962100293;PODUSZKA SILNIKA
81962100405;PODUSZKA SILNIKA MAN
81962100406;PODUSZKA ZAWIESZENIA SILNIKA MAN A21 Z BLACHAMI Z OTW. CENTR.
81962100439;PODUSZKA SILNIKA TY£ MAN D0826
81962100440;PODUSZKA SILNIKA PRAWA MAN D0826
81962100441;PODUSZKA SILNIKA LEWA MAN D0826
81962100471;PODUSZKA MOCOWANIA WENTYLATORA MA1414
8196210051;TULEJA STABILIZATORA TY£ CUKIEREK MAN Q-48X101X21
81962100511;TULEJA STABILIZATORA MAN M2000
81962100544;PODUSZKA SILNIKA TY£ MAN A23 (okr./ podst. prosto.)
81971166052;ZAMEK KLAPY TY£ MERCEDER, SETRA MAN/DB
81976100224;SPR ØYNY SZCZ K HAMULCOWYCH MA£Y MAN
81978702039;SZYLD LEW
8226147000;DR•ØEK KIEROWNICZY SETRA
8226328000;DR•ØEK POPRZECZNY SETRA 300 L=680MM KO—C”WKA NAKR CANA
82263500810;KO—C”WKA DR•ØKA SETRA NAKR CANA DUØY STOØEK
825751;ORING POMPY WTRYSKOWEJ MAN 140X4
827541;ORINGI TULEI CYLINDRA DB
827568;ORINGI TULEI CYLINDROWEJ DB (z podk≥adkπ mosiÍønπ)
82823C;OGRANICZNIK TEMPERATURY WEBASTO
82971B;WI•ZKA ELEKTRYCZNA WEBASTO DO CZUJNIK”W
829803;USZCZELKA POKRYWY ZAWOR”W MAN D2866
83219995960;PROWADNICA DR•ØKA ZMIANY BIEG”W SETRA S215/315 (úlizg)
83219996280;CZUJNIK åWIATE£ COFANIA SETRA
835634;USZCZELKA POKRYWY ZAWOR”W MAN D0826
835641;ZESTAW USZCZELEK G£OWICY D0826
84414608640;SILNIK DMUCHAWY BEZSZCZOTKOWY SETRA OKR•G£Y MA£Y (na wozie)
844320;USZCZELKA KOLEKTRORA SS•CEGO MERCEDES OM457
85X105X12;USZCZELNIACZ 85X105X12
860818;ROZRUSZNIK
8658;CZUJNIK TEMPERATURY WODY MERCEDES
86880872200;WK£AD LUSTRA CITARO/SETRA 315 UL LEWY
86880902140;OS£ONA LUSTERKA LEWa SETRA 315 UL
86880910000;LUSTRO LEWE SETRA S315UL MA£E
8752;USZCZELNIACZ TRZONKA ZAWORU DB
8753;ZAW”R ZWROTNY PALIWA (úruba z nakr)
8758;NAPINACZ PASKA (SRUBE) MERCEDES
88252256033;LAMPA TY£ STOP/POZ N/TYP LIONS
88259020013;PRZEKAØNIK MAN (wzmacniacz)
884400;WENTYLATOR THERMO 230/300/350 206.41B
88637306053;LUSTRO KPL. MANUALNE SOLARIS MAN A21
8864;ZESTAW USZCZELNIACZY PIASTY TY£ 145X175X13
88732035007;NAROØNIK TY£ LEWY MAN LIONS
88732035008;NAROØNIK TY£ PRAWY MAN LIONS
88792015020;SPOILER PRZEDNI PRAWY LIONS
89406800;REFLEKTOR PRZEDNI MB AXOR P MB 33
8946011322;PRZEW”D MODULATORA ABS
8946011612;CZUJNIK 4 PINY PRZED£UØKA
895319;USZCZELKA MISY OLEJOWEJ
895378;USZCZELKA POMPY WODY MAN D0826
8959;ZESTAW USZCZELNIE—
896365;USZCZELKA KOLEKTORA SS•CEGO MERCEDES OM401-7
8971;OLEJ ATF MOTUL 1L
8PD006542001;GLIKOMAT DO MIERZENIA P£YNU CH£ODNICY
8PK1202;PASEK WIELOROWKOWY 8PK1202
8PK1625;PASEK WIELOKLINOWY 8PK1625
8PK1630;PASEK WIELOROWKOWY 8PK1630
8PK1700;PASEK WIELOROWKOWY 8PK1700
8PK1825;PASEK WIELOKLINOWY 8PK1825
8PK1840;PASEK WIELOKLINOWY 8PK1840
8PK1940;PASEK WIELOKLINOWY 8PK1940
8PK2050;PASEK WIELOROWKOWY
8RA003660007;ODBLASK CZERWONY TY£ MAN/MERCEDES
900085;ZESTAW OS£ON AMORTYZATORA
90126512;CZUJNIK INDUKCYJNY SKRZYNI BIEG”W VOITH
9012660295;WSPORNIK METALOWY
9060100966;MIARKA OLEJU MERCEDES CITARO
9060170860;TULEJKA USZCZELNIAJ•CA WTRYSKIWACZA MERCEDES CITARO OM906/457
9060903776;PRZEW”D PALIWOWY
9061551715;KO£O PASOWE ALTERNATORA 8PK
9062001270;NAPINACZ PASKA WIELOKLINOWEGO MERCEDES CITARO (sztywny)
9062002070;NAPINACZ PASKA WIELOKLINOWEGO MERCEDES CITARO
9062006101;POMPA WODY MERCEDES OM 906 (2 term.)
90675;WI•ØKA ELEKTRYCZNA OGRZEWANIA WEBASTO
90X110X10;USZCZELNIACZ 90X110X10
90X125X12;USZCZELNIACZ 90X125X12 SKRZYNI BIEG”W TY£
91000404S;NAKR TKA MOCOWANIA resoru
9129;ZESTAW USZCZELEK SPR ØARKI DB
913962;USZCZELKA KOLEKTORA SS•CEGO
919148;OS£ONA SZCZ K SETRA
9197;POMPA WODY MERCEDES
92089;PROWADNICA ZAWORU MERCEDES SS•/WYD
9324000020;OSUSZACZ 1-KOMOROWY MERCEDES CITARO
93825736Z;£OØYSKO WSPORNIKA DR•ØK”W KIEROWNICZYCH MAN
940038514010;MODU£ ZAP£ONOWY MAN GAZOWY
940113020358;BENDIKS ROZRUSZNIKA
9425420217;CZUJNIK POZIOMU P£YNU CH£ODNICY MERCEDES CITARO
9434210312;TARCZA HAMULCOWA MERCEDES CITARO P/T N/TYP
946N;MIECH PNEUMATYCZNY MERCEDES CITARO 946N
95X120X12;USZCZELNIACZ 95X120X12
9612;CZUJNIK CIåNIENIA OLEJU M18X1,5 DB/SETRA 2 úrubki
9617222750;ZAW”R HAMULCA R CZNEGO (rπczka) MERCEDES O303
9700511110;SI£OWNIK SPRZ G£A SETRA/MERCEDES Q-75MM
9700511760;SI£OWNIK SPRZ G£A SETRA Q-ZEW 115MM
9700519162;ZESTAW NAPRAWCZY SI£OWNIKA SPRZ G£A MERCEDES O404
9730020070;ZAW”R PNEUMATYCZNY EUROPA
9730025207;ZAW”R STERUJ•CY EUROPA
9730110010;ZAW”R PRZEKAèNIKOWY Z£•CZA VOSS WABCO
9735000000;ZAW”R SZYBKIEGO ODHAMOWANIA WABCO
977438;USZCZELKA POKRYWY ZAWOR”W MERCEDES/MAN  METAL.
97770;USZCZELKA CH£ODNICY OLEJU MERCEDES CITARO OM457
990062;P£YN DO CH£ODNIC G12 5L
W521;PASTA DO MYCIA R•K 500ML
991019;PASTA DO MYCIA R•K 10L EILFIX
9EL115830001;SZK£O LAMPY KIERUNKOWSKAZU SETRA 200/300 BOCZNA
9PK2100;PASEK WIELOKLINOWY 9PK2100 MERCEDES CITARO 03
9PK2580;PASEK WIELOROWKOWY 9PK2580
9PK2835;PASEK WIELOROWKOWY 9PK2835
A0025425318;CZUJNIK TEMPERATURY
A3173331164;TULEJA MERCEDES
A6299750055;NAK£ADKA UCHWYTU LEWA - SZARA
A6299750155;NAK£ADKA UCHWYTU PRAWA - SZARA 7E87
A6299750156;UCHWYT PRAWY
AA10107;SI£OWNIK HAMULCOWY 12/16 WKR CANY
ABANPRS115125B;OBEJMA MOCOWANIA PRZEWOD”W UNIWERSALNA
ACCU-150/3M EM;AKUMULATOREK WYåWIETLACZA
AD270280;LINKA HAMULCA R CZNEGO
AE4609;ZAW”R CZTEROOBWODOWY MAN 5XM22 VOSS
AKC001;POMPKA SPRYSKIWACZA 24V UNIWERSALNA
AKC002;PLAK 750 ML
AKC004;SMAROWNICZKA M10 PROSTA/K•T.
AKC005;SZYBKOZ£•CZE WARSZTATOWE
AKC015;BEZPIECZNIK P£YTKOWY UNIWERSALNY (7,5A-25A)
AKC016;KO—C”WKA ELEK. KONEKTOR M SKI/ØE—SKI
AKC017;KO—C”WKA ELEK. OCZKOWA
AKC017.;KO—C”WKA ELEKT. OCZKOWA T£OCZ.
AKC020;KOSTKA ØAR”WKI H4 (3 styki)
AKC024;KOLANKO GUMOWE WODNE R”ØNE
AKC029;PIERåCIE— USZCZELNIAJ•CY (blasz.gumka) M18
AKC030;KOLANKO METALOWE R”ØNE
AKC033;Z£•CZKA GUMOWA 50/55 D£-105
AKC034;PRZEW”D WODNY Q-35
AKC040;HALOGEN P.MGIELNY MA£Y
AKC041;LAMPA TY£ (czerw/bia≥a/pomar.) SETRA
AKC052;TAåMA IZOLACYJNA 10M CZERWONA
AKC054;KOSZULKA TERMOKURCZLIWA
AKC055;OBUDOWA KO—C”WEK ELEKTRYCZNYCH (1,2,3 KROTNA)
AKC056;Z£•CZKA PRZEWODU TEKALANU 16/M22
AKC057;PRZEW”D SMAROWNICY L-300
AKC059;PRZEW”D ELEKTRYCZNY 2-ØY£
AKC060;PRZEW”D ELEKTRYCZNY 3-ØY£OWY
AKC062;KONCENTRAT DO CH£ODNICY G12 R”ØOWY (-80) 200L BECZKA
AKC064;PRZEW”D OLEJOODPORNY Q-18
AKC067;PRZEW”D POWIETRZA Q-70/80/90/100 X 1000
AKC074;ODRDZEWIACZ SZYBKI 400ML LIQUI MOLY
AKC079;PRZEW”D MASOWY 70mm2
AKC080;PREPARAT DO åRUB
AKC086;OLEJ PRZEK£ADNIOWY ATF II D 20L
AKC091;SYGNA£ DèWI KOWY 24V/12V
AKC101;PRZEW”D WODNY Q-35
AKC102;TR”JNIK METALOWY R”ØNY
AKC107;PRZETWORNICA NAPI CIA 24/12 45A
AKC112;KO—C”WKA SMAROWNICY
AKC114;AKUMULATOR 74AH/750A MAXGEAR
AKC124;PRZEW”D SPR ØARKI M26X1,5 GW ZEW D£-500
AKC125;RAMI  ROZPIERACZA SETRA TY£ PRAWE/LEWE 919011
AKC128;PRZEW”D INTERCULERA Q-50X350MM
AKC130;PRZEW”D INTERCOLERA Q-65X180MM
AKC134;PRZEW”D PRZELEWOWY PALIWA OCZKA Q6 MIEDZIANY
AKC135;PRZEW”D SILIKONOWY ZW ØKA 50/60
AKC142;ODSTOJNIK PALIWA KPL.
AKC144;FILTR ODSTOJNIKA POMPKI PALIWA
AKC146;PRZEW”D WODNY Q-25
AKC148;KLINGIERIT ZBROJONY 1,5M
AKC160;PRZEW”D POWIETRZA Q-75 3500MM
AKC162;SILIKON SILNIKOWY FORCH
AKC164;PRZEW”D OLEJOODPORNY Q-100
AKC166;PRZEW”D PAPIEROWY NADMUCHU Q-70X1000
AKC167;PRZEW”D PAPIEROWY NADMUCHU Q-60X2000
AKC168;PASTA MIEDZIANA
AKC173;MOCOWANIE FIRANKI PODW”JNE
AKC174;MOCOWANIE FIRANKI POJEDY—CZE
AKC175;PRZEW”D MIEDZIANY Q-10
AKC176;KO—C”WKA POMPOWANIA K”£
AKC177;AKRA P£YN DO MYCIA SILNIK”W 5L
AKC180;OLEJ ORLEN ATF III 205L
AKC181;PRZEW”D ELEKTRYCZNY 7-ØY£OWY
AKC185;PRZEW”D PAPIEROWY NADMUCHU Q-80X1000
AKC188;KLINGERYT 0,5/0,8
AKC190;KO—C”WKA LINKI MOCOWANIA £ADUNKU
AKC199;OBUDOWA 2-KROTNA ELEKTRYCZNA SZCZELNA IZOLOWANA
AKC200;SORBENT åRODEK DO WI•ZANIA OLEJU
AKC203;BEZPIECZNIK 30/40/50A PLAS. OBUDOWA FORD
AKC205;GUMA WSPORNIKA ZBIORNIKA PALIWA
AKC206;REGENERACJA ALTERNATORA
AKC207;SPR ØYNA GAZU Q12X140
AKC208;OBUDOWA 4-KROTNA ELEKTRYCZNA
AKC210;PRZEW”D WODNY Q-60
25X1000W;PRZEW”D SILIKONOWY WODNY 25X1000
AKC222;BEZPIECZNIK 150A DO WINDY Z OTWOREM
AKC228;BIT
AKC230;SMAROWNICZKA M6 PROSTA/K•T.
AKC231;SILIKON CIåNIENIOWY ZWYK£Y 250G
AKC236;KOSZULKA TERMO KURCZLIWA 16/4 1,2M
AKUMULATOR 100 AH;AKUMULATOR 100 AH
AKUMULATOR 140 AH;AKUMULATOR 140 AH
AKUMULATOR 225AH;AKUMULATOR 225AH Z WYMIAN•
AKUMULATOR 45AH;AKUMULATOR 45AH 330A
AKUMULATOR 74AH P+;AKUMULATOR 74AH P+
AKUMULATOR 74AH P+ BOSCH;AKUMULATOR 74AH KAGER
AM401/1;FILTR POWIETRZA
AM401/3;FILTR POWIETRZA AM401/3
AM405;FILTR POWIETRZA
AM416;FILTR POWIETRZA
AM417;FILTR POWIETRZA AM417 G KLASA
AM440;FILTR POWIETRZA AM440
AM446/1;FILTR POWIETRZA
AM446/2;FILTR POWIETRZA AM446/2
AM447/6;FILTR POWIETRZA AM 447/6
AM465;FILTR POWIETRZA
AM465/3;FILTR POWIETRZA
AM476/1;FILTR POWIETRZA
AMAN0007AGNS;SZYBA MAN SL223/SL263/SL283 DUZY WYåWIETLACZ
AMER0011ACL;SZYBA MERCEDES O 408
AMER0027AGNS;SZYBA MERCEDES CITARO O-530 NISKI
AMORTYZATOR ATRAPY 560MM 490N;AMORTYZATOR ATRAPY 560MM 490N
AMORTYZATOR ATRAPY D£-340 100N;AMORTYZATOR ATRAPY D£-340 100N
AMORTYZATOR ATRAPY D£-500 200N;AMORTYZATOR ATRAPY D£-500 220N
AMORTYZATOR ATRAPY D£-590 1150N;AMORTYZATOR ATRAPY D£-590 1150N
AMORTYZATOR ATRAPY D£-785 320N;AMORTYZATOR ATRAPY D£-785 320N
AMORTYZATOR ATRAPY D£-810 550N;AMORTYZATOR ATRAPY D£-810 550N
AMORTYZATOR ATRAPY D£-900 900N;AMORTYZATOR ATRAPY D£-900 900N
AMORTYZATOR ATRAPY D£-920 350N;AMORTYZATOR ATRAPY D£-920 350N
AP023/3;FILTR POWIETRZA
AP028;FILTR POWIETRZA
AP051;FILTR POWIETRZA OPEL
AP051/1;FILTR POWIETRZA
AP051/5;FILTR POWIETRZA AP 051/5
AP051/6;FILTR POWIETRZA
AP063/1;FILTR POWIETRZA
AP069;FILTR POWIETRZA
AP072;FILTR POWIETRZA
AP104/7;FILTR POWIETRZA
AP113/1;FILTR POWIETRZA
AP130/2;FILTR POWIETRZA
AP139/1;FILTR POWIETRZA
AP139/2;FILTR POWIETRZA
AP140/1;FILTR POWIETRZA
AP142/3;FILTR POWIETRZA
AP142/6;FILTR POWIETRZA
AP146/1;FILTR POWIETRZA
AP149/1;FILTR POWIETRZA
AP149/3;FILTR POWIETRZA
AP157;FILTR POWIETRZA
AP179/1;FILTR POWIETRZA AUDI DIESEL 2,5 TDI 97-
AP189/1;FILTR POWIETRZA
AP192;FILTR POWIETRZA
2215000006;APTECZKA SAMOCHODOWA
APV1101;NAPINACZ PASKA WIELOROWKOWEGO NEOPLAN OM906
AR201;FILTR POWIETRZA AR201
ARANWAX5000000000;PASTA MONTAØOWA UNIWERSALNA
ATFLT71141;OLEJ PRZEK£ADNIOWY ATF MOBIL 1L
AUG10370;SILENTBLOCK DR•ØKA REAKCYJNEGO
AUG54397;ZESTAW NAPRAWCZY WA£KA ROZPIERAKA
56164;ZESTAW NAPRAWCZY ZWROTNICY Q50 Z KO£NIERZEM CITARO
B022T763;KRZYØAK WA£U 57X152
B023T108;KRZYØAK WA£U 30X88
B0S256110;USZCZELKA UK£ADU WYDECHOWEGO
B1291;AMORTYZATOR PRZ”D MERCEDES O405 (4 na oú)
B17-127D;£OØYSKO ALTERNATORA B17-127D
B20316PR;FILTR POWIETRZA
B2598;AMORTYZATOR MB 306X507 MB 737
B30314PR;FILTR PALIWA
B4206PR;FILTR KABINY
B4S000PR;FILTR KABINY
B5298;AMORTYZATOR PRZ”D MERCEDES CITARO 306X507
B560409054;AKUMULATOR 60AH VOLTARO
BAGAØNIK DACHOWY;BAGAØNIK 924
1205000013;BEZPIECZNIK P£YTKOWY 10A
1205000014;BEZPIECZNIK P£YTKOWY 15A
1205000079;BEZPIECZNIK P£YTKOWY 20A
BEZPIECZNIK PORCELANOWY;BEZPIECZNIK PORCELANOWY S/TYP
BHN317;ZACISK HAMULCA TARCZOWEGO
BOS255338;WIESZAK T£UMIKAVW
BS06007;FILTR OSUSZACZA MERCEDES SPRINTER
BUS1227;OBEJMA DR•ØKA STABILIZATORA TY£ CITARO
BUS1441;ZDERZAK LEWY PRZ”D
BUS2782;RAMIE WYCIERACZKI SOLARIS PRAWE
BUS3113;LAMPA COFANIA SOLARIS
BUS3183;USZCZELNIACZ KOMPRESORA KLIMATYZACJI FKX40 KTT050001
BUS722L;£•CZNIK STABILIZATORA MERCEDES CITARO LEWY
BUS722R;£•CZNIK STABILIZATORA MERCEDES CITARO PRAWY
BUS945-1;ZESTAW NAPRAWCZY SI£OWNIKA DRZWI BODE Q-100
C012029817;USZCZELNIACZ WA£U KORBOWEGO
C012029818;USZCZELNIACZ WA£U KORBOWEGO
C137724;P£YTKA DIODOWA ALTERNATORA MERCEDES CITARO
C1I011ABE;KLOCEK HAMULCOWY KPL.
C1W013ABE;KLOCEK HAMULCOWY KPL.
C230023;ZESTAW NAPRAWCZY ROZRUSZNIKA R20 (úruba z mocowaniem i plastikiem)
C2V005ABE;KLOCEK HAMULCOWY KPL.
C30850/1;WK£AD FILTRA POWIETRZA MB CITARO
C30850/2;WK£AD FILTRA POWIETRZA
C30850/3;FILTR POWIETRZA C30850/3 CITARO/CONECTO
C30980;FILTR POWIETRZA
C5W013ABE;CYLINDEREK HAMULCOWY
C81005ABE;C81005ABE
C81210ABE;PRZEW”D HAMULCOWY
CARB CLEAN 500ML;PREPARAT DO CZYSZCZENIA PRZEPUSTNICY
CASTROL 5W40 4L;OLEJ CASTROL 5W40 C3 4L
CASTROL DO SILNIK”W DWUS”WOWYCH 2T;OLEJ CASTROL DO SILNIK”W DWUS”WOWYCH 2T
CASTROL EDGE 0W30 1L;OLEJ CASTROL EDGE 0W30 1L
CASTROL EDGE 0W30 4L;OLEJ CASTROL EDGE 0W30 4L
CASTROL EDGE 5W30 4L;OLEJ CASTROL EDGE 5W30 4L
CASTROL EDGE 5W30 5L;OLEJ CASTROL EDGE 5W30 5L
CASTROL EDGE TURBO DIESEL API 5W40;OLEJ CASTROL EDGE TURBO DIESEL API 5W40 4L
CASTROL EDGE TURBO DIESEL API 5W40 5L;OLEJ CASTROL EDGE TURBO DIESEL API 10W40 5L
CASTROL GPS 4T 10W40 1L MOTOCYKL;OLEJ CASTROL GPS 4T 10W40 1L
CASTROL MAGNATEC 10W40 1L;OLEJ CASTROL MAGNATEC 10W40 1L
CASTROL MAGNATEC 10W40 4L;OLEJ CASTROL MAGNATEC 10W40 4L
CASTROL MAGNATEC 5W40 1L;OLEJ CASTROL MAGNATEC 5W40 1L
CASTROL MAGNATEC 5W40 4L;OLEJ CASTROL MAGNATEC 5W40 4L
CB0165;AMORTYZATOR KABINY
CHLAPACZ P/B£OTNY BEZ NAPISU;CHLAPACZ P/B£OTNY BEZ NAPISU
CH£ODNICA;CH£ODNICA
CKSK6;KPL. NAPRAWCZY
CLME001;LAMPA KIERUNKOWSKAZU
CP201;POMPKA SPRZ G£A MAN
CQ1090005;TULEJKA PLASTIKOWA ALTERNATORA WYSOKA BIA£A
CQ2010622;BENDIKS ROZRUSZNIKA 11Z Z PLASTIKIEM
CQ2031395;ELEKTROMAGNES ROZRUSZNIKA MAN N/TYP
CRC10214109;PREPARAT DO CZYSZCZENIA KLIMATYZACJI (granat)
CRC1045031612;PREPARAT DO WYKRYWANIA WYCIEK”W CRC
CRC10702113;PREPARAT DO KLIMATYZACJI CRC
CS801;REGENERACJA ROZRUSZNIKA
CST06;Z£•CZKA PRZEWOD”W PNEUMATYCZNYCH 6MM
CU4236;FILTR NADMUCHU KABINY MERCEDES O405
CU4580;FILTR KABINY NEOPLAN
CU5096;FILTR KABINY CU5096
CVES2146;KO—C”WKA DR. KIEROWNICZEGO PRAWA M26 GW. WEW STOØEK 27.
CZM51017136;POMPKA PALIWA ZASILAJ•CA MAN 0826
D4345;ZESTAW NAPRAWCZY ZACISKU HAMULCOWEGO
D4468;ZESTAW NAPRAWCZY ZACISKU
D4846C;ZESTAW NAPRAWCZY ZACISKU
D4849C;ZESTAW NAPRAWCZY ZACISKU HAMULCOWEGO
D4964C;ZESTAW NAPRAWCZY ZACISKU MERCEDES SPRINTER
D7003C;ZESTAW NAPRAWCZY ZACISKU
DA1 0,5L;P£YN HAMULCOWY DA1 0,5L
DF2790;TARCZA HAMULCOWA MERCEDES SPRINTER
DF2805;TARCZA HAMULCOWA
DF4047;TARCZA HAMULCOWA
DF4089S;TARCZA HAMULCOWA
DF4183;TARCZA HAMULCOWA
DF4217;TARCZA HAMULCOWA
DF4276;TARCZA HAMULCOWA
DF4964;TARCZA HAMULCOWA
DLLA134P180 MAN;KO—C”WKA WTRYSKU DLLA134P180 MAN
DLLA142P479;KO—C”WKA WTRYSKU
DPB36000;AMORTYZATOR ATRAPY MAN 600N
DPB38002;AMORTYZATOR ATRAPY MERCEDES O303 650N
DPB38033;AMORTYZATOR ATRAPY MERCEDES 700N
DPB42000;AMORTYZATOR ATRAPY NEOPLAN 1200N
DPB46001;AMORTYZATOR ATRAPY SETRA 400N
DPB46004;AMORTYZATOR ATRAPY SETRA
DPM24A;ZAW”R HAMULCOWY R•CZKA CITARO KNORR
DR5125;ZAW”R BEZPIECZE—STWA
DYWANIK GUMOWY;DYWANIK GUMOWY
Dzierøawa autobusu;DZIERØAWA AUTOBUSU
DèWIGNIA ROZPIERAKA 70771/72562/79204;DèWIGNIA ROZPIERAKA 70771/72562/79204
DèWIGNIA ROZPIERAKA 70772/72561/79203;DèWIGNIA ROZPIERAKA 70772/72561/79203
E1994LI;FILTR KLIMATYZACJI MERCEDES DACHOWY
E2G5260BTA;ROLKA NAPINACZA PASKA WIELOROWKOWEGO
E2V5545BTA;ROLKA NAPINACZA PASEK WIELOROWKOWY
E2W5716BTA;ROLKA NAPINACZA
E34HD213;FILTR OLEJU
E927LI;FILTR KABINY
E929LI;FILTR KABINY MERCEDES CITARO
E995LI;FILTR KABINOWY
EL027740;USZCZELNIACZ TRZONKA ZAWORU
EL060150;ORING PRZEWODU MAN D2066
EL392440;USZCZELKA KOLEKTORA
EL504581;USZCZELKA SKRZYNI BIEG”W
EL622710;USZCZELKA KOLEKTORA WYDECHOWEGO
EL7320114;PALEC ZABIERAKA ELMAX
EL811867;USZCZELKA POMPY CIECZY CH£ODZ•CEJ
EL820245;åRUBA G£OWICY MAN DO836
ELEKTROLIT 1L;ELEKTROLIT 1L
ELF 15W40 5L;OLEJ ELF 15W40
EPX90 1L;OLEJ CASTROL TYLNEGO MOSTU EPX90 1L
EVR55464;ROLKA NAPINAJ•CA PASEK WIELOROWKOWY
EVR55713;NAPINACZ PASKA WIELOROWKOWEGO
F00HN37454;ORING POMPY WTRYSKOWEJ 1-SEKC. MERCEDES OM906
F00MA45252;REGULATOR NAPI CIA
F04R320367;REGULATOR NAPIECIA FI28 24V BOSH
F04R320379;REGULATOR NAPI CIA MAN N/TYP
F14182;KO—C”WKA DR•ØKA KIEROWNICZEGO
FAE12610;CZUJNIK CIåNIENIA OLEJU
FAE24760;CZUJNIK åWIATE£ STOP
FD194;PRZEGUB NAP DOWY FORD TRANSIT
FE0604;PODPORA WA£U NAP DOWEGO
FE07376;£OØYSKO SPRZ G£A VW
FE11616;åRUBY KO£A
FE21545;PODUSZKA STABILIZATORA
FE21876;£•CZNIK DR•ØKA STABILIZATORA
FE39371;NAKR TKA KO£A
FE40061;FILTR OSUSZACZA POWIETRZA M42X1,5
FORCH K123;KLEJ DO GWINTU 50ML K120
FORCH K151;KLEJ DWUSK£ADNIKOWY FORCH K153, K154, K151
FT99;LAMPA TY£ OKR•G£A G KLASA
FUCHS 1L;OLEJ DO KLIMATYZACJI SE55 1L
FX310511;OS£ONA SILNIKA MERCEDES O407
FZ1034;KO—C”WKA DR•ØKA KIEROWNICZEGO
FZ90340;WSPORNIK ZAWIESZENIA SILNIKA
G1W013PC;PRZEGUB NAP DOWY
G3080;PROWADNICA ZAWORU SS•CY/WYDECH  MERCEDES 401-47
G3523;PROWADNICA ZAWORU SS•CEGO MAN D0824/26/36
G3524;PROWADNICA ZAWORU WYDECHOWEGO MAN D0824/26/36
G6P001PC;OS£ONA PRZEGUBU
G90023BTA;KRZYØAK WA£U 30X91,3
G95005;KRZYØAK WA£U NAP DOWEGO Q20X55
G9M018BTA;KRZYØAK WA£U 31X87 G KLASA
GDB1092;KLOCKI HAMULCOWE
GDB1220;KLOCKI HAMULCOWE MERCEDES SPRINTER
GDB1288;KLOCKI HAMULCOWE KPL.
GDB1399;KLOCKI HAMULCOWE MERCEDES SPRINTER
GDB1419;KLOCKI HAMULCOWE
GDB1424;KLOCKI HAMULCOWE
GDB1555;KLOCEK HAMULCOWY
GDB1570;KLOCKI HAMULCOWE
GDB1621;KLOCKI HAMULCOWE
GDB1622;KLOCKI HAMULCOWE
GDB242;KLOCKI HAMULCOWE MERCEDES
GDB3247;KLOCKI HAMULCOWE PRZ”D
GDB3336;KLOCEK HAMULCOWY KPL.
GDB3457;KLOCKI HAMULCOWE
GDB3467;KLOCKI HAMULCOWE PRZ”D
GDB454;KLOCKI HAMULCOWE
GE25ES;£OØYSKO GE25ES
GE3-1;åWIECA ZAP£ONOWA GE3-1
GF002;åWIECA ØAROWO-P£OMIENIOWA 24V
GH009;åWIECA ØAROWA
G£OWICA SPREZARKI UØYWANA;G£OWICA SPREZARKI UØYWANA
GN003;åWIECA ØAROWA
GN939;åWIECA ØAROWA
GNIAZDO ZAPALNICZKI HERMETYCZNE;GNIAZDO ZAPALNICZKI 12V
GS8466;SZCZ KI HAMULCOWE HAMULCA R CZNEGO
GUM002;TAåMA IZOLACYJNA 25MM 25M
GUM005;TULEJKA DR•ØKA REAKCYJNEGO TY£ MAN/NEOPLAN 55X20X34/59
H10344;FILTR OLEJU WK£AD H10344
H182KIT;FILTR HYDRAULICZNY SKRZYNI AUTOMATYCZNEJ MANN
H70WK09;FILTR PALIWA
H824/2;FILTR OLEJU SKRZYNI BIEG”W
H835X;FILTR OLEJU SKRZYNI BIEG”W VOITH DIVA 3
HC72;FILTR WENTYLATORA MERCEDES CITARO
HF113;FILTR OLEJU HF113
HL02005;SKRAPLACZ/SEPARATOR TYPU HALDEX
HLME011L;REFLEKTRO ACTROS
HLP46 60L;OLEJ HYDRAULICZNY HLP46 60L
HP342;åRUBA MOCOWANIA ZACISKU OSI
HU718/5X;FILTR OLEJU
IR006X;SZCZOTKI ROZRUSZNIKA R22/23
IV775A;PODUSZKA SILNIKA PRZ”D KWADRATOWA SOLARIS (IVECO)
JBJ711;SWORZE— WAHACZA TRW
JBU454;TULEJA WAHACZA PRZ”D
JH913848/11;£OØYSKO MOSTU AV132
JHB5000;AMORTYZATOR 36X60
JHB5030;AMORTYZATOR TY£ MAN/MERCEDES D£.31/49  I/I
JHB5056;AMORTYZATOR TY£ MERCEDES O404
JMJ50X100P;T£UMIK DRGA— UK£ADU WYDECHOWEGO
K1000;FILTR NADMUCHU
K1006;FILTR KABINY
K1014;FILTR KABINY
K1020;FILTR KABINOWY
K1037;FILTR KABINY VW
K1041;FILTR KABINOWY
K1042;FILTR KABINY
K1055;FILTR NADMUCHU KABINY
K1078;FILTR KABINY
K1079;FILTR KABINOWY
K1081;FILTR KABINY
K1088;FILTR KABINY
K1111;FILTR KABINY
K1114;FILTR NADMUCHU KABINY MAN A23
K1123;FILTR KABINY
K1127;FILTR KABINY
K1136;FILTR KABINY
K1150;FILTR KABINY
K1210;FILTR KABINY
K2W150;PREPARAT DO CZYSZCZENIA FILTR”W DPF/FAP 500ML
K85;ZESTAW NAPRAWCZY ZACISKU H-CA SETRA (os≥onki) K85
KA5C21;USZCZELKA POMPY CIECZY CH£ODZ•CEJ
KC20;FILTR PALIWA
KENT 34621;ELECTRIC CLEANER PREPARAT DO CZYSZCZENIA INSTALACJI ELEKTRYCZNEJ KENT R570
KENT 34627;SPRAY DO CZYSZCZENIA STYK”W FORCH
KENT 83910;ZMYWACZ DO HAMULC”W FORCH 600ML
KENT 83972;SMAR PRZYCZEPNY 500ml SPRAY
KENT 84055;SMAR CERAMICZNY 500ML
KENT06916412701;KLEJ DO GWINTU 10ML
KENT83915;ZMYWACZ DO UK£ADU ZASILANIA GAèNIK”W 300ML
KG2202302;POMPKA SPRZ G£A SETRA 315
KG2670311;POMPA SPRZ G£A SETRA 200
KG340102;POMPA SPRZ G£A MERCEDES O405/303
KL330F;FILTR PALIWA WST PNY K•TOWY
KL82;FILTR PALIWA MB MAHLE
KLEJ DO SZYB 400MLN STANDARD K105;KLEJ DO SZYB 400MLN STANDARD K105
KLEJ DO SZYB 600 ML LOCTITE;KLEJ DO SZYB 600 ML LOCTITE
LOCTITE 4850;KLEJ SZYBKOSCHN•CY ELASTYCZNY LOCTITE 4850 5G
KLEMA AKUMULATORA (+/-);KLEMA AKUMULATORA (+/-)
KLUCZ DO WTRYSKIWACZY;KLUCZ DO WTRYSKIWACZY D£UGI
KONCENTRAT NIEBIESKI 20L;KONCENTRAT DO CH£ODNICY 20L NIEBIESKI
0302010005;KOREK PALIWA 60 Z KLUCZYKIEM
KR07007;SI£OWNIK SPRZEG£A VG3261
KR17009;ZAW”R CZTEROOBWODOWY ZABEZ. 7-WYJ.
KR31472;AMORTYZATOR ATRAPY 750M 320N
KR4500004;WA£ KORBOWY KOMPRESORA LK3802
KR5400003;TULEJKA WA£U KORBOWEGO KOMPRESORA LK18
KR5400005;WA£ KORBOWY KOMPRESORA
KR5400008TR;T£OK KOMPRESORA Q-88 MM
KR5400012;ZESTAW USZCZELEK KOMPRESORA LK18
KR54000131;ZESTAW ZAWORK”W KOMPRESORA LK18/LK19
KR5400029;ZESTAW USZCZELEK KOMPRESORA Z ZAWORKAMI
KR5850055;ZESTAW USZCZELEK KOMPRESORA Z ZAWORKAMI 2 T£OKOWA LK4911
KR60001R;ZESTAW NAPRAWCZY ZACISKU HAMULCOWEGO
KR60002R;ZESTAW NAPRAWCZY ZACISKU
KR60003R;ZESTAW NAPRAWCZY ZACISKU HAMULCOWEGO (PROWADNICE) MERCEDES O404
KR60004R;ZESTAW NAPRAWCZY ZACISKU
KR60005R;ZESTAW NAPRAWCZY ZACISKU (prowadnice) PRZ”D
KR60006;ZESTAW NAPRAWCZY ZACISKU PROWADNICE
KR60006R3;ZESTAW NAPRAWCZY ZACISKU
KR60009R;ZESTAW NAPRAWCZY ZACISKU
KR60011U;KOREK GUMOWY ZACISKU
KR60012R1;ZESTAW NAPRAWCZY ZACISKU
KR60013R1;ZESTAW NAPRAWCZY ZACISKU KR60013R2
KR60015R;£A—CUCH DO ZACISKU
KR60016R;£OØYSKO ROLKOWE ZACISKU HAMULCOWEGO SB6/7
KR60017R;£OØYSKO ZACISKU HAMULCOWEGO
KR60018R;ZESTAW NAPRAWCZY ZACISKU
KR60020R;MOSTEK ZACISKU HAMULCOWEGO
KR60023R8;DèWIGNIA ZACISKU HAMULCOWEGO TY£
KR60024R6;POKRYWA ZACISKU HAMULCOWEGO Z CZUJNIKIEM (3 piny)
KR60025R;£OØYSKO DèWIGNI ZACISKU
KR60033R;ZESTAW NAPRAWCZY ZACISKU HAMULCOWEGO (PROWADNICE) CITARO 5170
KR60033R+;ZESTAW NAPRAWCZY ZACISKU PROWADZENIA
KR60033R1;ZESTAW NAPRWACZY ZACISKU
KR60034R;ZESTAW NAPRAWCZY ZACISKU
KR60039R;ZESTAW NAPRAWCZY ZACISKU
KR60041R;WA£EK ZACISKU HAMULCOWEGO
KR60042R5;CZUJNIK KLOCK”W H-CA W ZACISKU MERCEDES CITARO
KR60051N;KLUCZ DO REGULACJI ZACISKU
KR60051R;SAMOREGULATOR ZACISKU SB6/7
KR60056R;ZESTAW NAPRAWCZY ZACISKU
KR60060R;ZESTAW TULEJEK ZACISKU
KR60066R1;ZAåLEPKA KORPUSU ZACISKU
KR60067R;ZESTAW NAPRAWCZY ZACISKU
KX208D;FILTR PALIWA
KX38;FILTR PALIWA OGRZEWANIA
KYB915415;ZAW”R H-CA R CZNEGO
L001;LAMPA OBRYSOWA BIA£O-CZERWONA
36W640;åWIETL”WKA L36/640
LAMP6030;ØAR”WKA PRZYCISKU DRZWI T5 30V
LAMPA OBRYSOWA W KASECIE SETRA S400 DIOD;LAMPA OBRYSOWA W KASECIE SETRA S400 DIODOWA
LCC4023;PRZE£•CZNIK PODNOåNIKA SZYBY
LE108300;TULEJA RESORU MAN (Z)
LEM2532401;KO—C”WKA DR•ØKA KIEROWNICZEGO
LIM2185;DODATEK DO LEJU NAP DOWEGO 5L
LIM2662;DODATEK DO OLEJU SILNIKOWEGO
LJ4A;GUMOWY PROFIL NADKOLA 2,6M
LJ6;GUMOWY PROFIL NAROØNIKA
LMI24302;DR•ØEK KIEROWNICZY POD£. D£-920MM MERCEDES
LMI25931;TULEJA WAHACZA 12X39X60
LOCTITE603;KLEJ DO OSADZANIA £OØYSK DO 0,1MM
LOCTITE638;KLEJ DO OSADZANIA £OØYSK DO 0,25MM
LOTOS 75W90 GL-5;OLEJ LOTOS 75W90 GL-5 1L
LP0702;KLOCEK HAMULCOWY KPL.
LP1707;KLOCKI HAMULCOWE KPL.
LWB220;LUSTRO PANORAMICZNE MA£E LWB220
LX1629;FILTR POWIETRZA SETRA S415 (5 szt)
LX804/S;FILTR POWIETRZA
£•CZNIK PROSTY TEK. M22/22;£•CZNIK PROSTY TEK. M22/22
M18X80/1,5;SRUBA M18X80/1,5
MA1881-1;TULEJA DR•ØKA REAKCYJNEGO PRZ”D MAN A23 (cukierek,kaloryfer)
MA24391;WK£AD LUSTERKA OE MAN
MA3299;SPOJLER PRZEDNI åRODKOWY DOLNY
MA3819-1;KO£O Z BATE SPR ØARKI 29 Z B”W MAN
MA4424;W£•CZNIK KLAWISZOWY OGRZEWANIA
MA6277;ZAW”R WYDECHOWY MAN D2086
MA6278;ZAW”R SS•CY MAN D2066
MA6421;£OØYSDKO NAP DU WENTYLATORA SETRA
MB3550;WI•ZKA ELEKTRYCZNA OGRZEWANIA WEBASTO
MB4463;TULEJA WACHACZA CITARO DOLNA
MB4464;TULEJA WACHACZA CITARO G”RNA
MB4467;USZCZELNIACZ SWORZNIA WAHACZA G”RNEGO ZAWIESZENIA PRZ”D MERCEDES CITARO
MB4642;PODK£ADKA DYSTANSOWA WAHACZA CITARO 1,45
MD131;LAMPA OBRYSOWA DIODOWA Ø”£TA/BIA£A/CZERWONA
ME1600023;PRZERYWACZ KIERUNKOWSKAZ”W MAN 10-KO—.
ME60030R;ZESTAW NAPRAWCZY ZACISKU MERITOR (prowadnice+uszczelki) O404
ME60031R1;POKRYWA Z USZCZELNIENIEM ZACISKU MERITOR O404
ME60050R;OKULAR ZACISKU LM ELSA
ME60053RL;ZESTAW NAPRAWCZY ZACISKU HAMULCOWEGO D3 LEWY PRZ”D
ME60053RP;ZESTAW NAPRAWCZY ZACISKU HAMULCA
ME60055RL;ZESTAW NAPRAWCZY ZACISKU MERCEDES O404 PRAWY TY£
ME60055RP;ZESTAW NAPRAWCZY ZACISKU MERCEDES O404 PRAWY TY£
ME60060R;ZESTAW NAPRAWCZY ZACISKU MAN
ME60060SR;KOMPLET 10 åRUB KORPUSU ZACISKU ELSA 1
ME60062R;OKULAR ZACISKU MERITOR (MAN)
ME60064R1;ZESTAW NAPRAWCZY ZACISKU MERRITOR ELSA 1  LEWY
ME60064R2;ZESTAW NAPRAWCZY ZACISKU
ME60065R1;ZESTAW NAPRAWCZY ZACISKU MERRITOR ELSA 1 PRAWY
ME60065R3;ZESTAW NAPRAWCZY ZACISKU HAMULCOWEGO
ME60066R;ZESTAW NAPRAWCZY ZACISKU POPYCHACZ
ME60071R;USZCZELNIACZE ZACISKU HAMULCOWEGO
ME60087RL;ZESTAW NAPRAWCZY ZACISKU
ME60087RP;ZESTAW NAPRAWCZY ZACISKU
ME60088R;Z BATKA MECHANIZMU SAMOREGULACJI
ME60088R2;Z BATKA MECHANIZMU SAMOREGULACJI
ME60089RL;ZESTAW NAPRAWCZY ZACISKU
ME60089RP;ZESTAW NAPRAWCZY ZACISKU
ME60091R1;USZCZELNIENIA T£OCZK”W ZACISKU
ME60097R;ZESTAW NAPRAWCZY ZACISKU
ME60097R1;£OØYSKO MOSTKA ZACISKU
ME60101R;ZESTAW NAPRAWCZY ZACISKU
ME60101R1;DZWIGNIA ZACISKU ELSA 1 RADIAL LEWA
ME60104R;ZESTAW NAPRAWCZY ZACISKU
ME60105R;ZESTAW NAPRAWCZY ZACISKU
ME60112R;ZESTAW NAPRAWCZY PRAWY
ME60113R;ZESTAW NAPRAWCZY LEWY
ME60123R;DèWIGNIA ZACISKU ELSA2 RADIAL
ME60132R;ZESTAW NAPRAWCZY ZACISKU HAMULCOWEGO ELSA 2
ME60133RL;MECHANIZM Z BATY ZACISKU - LEWY
ME60140RL;ZESTAW NAPRAWCZY MECHANIZMU KALIBRACJI-LEWY
ME60141R;P£YTA MET. ZACISKU
ME60147R;ZESTAW NAPRAWCZY £OØYSKA DèWIGNI ZACISKU
ME60195R;DèWIGNIA ZACISKU ELSA 1 RADIAL LEWA
ME981B/24;PRZERYWACZ KIERUNKOWSKAZ”W (4 styki)
ME983D;PRZERYWACZ KIERUNKOWSKAZ”W
ME983E;PRZERYWACZ KIERUNKOWSKAZ”W MERCEDES/SETRA
MET003;KRZYØAK WA£U MAN (mocowanie na 2 úruby z 4 stron) 7c
MET004;SPR ØYNA SI£OWNIKA HAMULCOWEGO
MET006;SWORZE— DR•ØKA REAKCYJNEGO (cukierek 48x139x16)
MET007;SI£OWNIK GASZENIA IKARUS
MET010;PODSTAWA PODUSZKI PNEUMATYCZNEJ SETRA DOLNA
MET011;KO—C”WKA DR•ØKA NEOPLAN M30/30 (imbus) LEWA
MET012;KO—C”WKA DR•ØKA NEOPLAN M30/30  (imbus) PRAWA
MET013;KRZYØAK ZMIANY BIEG”W SETRA KPL.
MJK012;SZCZOTKA DO MYCIA Ø”£TA 4D
MMT151601;FELGA KO£A STALOWA DOSTAWCZA
FR8052;LATARKA WARSZTATOWA LED COB
MMTA134023;SZCZOTKA DO MYCIA
MN2000004;WA£ KORBOWY SPR ØARKI
MN2000007;PANEWKA KORBOWODU SPR ØARKI (SZER.15/Q-32,5/GR-2MM) STD 2SZT
MN2000023;T£OK KOMPRESORA Q-90 2,5/2,5/4MM
MN2000026;KORBOW”D KOMPRESORA 51.54000.7074
MN2000129;CYLINDER KOMPRESORA MERCEDES Q-90 POWIETRZE
MN2000130;CYLINDER KOMPRESORA Q-90 CH£O. WOD•
MN3000018;ZESTAW USZCZELEK KOMPRESORA
MN3000020;ZESTAW USZCZELEK KOMPRESORA Z ZAWORKAMI 4110338062
MN3000025;ZESTAW USZCZELEK KOMPRESORA ZB4275
MN3000026;ZESTAW USZCZELEK Z ZAWORKAMI KOMPRESORA ZB4275
MN3000056;ZESTAW USZCZELEK KOMPRESORA +ZAW
MN3000118;G£OWICA KOMPRESORA KPL. 4121008002
MN3000129;USZCZELKI KOMPRESORA KPL. Z ZAWORKAMI
MN3000132;ZESTAW USZCZELEK KOMPRESORA
MN3200002;WA£ KORBOWY KOMPRESORA LK3927
MN5800026;KOROBOW”D KOMPRESORA
MN5800160;CYLINDER KOMPRESORA MAN Q-100MM
MN7562;WA£EK Z £OØYSKIEM POMPY WODY MERCEDES/MAN (Q-16)
MR2000018;P£YTA ZAWOROWA KOMPRESORA
MR2000031;ZESTAW ZAWORK”W SPR ØARKI
MR2000032;ZESTAW ZAWORK”W SPR ØARKI MERCEDES
MR2000045;ZESTAW USZCZELEK KOMPRESORA 4071310519
MR2000058;ZESTAW USZCZELEK KOMPRESORA Z ZAWORKAMI 4071300519
MR2000059;ZESTAW USZCZELEK KOMPRESORA Z ZAWORKAMI
MR2000118;P£YTA ZAWOROWA KOMPRESORA
MR2100008;ZESTAW USZCZELEK KOMPRESORA Z ZAWORKAMI OKR•G£YMI
MR2300027;PIERåCIENIE KOMPRESORA Q-100MM
MR2300052;ZAW”R KOMPRESORA
MR2300065;USZCZELKA KOMPRESORA
MR2300127;PIERåCIENIE KOMPRESORA Q-100 MM
MR2400053;ZESTAW ZAWORK”W SPR ØARKI
MR2400056;ZESTAW USZCZELEK Z ZAWORKAMI KOMPRESORA 5411310619
MT600;PI”RO WYCIERACZKI 600MM KAGER
NIT OK£ADZIN HAMULCOWYCH 10X18mm;NIT OK£ADZIN HAMULCOWYCH 10X18mm
NIT STALOWY 10x20 OPAKOWANIE;NIT STALOWY 10x20 OPAKOWANIE 100SZT
NKS22;£OØYSKO IGIE£KOWE
NU202E TVP2;£OØYSKO NU202E TVP2
NU204;£OØYSKO NU 204 ETVP2
NU210;£OØYSKO NU 210 ET NSK
OC601;FILTR OLEJU OC601
ODRDZEWIACZ TRUCK MAGIC;ODRDZEWIACZ TRUCK MAGIC 400ML S446
OE610A;FILTR OLEJU
OE640/2;FILTR OLEJU FILTRON
OE640/4;FILTR OLEJU
OE640/8;FILTR OLEJU
OE646/2;FILTR OLEJU MAN
OE648/1;FILTR OLEJU OPEL
OE648/6;FILTR OLEJU
OE649/2;FILTR OLEJU OE649/2
OE651;FILTR OLEJU MERCEDES CITARO
OE665/1;FILTR OLEJU
OE667/1;FILTR OLEJU
OE670;FILTR OLEJU
OE671;FILTR OLEJU
OE673;FILTR OLEJU
OE674/6;FILTR OLEJU
OE685;FILTR OLEJU OE 685
OE685/5;FILTR OLEJU
OE688;FILTR OLEJU
OLEJ 5W40 CASTROL EDGE 5L;OLEJ 5W40 CASTROL EDGE 5L
OLEJ 85W140 PRZEK.JASOL;OLEJ 85W140 PRZEK.JASOL 1L
OLEJ ATF II 1L;OLEJ ATF II D 1L
OLEJ ATF II 5L;OLEJ ATF 5L
OLEJ ATF III L.;OLEJ ATF III L. PLATINIUM
OLEJ CASTROL EDGE TURBO DIESEL 5W40 1L;OLEJ CASTROL EDGE TURBO DIESEL API 5W40 1L
OLEJ CASTROL MAGNATEC SS 5W30 4L;OLEJ CASTROL MAGNATEC SS 5W30 4L
OLEJ HIPOL 80W90 L;OLEJ HIPOL 80W90 L
OLEJ MOTUL SILNIKOWY 5W30 5L;OLEJ MOTUL SILNIKOWY 5W30 5L
OLEJ PENUMATIC 15 1L;OLEJ PENUMATIC 15 1L
OLEJ SPIRAX 75W80 1L;OLEJ PRZEK£ADNIOWY
OM504;FILTR OLEJU OM 504
OM507;FILTR OLEJU
OM514;FILTR OLEJU MERCEDES
OM610;FILTR OLEJU
OP519;FILTR OLEJU
OP520;FILTR OLEJU
OP525;FILTR OLEJU
OP525/4;FILTR OLEJU
OP526/1;FILTR OLEJU
OP526/1T;FILTR OLEJU
OP532/1;FILTR OLEJU OP532/1
OP540/1;FILTR OLEJU
OP566/2;FILTR OLEJU
OP572;FILTR OLEJU OP572
OP587;FILTR OLEJU
OP595;FILTR OLEJU OP595
OP612;FILTR OLEJU OP612
OP616;FILTR OLEJU
OP617;FILTR OLEJU
OP619/2;FILTR OLEJU
OP629/1;FILTR OLEJU
OP631;FILTR OLEJU OP631
OP636;FILTR OLEJU
OP641;FILTR OLEJU
OP643/3;FILTR OLEJU
OP644;FILTR OLEJU
OPASKA ZACISKOWA 08-56MM;OPASKA ZACISKOWA 08-56MM
OPASKA ZACISKOWA 50-95MM;OPASKA ZACISKOWA 50-95MM
ORLEN PLATINIUM 15W40 L;OLEJ 15W40 L
ORLEN PLATINIUM SYNTHETIC 5W40 1L;OLEJ ORLEN PLATINIUM SYNTHETIC 5W40 1L
ORLEN PLATINUM 10W40 180KG EXTRIM.;OLEJ ORLEN PLATINUM 10W40 180KG EXTRIM.
ORLEN PLATINUM CZERW.10W40 1L;OLEJ ORLEN PLATINUM CZERW.10W40 1L
ORLEN PLATINUM CZERW.10W40 4,5L;OLEJ ORLEN PLATINUM CZERW.10W40 4,5L
ORLEN PLATINUM CZERW.15W40 1L;OLEJ ORLEN PLATINUM CZERW.15W40 1L
ORLEN PLATINUM CZERW.15W40 4,5L;OLEJ ORLEN PLATINUM CZERW.15W40 4,5L
ORLEN PLATINUM CZERW.5W40 1L;OLEJ ORLEN PLATINUM CZERW.5W40 1L
ORLEN PLATINUM CZERW.5W40 4,5L;OLEJ ORLEN PLATINUM CZERW.5W40 4,5L
ORLEN PLATINUM MAX EXPERT F 5W30 1L;OLEJ ORLEN PLATINUM MAX EXPERT F/V/XD/XF 5W30 1L
ORLEN PLATINUM MAX EXPERT F 5W30 4L;OLEJ ORLEN PLATINUM MAX EXPERT F/V/XD/XF 5W30 4L
ORLEN PLATINUM TURBO DIESEL 10W40 4;OLEJ ORLEN PLATINUM TURBO DIESEL 10W40 4L
ORLEN PLATINUM TURBODIESEL 15W40 4L;OLEJ ORLEN PLATINUM TURBODIESEL 15W40 4L
OS£ONA SILNIKA MERCEDES;OS£ONA SILNIKA MERCEDES
OSR795101B;ØAR”WKA R2 12V
OX38D;FILTR OLEJU MERCEDES G KLASA
OX425D OEKO;FILTR OLEJU
OXAT1371;BLOKADY I NARZ DZIA DO OBS£UGI ROZRZ•DU
P862;ZAW”R 2/3 DROØNY KOSTKA ALU. REXROTH
PASEK WIELOKLINOWY 6PK1635;PASEK WIELOKLINOWY 6PK1635
PE816/4;FILTR PALIWA
PE973;FILTR PALIWA
PE973/2;FILTR PALIWA
PE973/3;FILTR PALIWA
PE977/1;FILTR PALIWA MAN
PE982;FILTR PALIWA
PIERåCIENIE MB 0364 FI 94 MM;PIERåCIENIE MB 0364 FI 94 MM
PI”RA WYCIERACZEK 530MM;PI”RA WYCIERACZEK 530MM
P£YN DO CH£ODNIC (na litry);P£YN DO CH£ODNIC G11 NIEBIESKI (na litry)
P£YN DO CH£ODNIC 200L;P£YN DO CH£ODNIC 200L
P£YN DO CH£ODNIC 20L;P£YN DO CH£ODNIC NIEBIESKI 20L
P£YN DO PNEUMATYKI HALDEX;P£YN DO UK£ADU PNEUMATYCZNEGO HALDEX
P£YN DO PNEUMATYKI WABCO;P£YN DO PNEUMATYKI WABCO 1L
C510400050;P£YN DO SPRYSKIWACZY LETNI 5L
P£YN DO SPRYSKIWACZY LETNI NA LITRY;P£YN DO SPRYSKIWACZY LETNI NA LITRY
P£YN DO SPRYSKIWACZY ZIMOWY NA LITRY;P£YN DO SPRYSKIWACZY ZIMOWY NA LITRY
PM807;FILTR PALIWA OGRZEWANIA
PM808;FILTR PALIWA PM808
PM816;FILTR PALIWA PM816
PM936;FILTR PALIWA
PODKLADKA MIEDZIANA 8-42MM;PODK£ADKA MIEDZIANA 8-42MM
3399000050;PODK£ADKA MIEDZIANA PODW”JNA M6
POLISA;POLISA
POWER 1 RACING 2T 1L;OLEJ SYNTETYCZNY DO SILNIK”W DWUS”WOWYCH 2T 1L
POWER 1 RACING 4T 1L 5W40;OLEJ POWER 1 RACING 4T 1L 5W40
PP831;FILTR PALIWA OPEL BENZ.
PP836/1;FILTR PALIWA PP836/1
PP838;FILTR PALIWA
PP838/8;FILTR PALIWA
PP839/5;FILTR PALIWA
PP840;FILTR PALIWA MERCEDES
PP841;FILTR PALIWA
PP841/1;FILTR PALIWA
PP845;FILTR PALIWA
PP848/2;FILTR PALIWA PP848/2
PP848/3;FILTR PALIWA
PP852;FILTR PALIWA
PP855;FILTR PALIWA
PP856/1;FILTR PALIWA
PP905;FILTR PALIWA
PP950;FILTR PALIWA
PP985;FILTR PALIWA
PROSZEK;PREPARAT DO USZCZELNIANIA CH£ODNIC W PROSZKU
PRIMER LOCTITTE 100ML;PRIMER BOLL
PROSTOWNIK 6/12V 10A;PROSTOWNIK 6/12V 3,8A
PROSTOWNIK AUTOMATYCZNY 6/12V 5A LCD;PROSTOWNIK AUTOMATYCZNY 6/12V 5A LCD
PRZEW”D DO KLIMATYZACJI DN22;PRZEW”D DO KLIMATYZACJI DN22
PRZEW”D DO KLIMATYZACJI DN28;PRZEW”D DO KLIMATYZACJI DN28
PRZEWOD PALIWA 16X1,5 L-1000;PRZEW”D PALIWA 16X1,5 L-1000
PRZEW”D PALIWA 3,2mm;PRZEW”D PALIWA 3,2mm
PRZEWOD FI22;PRZEW”D PALIWO+BENZYNA+OLEJ FI22
PRZEWOD FI28;PRZEW”D PALIWO+BENZYNA+OLEJ FI45
PRZEW”D WARSZTATOWY Q-10/12;PRZEW”D WARSZTATOWY Q-10/12
PRZYCISK STOP NIEBIESKI;PRZYCISK STOP NIEBIESKI
PS921;FILTR PALIWA
PW 814;FILTR PALIWA PW 814
PW 823;FILTR PALIWA PW 823
PW814;FILTR PALIWA FILCOWY (wk≥ad)
QB1050820;ZESTAW MONT. SZCZ K
R 3 0,5L;P£YN HAMULCOWY R 3 0,5L
REG1;REGENERACJA ZAWORU G£ H-CA
REGENERACJA - POMPA WTRYSKU MERCEDES;REGENERACJA - POMPA WTRYSKU
REGENERACJA - ZACISK HAMULCOWY;REGENERACJA - ZACISK HAMULCOWY D3 PP
REGENERACJA G£OWICY;REGENERACJA G£OWICY
REGENERACJA POMPY WTRYSKOWEJ;REGENERACJA POMPY WTRYSKOWEJ BOSCH VP44
REGENERACJA PRZEWODU KLIMATYZACJI;REGENERACJA PRZEWODU KLIMATYZACJI
RK34700;ZESTAW NAPRAWCZY POMPY SPRZ G£A MERCEDES O405
RL1608KA;SI£OWNIK SPRZ G£A SETRA
RL2908BB;ZAW”R POZIOMUJ•CY Z P£ASKOWNIKIEM NISKI
RL2908CA;ZAW”R POZIOMUJ•CY Z DOD. WYJåCIEM (przyklÍk)
RL3512BK;ZAW”R REGULUJ•CY CIåNIENIE (kichacz)
RL3516ED;ZAW”R SZYBKIEGO ODHAMOWANIA
RL3518ZE;ZAW”R PRZEKAèNIKOWY (2 wyjúcia u gÛry)
RL3525AA;ZAW”R ZWROTNY M22 PNEUMATYCZNY
RL3530PE;"SI£OWNIK 24/24"" MEMBRA.T£OKOWY"
ROM16035;BLASZKA BLACHOWKR TU
ROM60117;SPINKA TAPICERSKA FI8
S24;OD£•CZNIK AKUMULATORA Z CZERWON• R•CZK•
SET1300;ZESTAW £OØYSK KO£A
SET1335;£OØYSKO PIASTY TY£ MERCEDES CITARO MAN A 21 ZESPOLONE 0003501449
SET343;£OØYSKO SET343 27695/20
SFK211;ZESTAW MONTAØOWY SZCZ K HAMULCOWYCH
SHELL HELIX PLUS 10W40 4L+1L (niebi;OLEJ SHELL HELIX PLUS 10W40 4L (niebieski)
SHELL SPIRAX S3 AX 80W90;OLEJ SPIRAX SHELL S3 AX 80W90 20L
SHELL SPIRAX S6 ATF ZM (DONAX TZ) S;OLEJ SHELL SPIRAX S6 ATF ZM (DONAX TZ) SKRZYNIA BIEG”W ZF CITARO
K126;SILIKON CZARNY, BIA£Y, SZARY K126
SMAR CENTRALNY;SMAR CENTRALNY 18KG
SMAR CERAMICZNY CRC;SMAR CERAMICZNY W TUBCE 50G
SMAR DO PODWOZI MEGA STP 10KG;SMAR DO PODWOZI MEGA STP 10KG
SMAR GRAFITOWY 0,85KG;SMAR GRAFITOWY 0,85KG
SMUN071;OPRAWA ØAR”WKI 269A NEWAGE
SPAL 1003;OPORNIK DMUCHAWY SPAL 1003
SS000MT;SPR ØYNA ZAWIESZENIA PRZ”D
SS20478;CZUJNIK ABS
ST20247;SI£OWNIK HAMULCA 24/24 MEMBRANA/T£OK
ST20260;SI£OWNIK HAMULCOWY 16/16
ST30021;ELEKTROZAW”R MAN/MES (wyj,.przy.cewce)
ST30057R;ZESTAW NAPRAWCZY SI£OWNIKA OTWIERANIA DRZWI MA£Y MAN
ST30060;ELEKTROZAW”R 24V
STA2564BY;AMORTYZATOR ATRAPY D£-685MM 500N
STEROWNIK SILNIKA - UØYWANY;STEROWNIK SILNIKA - UØYWANY
STP 10KG;SMAR STP 10KG
STR10246;DR•ØEK KIEROWNICZY WZD£UØNY L-745mm
STR40306;SZPILKA KO£A MAN M20X90
STR4155;DR•ØEK KIEROWNICZY MB611
SV3336;ZAW”R ZMIANY BIEG”W S685
SW10031300;NAPINACZ PASKA KLINOWEGO
SW40;OD£•CZNIK AKUMULATORA SW40 ZWYK£Y
SZPILKA KO£A MERCEDES/MAN TY£ 105X1,5 D£;SZPILKA KO£A MERCEDES/MAN TY£ 105X1,5 D£
SZPILKA MOCUJ•CM PIASTY;SZPILKA MOCUJ•CM PIASTY
SZYBA BOCZNA HARTOWANA 1650X990;SZYBA BOCZNA HARTOWANA 1650X990
SZYBA CZO£OWA MERCEDES SPRINTER;SZYBA CZO£OWA MERCEDES SPRINTER
SZYBA HARTOWANA;SZYBA HARTOWANA
5410300;åCIERECZKA WIPE&DRY FORCH 66X43CM
16W640;åWIETL”WKA L16/640
21W840;åWIETL”WKA L21W/840 T5
21WT5;åWIETL”WKA L21W T5
30W827;åWIETL”WKA L30/840
T380;PI”RA WYCIERACZEK 380MM
TARCZA 125X1 NIERDZ;TARCZA DO CI CIA 125X1 NIERDZ
TARCZA TACHO 125;TARCZA TACHOGRAFU 125 KM/H
TARCZA TACHOGRAFU 140 KM/H;TARCZA TACHOGRAFU 140 KM/H
TARCZE HAMULCOWE TY£ MAN N/TYP 430X45;TARCZE HAMULCOWE TY£ MAN N/TYP 430X45
Taúma ledowa;TAåMA LEDOWA 5M
TC742/X;KO£O PASOWE ALTERNATORA MAN FI30
TC815;WACHACZ ZAWIESZENIA KO£A PRZ”D
TEDDY200;SILNIK NAGRZEWNICY AURORA SOLARIS
TKX04KB;Z£•CZE PRZEWODU 2,5MM2
TLME001L;LAMPA TY£
TLME012L;LAMPA TY£ ZESPOLONA ØAR. MERCEDES CITARO L/P
TQZ02AB;OBUDOWA 2 KROTNA Z£•CZE E+J
TQZ32AB;Z£•CZE ELEKTRYCZNE 2-KROTNE SZCZELNE
TR1208;PROWADNICA DRZWI
TULB816WW;ØAROWKA LED C5W
TV45;PI”RO WYCIERACZKI 450 MM
TV55;PI”RO WYCIERACZKI 550 MM
TYP25-315/2/PG;PODSTAWA G”RNA MERCEDES CITARO (pier.wew duøa nakr.)
U122;KRZYØAK WA£U 15X40
U126;KRZYØAK WA£U 16X40
U4810;POMPA OBIEGOWA MA£A
U4814;POMPA OBIEGOWA OGRZEWANIA
U4814WEBASTO;POMPA OBIEGOWA U4814 WEBASTO
U4856;POMPA OBIEGOWA BEZSZCZOTKOWA DUØA
U5018;CEWKA ZAP£ONOWA
Us≥uga;Us≥uga
US£UGA KURIERSKA;US£UGA KURIERSKA
US£UGA TRANSPORTOWA;US£UGA TRANSPORTOWA
US£UGA WARSZTATOWA 2;US£UGA WARSZTATOWA
US£UGA WARSZTATOWA,;US£UGA WARSZTATOWA
UØ030;DR•ØEK KIEROWNICZY (regenerowany)
UØ048;WYK£ADZINA POD£OGOWA
UØ089;WENTYLATOR CH£ODNICY MERCEDES
UØ105;CZUJNIK ABS/EDC UØYWANY
UØ146;SILNICZEK ELEKTRYCZNY WEBASTO
UØ155;KRZYØAK UØYWANY
UØ187;KO£PAK MATALOWY UØYWANY
UØ295;WTRYSK UØYWANY
V1257;ORING OBUDOWY
VAG92412;PROWADNICA ZAWORU MERCEDES OM366
VAL576051;PI”RO WYCIERACZEK SZKIELETOWE
VAN80100;KOLANKO WYDECHU Q100
VERC0028;KOREK ZBIORNIKA WYR”WNAWCZEGO
VKBA3434;£OØYSKO PIASTY KO£A
VKBA3596;ZESTAW £OØYSK KO£A
VKBA3643;£OØYSKO KO£A
VKBA3656;£OØYSKO KO£A TY£
VKBA5377;£OØYSKO PIASTY PRZ”D MAN N/TYP
VKHB2160;£OØYSKO KO£A
VKMA01000;ROZRZ•D KPL.
VKMC012502;ZESTAW PASKA ROZRZ•DU + POMPA WODY
W010950436;MIECH PNEUMATYCZNY Q100 786N
W20641B;WENTYLATOR NAGRZEWNICY WEBASTO
W950/26;FILTR OLEJU IVECO/SOLARIS
WA01004;ZAW”R G£”WNY HAMULCOWY N/KPL
WA01300R;ZESTAW NAPRAWCZY ZAWORU
WA02008;OSUSZACZ 1 KOMOROWY KPL.LA8212
WA02G1;GRZA£KA OSUSZACZA UNIWERSALNA
WA07009;SI£OWNIK SPRZ G£A MERCEDES O404
WA08013;ZAW”R HAMULCA R CZNEGO R•CZKA 9617222750
WA12002;ZAW”R PRZEKAèNIKOWY (gÛrny przelot) PRZECIWPRZECI•ØENIOWY
WA13006;MODULATOR ABS
WA13300;PRZEW”D ELEKTRYCZNY REDUKCYJNY ZAWORU ABS
WA15003;ZAW”R PNEUMATYCZNY OGRANICZAJ•CY CIåNIENIE PL.REGUL.
WA15019;ZAW”R OGRANICZAJ•CY CIåNIENIE
WA16000R;ZESTAW NAPRAWCZY ZAWORU OTWIERANIA DRZWI
WA17050;ZAW”R ZABEZPIECZAJ•CY DO OSUSZACZA CITARO 9347050020
WA17090;ZAW”R ZABEZPIECZAJ•CY WIELOOBWODOWY DO OSUSZACZA Z CZUJNIKIEM CITARO 9347050080
WA30T2;T£UMIK PNEUMATYCZNY HA£ASU WKR CANY M22
WA4200012;T£OK KOMPRESORA 85,00 MM
WA42000121;T£OK KOMPRESORA 85,00MM
WA4200014;PIERåCIENIE KOMPRESORA Q-85 MM CITARO
WA4750010;KORBOW”D KOMPRESORA
WA5000009SM;PIERåCIENIE KOMPRESORA 75,00 MM
WA5650031;USZCZELKI+ZAWORY KOMPRESORA
WA5930051;ZESTAW USZCZELEK KOMPRESORA
WA6200003;G£OWICA KOMPRESORA MERCEDES CITARO 9115530010
WA6200013;G£OWICA KOMPRESORA
WA6200048;P£YTA ZAWOROWA SPR ØARKI 4126360010
WA6200049;POKRYWA G£OWICY KOMPRESORA 4126360010
WA6200051;USZCZELKI KOMPRESORA Z ZAWORKAMI 4126360010
WA6200053;P£YTA SPR ØARKI 4126360010
WA6200056;ZESTAW NAPRAWCZY SPR ØARKI
WA6200064;G£OWICA KOMPLETNA KOMPRESORA
WA6200071;G£OWICA KOMPLETNA KOPMPRESORA
WA6200072;G£OWICA KOMPLETNA KOMPRESORA
WENTYL KO£A;WENTYL KO£A
WENTYLATOR SAMOCHODOWY FI 152MM;WENTYLATOR SAMOCHODOWY FI 152MM
WK712/2;FILTR PALIWA
WK712/5;FILTR PALIWA OGRZEWANIA CITARO
WK723;FILTR PALIWA
WKLAD LUSTRA 345X145;WK£AD GRZEJ•CY LUSTRO 345X145
WKR007;TARCZA TACHOGRAFU 180 KM/H
WP003;PRZEW”D HAMULCOWY
WP013;PRZEW”D HAMULCOWY
WP018;PRZEW”D HAMULCOWY
WP019;PRZEW”D HAMULCOWY
WP028;PRZEW”D HAMULCOWY
WP205;PRZEW”D HAMULCOWY
WPME118RK;ZESTAW NAPRAWCZY POMPY WODY
WPMN107;POMPA WODY MAN DO836
WU375;PI”RO WYCIERACZKI 375MM KAGER
WUW450;PI”RO WYCIERACZKI 450MM P£ASKA
WUW600;PI”RO WYCIERACZKI 600MM
ZACISK PO REGENERACJI;REGENERACJA ZACISKU HAMULCA
ZESTAW BLACHARSKI MERCEDES SPRINTER;ZESTAW BLACHARSKI MERCEDES SPRINTER
ZESTAW NAPRAWCZY POMPY WTRYSKOWEJ;ZESTAW NAPRAWCZY POMPY WTRYSKOWEJ
1407000848;Z£•CZE SKR CANE TEKALANU Q-16
Z£OM;Z£OM
ZMP10088;USZCZELKA TURBOSPR ØARKI
ZMP1025;USZCZELKA KOMPRESORA MERCEDES CITARO
ZABKA DO LADOWANIA 800-1000A;ØABKA DO £ADOWANIA AKUMULATORA 800-1000A
12V/10W DIODA;ØAROWKA 12V/10W DIODA
12V 1,2W CALOSZKLANA;ØAR”WKA 12V 1,2W CA£OSZKLANA
12V 21/4W;ØAR”WKA 12V 21/4W
12V 21/5W;ØAR”WKA 12V 21/5W
12V 21W;ØAR”WKA 12V 21W
12V 21W POMARANCZOWA;ØAR”WKA 12V 21W POMARA—CZOWA/Ø”£TA
12V 3W CALOSZKLANA;ØAR”WKA 12V 3W CA£OSZKLANA
12V 5W;ØAR”WKA 12V 5W
12V 5W RURKA;ØAR”WKA 12V 5W RURKA
12V H1 55W;ØAR”WKA 12V H1 55W
12V H7 55W;ØAR”WKA 12V H7 55W
24V 1,2W;ØAR”WKA 24V 1,2W
24V 1,2W OPRAWA SZARA;ØAR”WKA 24V 1,2W Z OPRAWK• SZARA
24V 1,2W OPRAWA SZARA PLASKA;ØAR”WKA 24V 1,2W Z OPRAWK• SZARA P£ASKA
24V 10W;ØAR”WKA 24V 10W
24V 10W RURKA;ØAR”WKA 24V 10W RURKA
24V 2,4W OPRAWA BIALA;ØAR”WKA 24V 2,4W Z OPRAWK• BIA£•
24V 20W HALOGENOWA;ØAR”WKA 24V 20W HALOGENOWA G4
24V 21/4W;ØAR”WKA 24V 21/4W NARVA17882
24V 21/5W;ØAR”WKA 24V 21/5W
24V 21W;ØAR”WKA 24V 21W
24V 2W;ØAR”WKA 24V 2W
24V 3W;ØAR”WKA 24V 3W
24V 4W;ØAR”WKA 24V 4W
24V 4W DIODOWA;ØAR”WKA 24V 4W DIODOWA
24V 5W;ØAR”WKA 24V 5W
24V 5W CALOSZKLANA;ØAR”WKA 24V 5W CA£OSZKLANA
24V 5W DIODA RURKA;ØAR”WKA 24V 5/10/15W DIODA RURKA
24V 5W RURKA;ØAR”WKA 24V 5W RURKA
24V H1 70W;ØAR”WKA 24V H1 70W
24V H3 70W;ØAR”WKA 24V H3 70W
24V H4 75/70W;ØAR”WKA 24V H4 75/70W
24V H7 70W;ØAR”WKA 24V H7 70W
530016630;ROZRZ•D KPL.
WA4200014SM;PIERåCIENIE KOMPR. 85,00 MM
G9U034BTA;KRZYØAK WA£U
9053510080;USZCZELNIENIE MOSTU OD WA£KA ATAK
UNITROL WYBIJAK FI8;UNITROL WYBIJAK FI8
PRZEWOD PALIWA 16X1,5 L-600;PRZEW”D PALIWA 16X1,5 L-600
24V W1,2W;ØAR”WKA 24V W1,2W
0433271518;KO—C”WKA WTRYSKU
11PK2835;PASEK KLINOWY 11PK2835
255/50R19;OPONA 255/50R19
6502070026919P;ELEMENT ZDERZAKA
235/65 R16C;OPONA 235/65 R16C
0XAT4040;NARZ DZIA DO OBS£UGI P”£OSI
SEAAK718;NARZ DZIA SPECJALISTYCZNE
KX228DECO;FILTR PALIWA KX228DECO
C3X016ABE;TARCZA HAMULCOWA
HM807046;ZESTAW £OØYSK
19970;CZUJNIK P£OMIENIA THERMO 300
PN10478;ZAW”R G£”WNY
24V T4W;ØAR”WKA 24V T4W
24V W3W;ØAR”WKA 24V W3W 3W
RP150801;OS£ONA SILNIKA/SKRZYNI
CF1640;FILTR POWIETRZA
3397010271;PI”RO WYCIERACZKI SZKIELETOWE
0124555065;ALTERNATOR 24V/80A
1178878241;PI”RA WYCIERACZKI 600MM (OSO)
1178878231;PI”RA WYCIERACZKI 575MM
1178878221;PI”RA WYCIERACZKI 550MM
1178878181;PI”RA WYCIERACZKI 450MM
1178878201;PI”RA WYCIERACZKI 500MM
2809841031;SILNIK NAGRZEWNICY AURORA 24V
1305070095;LAMPA 128X110 DIODA
441050120;CZUJNIK PO£OØENIA ECAS
4478205400;PI”RA WYCIERACZEK
FE37593;KO—C”WKA DR•ØKA KIEROWNICZEGO
FE37594;KO—C”WKA DR•ØKA KIEROWNICZEGO
JBJ795;SWORZE— WAHACZA PRZ”D
JBJ794;SWORZE— WAHACZA PRZ”D
OLEJ VECTON 10W40 5L;OLEJ VECTON 10W40 5L E6/E9 LD
OLEJ VECTON 10W40 20L;OLEJ VECTON 10W40 20L
FE26460;MOCOWANIE AMORTYZATORA
80319426;£OØYSKO PIASTY COMPACT MB 748
310807;AMORTYZATOR PRZ”D
3966021;B BEN HAMULCOWY 410X150
51201017283;ALNTERNATOR MAN
EKWL020;CZUJNIK ZUØYCIA KLOCK”W MAN 301
23208;POMPA SPRYSKIWACZA
40918;DR•ØEK KIEROWNICZY POPRZECZNY SETRA 315 380D£
623080300;ZESTAW SPRZ G£A Z £OØYSKIEM
2128140141;WK£AD BAGAZNIKA NISKA
2536803703;MATY GUMOWE CZARNE PRZOD
2536803803;MATY GUMOWE CZARNE TY£
1001020723;åRUBA M14X60 1.5
MA3131;åRUBA M14X1.5/180
WT/BOSK.1.9;ZESTAW NAPRAWCZY ZAWORU POWIETRZA
14452920000;TULEJA CYLINDRA D2865/66
LMI25857;£•CZNIK DR•ØKA
LMI25858;£•CZNIK DR•ØKA
OP526/6;FILTR OLEJU
530054630;ROZRZ•D KPL.
6288200456;LAMPA JAZDY DZIENNEJ LED MERCEDES
ME60087RP1;ZESTAW NAPRAWCZY SPRZ G£A
åCI•GACZ HYDRAULICZNY £OØYSK 20T;åCI•GACZ HYDRAULICZNY £OØYSK 20T åCI•GACZE PIAST
1305070125;LAMPA 128X110 DIODA 30V
LMI19719;KO—C”WKA DR•ØKA KIEROWNICZEGO
AMER0031AGNS;SZYBA CZO£OWA MERCEDES CITARO 6286710610
SET1336;£OØYSKO PIASTY SET 1336
85180;WIDE£KI SPRZ G£A SETRA
WA21000E3;CEWKA ZAWORU E-CAS BOCZNA
04577;ZESTAW NAPRAWCZY WA£KA ROZPIERACZA
12V C5W;ØAR”WKA 12V C5W
915109;MECHANIZM ELEKTRYCZNY ZAMKA 24V
PANEL LEDOWY 18 LED PMT;PANEL LEDOWY 18 LED PMT
KR60062R;OKULAR ZACISKU
KR60087RP;ZESTAW NAPRAWCZY SPRZ G£A MECHANIZMU SAMOREGULACJI
KR60089RP;ZESTAW NAPRAWCZY ZACISKU MAJULCOWEGO
KR60023R8.1;DèWIGNIA ZACISKU HAMULCOWEGO
27880;PODUSZKA SILNIKA MAN D0826
QB1091293;ZESTAW MONTAØOWY KLOCKA HAMULCOWEGO
132801141;STEROWNIK PO£OØENIA FOTELA MB 306
348208231;DOCISK SPRZ G£A
2339101050;CEWKA ROZRUSZNIKA MA£A
2339450020;CEWKA ROZRUSZNIA DUØA
C6W002ABE;B BEN HAMULCOWY
C0W001ABE;SZCZ KA HAMULCOWA
REQ1;ZAW”R G£OWNY HAMULCA WABCO
ZESTAW NASADEK;"ZESTAW NASADEK 1/2"" 9SZT TORX"
FE18226;KR”CIEC UK£ADU CH£ODZENIA
6272;£OØYSKO 6272
60002;£OØYSKO 60002
4390NP01;MIECH ZAWIESZENIA TY£ ACTROS/AXOR
290250;KLUCZ DO WTRYSKIWACZY KR”TKI
KOLANKO UK£ADU WYDECHOWEGO FI 89;KOLANKO UK£ADU WYDECHOWEGO FI 89
7700920001;ZAW”R ZABEZPIECZAJ•CY CIåNIENIE
1287601;TULEJKA DR•ØKA STABILIZATORA TY£ MB 705
R32P2;ZESTAW NAPRAWCZY
TKANINA OBICIOWA 16MB;TKANINA OBICIOWA 16MB
101209002;£OØYSKO OPOROWE
WA22004;ZAW”R OGRANICZAJ•CY CIåNIENIA EBS
00081112407101;WSPORNIK
FE26058;PODUSZKA STABILIZATORA
WA4200013.1;T£OK KOMPRESORA 85,25 MM
WA4200015SM;PIERåCIENIE KOMPRESORA 85,25 MM
VAN31907MN;ODB”J UK£ADU WYDECHOWEGO
2007000330;OPASKA TAåMOWA
MB1633;LAMPA KIERUNKOWSKAZU O405
585000;POMPA HAMULCOWA HYDRAULICZNA AUTOSAN H9
QB1050569;ZESTAW MONTAØOWY SZCZ K HAMULCOWYCH
282983;PRZEGUB SKRZYNI BIEG”W
AP189;FILTR POWIETRZA AP189
B BEN HAMULCOWY 410X238 MERCEDES TY£;B BEN HAMULCOWY 410X238 MERCEDES TY£
04860000101;CZUJNIK ABS
FE07534;NAK£ADKA NA PEDA£
FE18740;SWORZE— WAHACZA PRZ”D
WK820/17;FILTR PALIWA WK820/17
OX153/7D2;FILTR OLEJU OX153/7D2
FE07532;NAK£ADKA NA PEDA£
C35003;FILTR POWIETRZA
31500013;KIERUNKOWSKAZ W LUSTERKU
PRZEWOD PALIWA 10/B14X1,5 L-600;PRZEW”D PALIWA 10/B14X1,5 L-600
2218209110;CZUJNIK POZIOMU P£YNU
0160100016;SWORZE— WAHACZA PRZ”D
389522;ORINGI GUMOWE
EL139090;USZCZELKA TURBOSPR ØARKI
BTH1187;TERMOSTAT CIECZY CH£ODZ•CEJ
4806200045E;ZAW”R KO£A
4806201402E;KAPTUREK DO ZAWORU
5630;ØAR”WKA LED H3
3568601064;TR”JNIK ZEWNETRZNY SPRYSKIWACZA SZYB
KR60024R8;POKRYWA ZACISKU HAMULCA Z CZUJNIKIEM
150104025BP;ZDERZAK PRZ”D SETRA 315UL
CUK29005;FILTR KABINY
C28004;FILTR POWIETRZA
HU7044Z;FILTR OLEJU
130X170X17;USZCZELNIACZ 130X170X17
KR17004;ZAW”R CZTEROOBWODOWY AE4178
APV1085;ROLKA NAPINACZA IVE 231
LB5400EL;LUSTERKO ZEWN TRZNE
K1263;FILTR KABINY
TYP65-1/PD;PODSTAWA DOLNA SETRA 315
MANMR006L;LUSTERKO ZEWN TRZNE MAN
9730060030;ZAW”R PRZEKAèNIKOWY MAN/MB 111
AP107/7;FILTR POWIETRZA
RNA023;NAGRZEWNICA MAN LION
KR17000;ZAW”R CZTEROOBWODOWY ZABEZPIECZAJ•CY
6PK1830;PASEK 6PK1830
500320;ROLKA NAPINACZA MAN A23
WA4760053;G£OWICA KOMPLETNA
00465454;WK£AD PODUSZKI SILNIKA
DBDL7269;DR•ØEK KIEROWNICZY MB ACTROS MB 611
LP0985;KLOCEK HAMULCOWY KPL.
D4577;ZESTAW NAPRAWCZY ZACISKU HAMULCOWEGO
D7026C;ZESTAW NAPRAWCZY ZACISKU HAMULCOWEGO
GDB1534;KLOCEK HAMULCOWY KPL.
GE3-5;åWIECA ZAP£ONOWA
CQ2010013;BENDIKS ROZRUSZNIKA
0604010089;KRZYØAK WA£U FI 38X107,5
LB080W;ØAR”WKI LED
MALB327W;ØAR”WKI LED
MB7315;USZCZELKA FILTRA OLEJU
MB1402;PANEWKA KORB.
MB1386;PANEWKA G£”WNADB ATEGO
MB6403;PIERåCIE— OPOROWY WA£U
MB1316-1;KOMPLET PIERåCIENI 1-T£OK F1102
ZESTAW NAPRAWCZY;ZESTAW NAPRAWCZY
225302;CZUJNIK BLOKADY TYLNEGO MOSTU
TURDUS SHPD 5L;OLEJ TURDUS SHPD 5L
KR60023R1;DèWIGNIA ZACISKU HAMULCOWEGO
OLEJ MOBIL 5W40 4L;OLEJ MOBIL 5W40 4L
VKBA6944;ZESTAW £OØYSK KO£A
KR5090056;USZCZELKI I ZAWORY KOMPRESORA
KR5090060;G£OWICA KPL. KOMPRESORA
R15050;ZESTAW £OØYSK KO£A
OLEJ MOTUL SPECIFIC 919D 5W30 5L;OLEJ MOTUL SPECIFIC 919D 5W30 5L
K1154;FILTR KABINY K1154
AP186/1;FILTR POWIETRZA
6293320174;SWORZE— WAHACZA CITARO
54052604;R KAWICE J-RAZ. NITR. R.
01659500;NAKR TKA PIASTY KO£A
0004291024;MODULATOR EBS DB
81521066013;ZAW”R EBS KNORR OE MAN
120X150X12;USZCZELNIACZ PIASTY 120X150X14/20
463351;OGRANICZNIK DRZWI MB AXOR
24338;OGRANICZNIK DRZWI MB 709
41200708;CZUJNIK PO£OØENIA ECAS
KL950;FILTR PALIWA KL950
PN10425;ZAW”R STERUJ•CY CIåNIENIOWY
KR60011R;KOMPLET WSPORNIK”W KLOCK”W
1987435547;FILTR KABINY
LX3031;FILTR POWIETRZA
9700514310;SI£OWNIK SPRZ G£A Z CZUJNIKIEM SETRA
113289;ALTERNATOR MAN TGA 28V
40511;ZESTAW NAPRAWCZY DR•ZEK REAKCYJNEGO
PU999/2X;FILTR PALIWA PU999/2X
52565;ZESTAW NAPRAWCZY ZWROTNICY
OLEJ ORLEN PLATINIUM 5W40 4,5L;OLEJ ORLEN PLATINIUM 5W40 4,5L
AP134/8;FILTR POWIETRZA AP134/8
145X175X12;USZCZELNIACZ PIASTY 145X175X12
OP642/2;FILTR OLEJU OP642/2
12V P21/5W;ØAR”WKA 12V P21/5W
0111548702;ALTERNATOR
9737200737;ZAWIAS DRZWI
08855;DR•ØEK KIEROWNICZY WZD£UØNY
60040;PASTA DO MYCIA R•K ORANGE 3,79
OE682;FILTR OLEJU OE682
4410442040;CZUJNIK CIåNIENIA W UK£ADZIE
H654;ZAW”R NAGRZEWNICY FI22/22
0333008004;PRZEKAèNIK ROZRUCHOWY 150A 12V BOSCH
WA4200013SM;T£OK KOMPRESORA KPL. 85.25 MM
DF2651;TARCZA HAMULCOWA
BS01-040;FILTR POWIETRZA BS01-040
OLEJ PRZEK£ADNIOWY ATF III;OLEJ PRZEK£ADNIOWY ATF III BECZKA
020277;OS£ONA B BNA KPL. L-KO£O MAN 514
12V W3W;ØAR”WKA 12V W3W
CASTROL 5W40 5L;OLEJ CASTROL EDGE 5W40 5L
KLUCZ PNEUMATYCZNY;KLUCZ PNEUMATYCZNY D£3300NM
291540;USZCZELKA KOLEKTORA WYDECHOWEGO
009B40-22/1;WENTYLATOR PROMIENIOWY
AD112761;LINKA HAMULCA R CZNEGO
0484351012;ZAW”R KONTROLNY
245/45 R18;OPONA 245/45 R18
AUG69174;USZCZELNIACZ PIASTY
ENT100085;ELEKTRYCZNA POMPA PALIWA
2702000796;PISTOLET DO DYSTRYBUCJI SMARU
1065ME00;B BEN HAMULCOWY 410X270
160597;DR•ØEK KIEROWNICZY POPRZECZNY L=1702MM MAN 611
02190115013P;T£UMIK UK£ADU WYDECHOWEGO TY£
463403;LINKA DRZWI
463272;KLAMKA DRZWI
MERDH001;ZAMEK/ELEMENTY
05610900;TARCZA HAMULCOWA
215/65R15C;OPONA 215/65R15C
TD393W;SILENTBLOCK WAHACZA PRZ”D
0242245576;åWIECA ZAP£ONOWA
J52055AYMT;SILENTBLOCK BELKI ZAWIESZENIA
30146100003;SILENTBLOCK WAHACZA PRZ”D
87505600;KPL. PANEWEK KORBOWODOWYCH MAN 211
32010;£OØYSKO 32010
CHAINLUBE OFF C3;SMAR DO £A—CUCHA MOTUL
ORLEN PLATINIUM 5W40 1L;OLEJ ORLEN PLATINIUM 5W40 1L
GL-4 80W90 20L;OLEJ PRZEK£ADNIOWY GL-4 80W90 20L JASOL
1501020565;WK£AD LUSTRA
ERKKCS10240/1;KO—C”WKA RURY ERKO KCS 10-150
3219918;NARZ DZIA DO SZYB
3219911;NARZ DZIA DO SZYB
1501010415;LUSTRO PANORAMICZNE
11207;£OØYSKO 11207
15504;TULEJKA WAHACZA DOLNEGO SETRA
B BEN HAMULCOWY SETRA 410X230 TY£;B BEN HAMULCOWY SETRA 410X230 TY£
6226369000;£•CZNIK STABLIZATORA MERCEDES CONECTO PL
712304300;USZCZELKA POKRYWY ZAW.DB
713807510;£OØYSKO KO£A
1785701;PISTOLET DO SMARU
4410328140;CZUJNIK ABS LEWY/PRAWY K•TOWY L-2000
VKMCV51008;NAPINACZ PASKA WIELOROWKOWEGO
9412415813;PODUSZKA SILNIKA MERCEDES ALU PROSTOK•.
CQ1010004;REGULATOR NAPI CIA
CQ1070001;KOMUTATOR ALTERNATORA
5002030042P;MIECH ZAWIESZENIA PNEUMATYCZNEGO
1661375;TERMOSTAT CIECZY CH£ODZ•CEJ DAF SOLARIS
KR60020R1;MOSTEK ZACISKU HAMULCOWEGO SB 6/7
ST20250;SI£OWNIK HAMULCOWY 30/30
CLVO002;LAMPA KIERUNKOWSKAZU PRZ”D
81779710071;W•Ø CH£ODZIWA
8PK1716;PASEK 8PK1716HD
D4740AUT;REPERATURKA ZACISKU NISSAN ALMERA 00
2001000274;åRUBA M20X1,5X50
WA6300051;USZCZELKI + ZAWORY KOMPRESORA
85298;AMORTYZATOR MB 306X507 I/I MB 737
CV5346;FILTR KABINOWY MB220
ADK88639;WAHACZ
TC2395;WAHACZ
0045455414;CZUJNIK CIåNIENIA POWIETRZA MB 301
75463;PODUSZKA SILNIKA IV CARGO 75615/17
E924LI;FILTR KABINOWY
4750100130;ZAW”R OGRANICZAJ•CY CIåNIENIE
KRZYØAK WA£U 19X48;KRZYØAK WA£U 19X48
6103019291959P;OBUDOWA LUSTERKA ZEWN TRZENGO
6297230117;KO£O Ø BATE MECHANIZMU DRZWI
BS01-034;FILTR POWIETRZA
BUS1151;MECHANIZM ELEKTR.OTW.LUKU
KG19008402;POMPA SPRZ G£A PRZY PEDALE MB420
6102021221920P;SZK£O LUSTERKA ZEWN TRZENGO
133218;KRZYØAK WA£U 55X164 RVI 444
135721;T£UMIK WYDECHU
AM20A09;PREPARAT DO KONSERWACJI (BARANEK)
BHS184;ZACISK HAMULCOWY
MA3259;SPOJLER PRZEDNI åRODKOWY G”RNY
PODNOåNIK 10T 2T£OKOWY;PODNOåNIK 10T 2T£OKOWY
PODNOåNIK 20T 1T£OKOWY;PODNOåNIK 20T 1T£OKOWY
6PK1453;PASEK 6PK1453
MT31658;KO£O NAPINACZA
STR10362;DR•ØEK KIEROWNICZY POPRZECZNY
75652;POKRYWA PIASTY
02ME009;TARCZA HAMULCOWA
WZF1022;FILTR POWIETRZA WZF1022
0601090064;£•CZNIK GUMOWY FI 57X49
24V W5W;ØAR”WKA 24V W5W
466481;DèWIGNIA ROZPIERACZA HAMULCA
6003000061P;ELEMENT DRZWI
1305010822;LAMPA WYåWIETLACZA åREDNIA SKOåNA LED
3114801;KO—C”WKA DR•ØKA KIEROWNICZEGO
KR60042R9;POKRYWA PLATIKOWA ZACISKU SB7 MAN
1305010812;LAMPA WYS. åREDNIA SKOåNA LED 140
1305010718;LAMPA WYS. D£UGA £AMANA LED W1 PRAWA
1305010713;LAMPA WYS. D£UGA £AMANA LED W1 LEWA
1305010773;LAMPA WYS. KR”TKA PROSTA LED 134 PRAWA
1305010767;LAMPA WYS. KR”TKA PROSTA LED 134 LEWA
1502040067;OGRANICZNIK DRZWI MB ATEGO 1217
36732025011;MASKOWNICA
09045;PODUSZKA SKRZYNI BIEG”W
A3578800270;ZDERZAK PRZEDNI CZ. åRODKOWA
A3578850001;ZDERZAK PRZEDNI CZ. LEWA
A3578850101;ZDERZAK PRZEDNI CZ. PRAWA
A0008203721;KIERUNKOWSKAZ PRZEDNI LEWY/PRAWY
9425420017;CZUJNIK POZIOMU P£YNU W ZBIORNIKU
WZF1048;FILTR KABINOWY WZF1048
06057;KO£O ZAMACHOWE MB233
35909901;W£•CZNIK CIåNIENIOWY 0,6 BAR MAN 301
BS02487;FILTR KABINY BS02487
F53597;£OØYSKO F53597
"TARCZA SPRZ G£A FI420 2""10";"TARCZA SPRZ G£A FI420 2""10"
E4948LI;FILTR KABINY E4948LI
32084;USZCZELKA CH£ODNICZY CZARNA
GDB1325;KLOCKI HAMULCOWE TY£
56255;SILENTBLOCK RESORU
122980;USZCZELKA POPMY PALIWA
CU50102;FILTR KABINOWY MB 220
DF6510S;TARCZA HAMULCOWA TY£
901490;AMORTYZATOR SETRA 370X550 PRZ”D
V1385;GRZA£KA OSUSZACZA KPL.
420521;USZCZELNIACZ 145X175X16
468498;SPINKA MB 709
48X126;KRZYØAK WA£U 48X126
MB4639;DR•ØEK STABLIZATORA £•CZNIK RH
MOT105784;OLEJ PRZEK£ADNIOWY MOTUL
6PK2250;PASEK KLINOWY 6PK2250
2002329A;ZESTAW NAPRAWCZY ZAWORU
16467;POKRYWA
GDB1557;KLOCKI HAMULCOWE KPL.
532050510;ROLKA PROWADZ•CA PASEK WIELOROWKOWY
0695204/0;ELEMENTY MONTAØOWE KLIMATYZACJI
220400123;FARTUCH B£OTNIKA 620X230
D41124C;ZESTAW NAPRAWCZY ZACISKU HAMULCOWEGO
84831050;WA£ NAP DOWY PRZEGUBOWY
MR528836;FILTR SKRZYNI BIEG”W
ME7004;SPR ØYNA SI£OWNIKA STOØKOWA 16/20/24 112
09742801;DR•ØEK åRODKOWY D£ 1635MM MB611
BS02490;FILTR KABINY
OLEJ PAG 46 5L;OLEJ PAG 46 5L
R134A;CZYNNIK DO KLIMATYZACJI R134A
2/17x1800;PASEK 2/17x1800
13X915;PASEK KLINOWY 13X915
925194;DR•ØEK STABLIZATORA DB SPRINTER LEWY
925195;DR•ØEK STABLIZATORA DB SPRINTER PRAWY
WS2548;CZUJNIK TEMPERATURY WODY
4801030630;MODULATOR WABCO EBS
BS02031;FILTR KABINY BS02031
0484205006;CZUJNIK CIåNIENIA OBCI•ØENIA OSI
20222201;FILTR KABINY MB 220
6PK1090;PASEK 6PK1090
VKMC91303;ZESTAW ROZRZ•DU
531072910;KO£O PROWADZ•CE VAG 1.9TDI
538033910;POMPA WODY
2705000173;PRZEW”D DIAGN.
4006215;OS£ONA PRZEK£ADNI KIEROWNICZEJ
915597;DR•ØEK KIEROWNICZY
TR100301S1;BARWNIK UV
KTT50002;ELEMENTY MONTAØOWE KLIMATYZACJI
A148;FILTR POWIETRZA A148
80001580;FILTR KABINOWY 80001580
OLEJ 80W90 PRZEK.JASOL 5L;OLEJ 80W90 PRZEK.JASOL 5L
9PK2295;PASEK WIELOROWKOWY 9PK2295
WA4200018SM;PIERåCIENIE T£OKOWE KOMPRESORA 86,00 SM
WK£AD FILTRA OLEJU;WK£AD FILTRA OLEJU
ELEKTROMAGNES SPR ØARKI;ELEKTROMAGNES SPR ØARKI
AMGLOS;ZESTAW TARCZ DO SZLIFOWANIA/SATYNOWANIA
230055;ZESTAW NAPRAWCZY ZWROTNICY MAN 602
0003201032;£•CZNIK STABILIZATORA SETRA PRZ”D L MB TOURISMO L=148
PASEK KLINOWY XPB 2360 XE;PASEK KLINOWY XPB 2360 XE
210/120;ATRAPA
WA07068;SI£OWNIK SPRZ G£A
22X1000;PRZEW”D SILIKONOWY 22X1000
3520100468;KOREK WLEWU OLEJU
135082;ZESTAW NAPRAWCZY SKRZYNI BIEG”W
KLEJ UNIWERSALNY 235ML;KLEJ UNIWERSALNY 760 235ML
SZNUR PERMACURE II 95MM 220-SZT;SZNUR PERMACURE II 95MM 220-SZT
SZNUR PERMACURE 130MM 224-SZT;SZNUR PERMACURE TECH 130MM 224
826577;SPRZ G£O KPL. DACIA LOGAN 1.4
10PK1150;PASEK WIELOKLINOWY 10PK1150
VKMC949201;ZESTAW ROZRZ•DU
PNA0139;PRZEW”D PRZY£•CZENIOWY CZUJNIKA KLOCK”W 2200MM
ZM026;MOD£U£ ZAP£. CITROEN
463776;NAPINACZ PASKA MB 216
230069;ZESTAW NAPRAWCZY ZWROTNICY NA Oå 223X50M
56970;PODUSZKA ZAWIESZENIA SILNIKA SETRA
SYNTRANS FE 75W;OLEJ PRZEK£ADNIOWY SYNTRANS FE 75W
KE60042R9;POKRYWA PLASTIKOWEGO ZACISKU SB7 MAN
9347144000;ZAW”R ZABEZPIECZAJ•CY CZTEROOBWODOWY MAN111
7257002050;PI”RA WYCIERACZEK 800
3182600225;£OØYSKO SPRZ G£A
AP130/9;FILTR POWIETRZA
DPOWER11;åWIECA ØAROWA DB SPRINTER
DRM0385;USZCZELKA TERMOSTATU
H219WK;FILTR PALIWA
OLEJ CASTROL VECTON 10W40 20L;OLEJ CASTROL VECTON 10W40 20L
0160600042;£•CZNIK DR•ØKA STABILIZATORA
0429300100104293001001;PROFIL
54404;ZESTAW NAPRAWCZY DR•ØKA STABILIZATORA
633540;USZCZELKA CH£ODNY OLEJU
380770;USZCZELKA KOLEKTORA SS•CEGO
812370860;USZCZELNIACZ WA£U KOROBOWEGO
E824H;FILTR OLEJU CITARO N/TYP
E445KP;FILTR PALIWA
802447620;USZCZELNIACZ WA£U KORBOWEGO
338710;ZESTAW USZCZELEK G£OWICY CYLINDRA
KX400KIT;FILTRA PALIWA KX400KIT
0XP11SAL;URZ•DZENIE DIAGNOSTYCZNE
4461950210;STEROWNIK MIEJSKI
0074209220;KLOCKI HAMULCOWE PRZ”D
2115401717;CZUJNIK ZUØYCIA KLOCK”W
BB1B446740;£OØYSKO P”£OSI NAP DOWEJ
411017010;ZESTAW åRUB KO£A ZAMACHOWEGO
928093;SKRAPLACZ KLIMATYZACJI
2128801383;OS£ONA CH£ODNICY
2128851181;TABLICA NUMERU REJESTRACYJNEGO
MODU£ WENTYLATORA;MODU£ WENTYLATORA
222268;REFLEKTOR VOLVO PRZ”D
283864;LAMPA KIERUNKOWSKAZU ACTROS MA£A NAROØNA
530020133;ZESTAW PASKA ROZRZ•DU
4341001307;ZAW”R PNEUMATYCZNY D£AWIK
BS04022;FILTR SEPARATOR PALIWA
1302040015;KLOSZ LAMPY TY£ ATEGO
HU719/7X;FILTR OLEJU
940022;CH£ODNICA KLIMATYZACJI
55279;GA£KA ZMIANY BIEG”W
01320300;TULEJA STABILIZATORA
ABEC0001;OBUDOWA £OØYSKA ALTERNATORA PLAS.
007950024750;ZESTAW DO P£UKANIA KLIMATYZACJI
007950026630;P£YN DO P£UKANIA KLIMATYZACJI
VKJA5824;PRZEGUB NAP DOWY
QCC0085;ELEKTROMAGNES SPRZ G£A KLIMATYZACJI
DCP32006;KOMPRESOR KLIMATYZACJI
36253206003;LAMPA TY£ KIERUNKOWSKAZU MAN N/TYP LIONS
6718110211;MOCOWANIE LUSTERKA MERCEDES CITARO (okr. wty.)
0242255509;åWIECA ZAP£ONOWA CNG BOSCH
OP592/8;FILTR OLEJU
KLEJ SPECIAL CEMENT BL 650G;KLEJ SPECIAL CEMENT BL 650G
£ATKA DO OPON UP 6;£ATKA DO OPON UP 6
K964;FILTR POWIETRZA KABINOWY MB 220
GDB1938;KLOCKI HAMULCOWE
SILZNAR8C7H;åWIECA ISKROWA NGK 93593
55290;NAKR TKA SAMOHAMOWNA OCYNKOWANA
68266;TUBA MOCOWANIA RESORU
9408851131;WSPORNIK MB819
12V 10W;ØAR”WKA 12V 10W
12V R5W;ØAR”WKA 12V R5W
195096;TULEJA WAHACZA CITARO (cukierek)
01070200A;POMPA WODY MB 202
33019;£OØYSKO 33019
681024;TULEJA PI”RA RESORU MB 705
51603;OBEJMA STAB.VO. FI75 FL
1205000015;BEZPIECZNIK P£YTKOWY 5A
0505010118;ZESTAW NAPRAWCZKI POMPKI SPRZEG£A MAN F90
1301990164;åRUBA REGULACJI REFLEKTORA
1301990167;UCHWYT REGULACJI REFLEKTORA
1301990155;MOCOWANIE REFLEKOTRA
OLEJ HYDRAULICHNY HLP46 5L;OLEJ HYDRAULICHNY HLP46 5L
1301010395;REFLEKTOR
6299502855;OS£ONA POD£OKIETNIKA SETRA SREBRNA PRAWA NDE RE (LACKIERT)
6299502755;OS£ONA POD£OKIETNIKA SETRA SREBRNA LEWA NDE LI (LECKIERT)
0009109438;ZAW”R FOTELA DB
OPONA 225/45 R18;OPONA 225/45 R18
1457070013;FILTR PALIWA
534005910;NAPINACZ PASKA
E19HB83;FILTR OLEJU
E488L;FILTR POWIETRZA
F23022;PODUSZKA SILNIKA
BS01-124;FILTR POWIETRZA BS01-124
1301010383;REFLEKTOR
D4365;ZESTAW NAPRAWCZY ZACISKU HAMULCOWEGO
0160020RH;LAMPA KIERUNKOWSKAZU AXOR 04 PRAWY PRZEDNI
10443;TULEJA RESORU RVI DXI 12/13
OLEJ CASTROL POWER 1 10W40 1L;OLEJ CASTROL POWER 1 10W40 1L
KR23933;SPR ØYNA GAZOWA POKRYWY BAGAØNIKA
145X175X14/12;USZCZELNIACZ 145X175X14/12
F21611;TULEJA WAHACZA FIAT DUCATO
BS01-051;FILTR POWIETRZA
CW751;FILTR P£YNU CH£ODNICZEGO CW751
72062;DèWIGNIA ROZPIERACZA
NE1002;B BEN HAMULCA 410X235 NEOPLAN/CONECTO (z otworami)
SZYBA CZO£OWA MAN A01;SZYBA CZO£OWA MAN A01
544008020;KO£O PASOWE
6605502;KRZYØAK WA£U
21698;OS£ONA PRZEK£ADNI KIEROWNICZEJ
17923311500;ZESTAW NAPRAWCZY SIERØANTA
SMAR SHELL GADUS S2 18KG;SMAR SHELL GADUS S2 18KG
0002712305;POKRYWA FILTRA OLEJU
4571801920;PRZEW”D SMAROWANIA TURBINY OM457
D8W035TT;WENTYLATOR CH£ODNICY
62798701257E;OBUDOWA PLASTIKOWA
205/75 R16C;OPONA XL 95V
WA4200016SM;PIERåCIE— KOMPR. 85,50 MM
160587;DR•ZEK KIEROWNICZY POPRZECZNY SETRA S215
493440;USZCZELKA KOLEKTORA SS•CEGO 95 DAF 212
89186110;TULEJA CYLINDRA MAN/MERCEDES D2866/OM447
KR24665;SPR ØYNA GAZOWA POKRYWY BAGAØNIKA
WK0513;DRUT DO WYCINANIA SZYB
AM413;FILTR POWIETRZA AM413
6003000143P;ELEMENT DRZWI
STR90906;STABILIZATOR
01SE001;B BEN HAMULCOWY SETRA TY£ 410X230 WYS,281
1133042;CH£ODNICA CIECZY BEZ RAMY
1602030183;DMUCHAWA
VKMCV51006;NAPINACZ PASKA
8PK1655;PASEK KLINOWY 8PK1655
0242035500;åWIECA ISKORWA
C7HSA;åWIECA IKSROWA
JGE280T;AMORTYZATOR
JGT218T;AMORTYZATOR
PX5FC002;AMORTYZATOR PRZ”D
C6P012ABE;B BEN HAMULCOWY
LMI12834;TULEJA £•CZNIKA STABILIZATORA
0433171901;KO—C”WKA WTRYSKIWACZA DAF
79638;RAMI  ROZPIERAKA
79637;RAMI  ROZPIERAKA
B BEN HAMULCA 410X238;B BEN HAMULCA 410X238 MERCEDES TY£
225205;DR•ØEK REAKCYJNY MAN BUS 95R L-330MM
51370;ZESTAW NAPRAWCZY SZCZEK
30821;ZESTAW NAPRAWCZY DR•ØKA REAKCYJNEGO 75X130
22766;PODUSZKA SILNIKA
33792010017;WSPORNIK PRAWY
33792005036;WSPORNIK PRAWY
81792400121;K•TOWNIK
33792010037;BLASZANY WSPORNIK PRAWY
81971156036;RYGIEL SKR TNY
36792005002;WSPORNIK
88251400005;WSPORNIK
33792005033;WSPORNIK PRAWY
88251400006;WSPORNIK
33792005029;WSPORNIK
36792005000;WSPORNIK
33792010038;J ZYCZEK ZAMYKAJ•CY
88792015040;SPOILER CZ å∆ åRODKOWA
WA07063;SI£OWNIK SPRZ G£A Z CZUJNIKIEM
465666;DR•ZEK KIEROWNICZY SETRA POPRZECZNY 680MM Z REGULACJ•
BS04034;FILTR PALIWA
0004303026;SI£OWNIK GASZENIA/PODNOSZENIA OSI
51274210339;CZUJNIK CIåNIENIA OLEJU MAN N/TYP
4105830;TERMOSTAT 83C MAN
717470;USZCZELKA CH£ODNICY OLEJU
1101000354;T£UMIK
1102001332;RURA WYDECHOWA
81251016585;LAMPA REFLEKTOROWA PRAWA STRONA
81253206112;REFLEKTOR DODATKOWY åWIAT£O KIERUNKOWSKAZU
SD0079AAS;BENDIX ROZRUSZNIKA
SS0027AS;ELEKTROMAGNES ROZRUSZNIKA 4 úruby INTEGRO
REGENERACJA WA£U P DNEGO;REGENERACJA WA£U
ME60146R;POKRYWA I OKULAR ELSA 2
0528003203;CZUJNIK TEMPERATURY POWIETRZA W ELEKTROZIE (2 SRUBY) MAN
MMTA040D0072;DYWANIKI GUMOWE
ZAWOREK D TKI;ZAWOREK D TKI
G20133GEKO;KLEJ DO PISTOLETU
YT82401;PISTOLET DO KLEJU
199060;USZCZELKA POKRYWY
208556775;ZBIORNIK CH£ODNICY
3000950083;SPRZ G£O KPL.
SBU9048AS;TULEJKA ROZRUSZNIA BOSCH
226967;PAS DO MOCOWANIA £ADUNKU 4T
V1243;åRUBA
MA2679;£OØYSKO WA£U ATAKU AV132
3397004990;PI”RA WYCIERACZKI 300MM
576079;PI”RA WYCIERACZKI 350MM
576093;PI”RA WYCIERACZKI 600MM (ciÍø)
ARE0054;REGULATOR MAN
CO07019089B;USZCZELNIACZ P”£OSI
CO07019090B;USZCZELNIACZ MOSTU TY£
462923;CZUJNIK POZIOMU OLEJU SILNIKOWEGO
696090;CH£ODNICA WODY MAN LIONS CITY MAN
37119;WAHACZ
37120;WAHACZ
DF2722;TARCZA HAMULCOWA
4410401010;CZUJNIK CIåNIENIA PODUSZEK
28499;KO—C”WKA DR•ØKA KIEROWNICZEGO
2BM006692027;LAMPA KIERUNKOWSKAZU BOK
1507080033;OBUDOWA STOPEK
14913C;CZUJNIK TEMPERATURY
0023336288;£OØYSKO PIASTY WIEKSZE RVI 748
HU1297X;FILTR OLEJU
HIACC000000000000;CI ØAREK KLEJONY STALOWY CYNKOWANY PREMIUM 60G
HEACALU0500000000;CI ØAREK NABIJANY NA FELGI ALUMINOWE STANDARDOWY O£OWIANY 5G
HEACALU1000000000;CI ØAREK NABIJANY NA FELGI ALUMINOWE STANDARDOWY O£OWIANY 10G
HIACCZN150000000000;CI ØAREK NABIJANY NA FELGI STALOWE CYNKOWY 15G
HIACCZN2000000000;CI ØAREK NABIJANY NA FELGI STALOWE CYNKOWY 20G
HIACCZN3000000000;CI ØAREK NABIJANY NA FELGI STALOWE CYNKOWY 30G
HEACALU4000000000;CI ØAREK NABIJANY NA FELGI ALUMINOWE STANDARDOWY O£OWIANY 40G
DLANZIELONA000000;PASTA MONTAØOWA 4KG ZIELONA
HEANPEDZELO000000;P DZEL KR”TKI
LOAZTR413C0000000;ZAW”R GUMOWY CHROMOWANY DO K”£ BEZD TKOWYCH Z KAPTURKIEM
LOANWT21000000000;SZCZYPCZE KLESZCZE DO NABIJANIA CI ØARK”W
LOANVT042N0000000;PRZECI•GACZ ZAWOR”W METALOWY Z OS£ON• PLASTIKOW•
1806720;PODUSZKA SILNIKA PRZ”D
FILTR OLEJU DAF 218;FILTR OLEJU DAF 218
RPD203406;DYWANIKI GUMOWE
REGENERACJA ZACKISKU HAMULCA;REGENERACJA ZACKISKU HAMULCA
OM447;TULEJA CYLINDRA
PI”RA WYCIERACZEK 550MM;PI”RA WYCIERACZEK 550MM
OE650;FILTR OLEJU
WA17091;ZAW”R ZABEZPIECZAJ•CY
DOCISKFI420;DOCISK SPRZ G£A FI420 BOVA,MAN
07067000;WIDE£KI SI£OWNIKA HAMULCOWEGO
190606012;LAMPA PRZECIWMGIELNA PRZ”D
45077;PRZEW”D DOLOTOWY POWIETRZA
QB1091681;ZESTAW MONTAØOWY KLOCKA HAMULCOWEGO
SILIKON SILNIKA;SILIKON SILNIKOWY 200ML CZARNY/SZARY
SILIKON SZARY K126;SILIKON SZARY K126
SMAR PRZYCZEPNY S417 500ML;SMAR PRZYCZEPNY S417 500ML
LOC3450;KLEJ DO METALU
TEE1432;KLEJ DO METALU
04293001001;PROFIL
713610900;ZESTAW £OØYSK KO£A Z PIASTA
ARC0050;MOSTEK PROSTOWNICZY ALTERNETORA
YT7302;MIERNIK CIåNIENIA SPR ØANIA ADAPTER
HEAC4105005005100;CIEØAREK NABIJANIA NA FELGI STALOWE STANDARDOWY O£OWIANY (100 SZTUK)
2339402160;W£•CZNIK ELEKTROMAGNETYCZNY MAN
768391;USZCZELKA MAN 212
2186300;USZCZELKA TURBINY MAN 212
77869;CZUJNIK W£. WENTYLATORA MAN GW,M14
008B4502/4;WENTYLATOR NADMUCHU NAGRZEWNICY CITARO
23641;KO—C”WKA DR•ØKA KIEROWNICZEGO
DF2780;TARCZA HAMULCOWA
LMI37118;WAHACZ ZAWIESZENIA KO£A PRZ”D
64304185;KLEJ EPOKSYDOWY SZARY 30G K154 DO METALU
0009829608;AKUMULATOR DODATKOWY
LE2186500;USZCZELKA KOLEKTORA WYDECHOWEGO
F026400133;FILTR POWIETRZA
861230;DYWANIKI GUMOWE
39807;DR•ØEK KIEROWNICZY WZD£UØNY
K1169A;FILTR KABINY
OX404D;FILTR OLEJU OX404D
AP032/9;FILTR POWIETRZA
F026402106;FILTR PALIWA
CHLAPACZ BEZ NAPISU;CHLAPACZ BEZ NAPISU 620X410
TTAL5121207000000;WK£AD RADIALNY TL120
KKANBIALA00000000;KREDA BIA£A 10SZT.
LOANTRVC8S0000000;KR”TKI KAPTUREK PLASTIKOWY, CZARNY 100 SZT
9324000240;OSUSZACZ CITARO WABCO KPL
245/70-19,5 BZE1;OPONA 245/70-19,5 BIEØNIKOWA
TYC205342182;REFLEKTOR
21219G9RLDUE;LAMPA TYLNA
21219G9LLDUE;LAMPA TY£
29904;SWORZE— WAHACZA
MOT105773;OLEJ PRZEK£ADNIOWY MOTUL
771030430;PRZEGUB VW GOLF IV
03548;SWORZE— WAHACZA
RC5496;SPR ØYNA SEAT CORDOBA 96
MANMR023;SZK£A LUSTERKA ZEWN TRZNEGO
265333;T£UMIK DRGA— UK£ADU WYDECHOWEGO
4801040090;MODULATOR-KOREKTOR SI£Y HAMOWANIA
1106000093;SI£OWNIK HAMULCA 20/24 05-BCT20/24-K05
0602020139;GA£KA DèWIGNI ZMIANY BIEG”W
9408200161;REFLEKTOR PRZEDNI MB AXOR L MB 333
U5104;CEWKA ZAP£ONOWA
3476201;PODUSZKA WAHACZA
0405000046;POMPA WODY
60088287;CH£ODNICA OLEJU VO 231
205/55/R16;OPONA MATADOR 91V SNOWPRO
REGENERACJA SPR ØARKI;REGENERACJA SPR ØARKI POWIETRZA 1-T£OKOWEJ
0061512201;ROZRUSZNIK ALTERNATORA MB ATE.1,2 AXOR, VARIO 97-13 MAHLE
6K3837085A;LINKA
BEZP498125;BEZPIECZNIK MIDI 150A
0332209206;PRZEKAèNIK DB MAN
K1256;FILTR KABINY
KR60024P;PLASTIKOWA Z BATKA POTENCJOMETR”W CKSK16
099999058;POKRYWA MB819
6601013512807P;NADKOLE PLASTIKOWE
6601013512808P;NADKOLE PLASTIKOWE
RP110920;NADKOLE PLASTIKOWE
RP110919;NADKOLE PLASTIKOWE
860048;ZBIORNIK POWIETRZA 30L 276X599,5MM
27595;KO—C”WKA DR•ØKA KIEROWNICZEGO
ASM01045;T£UMIK UK£ADU WYDECHOWEGO T£UMIKA
6PK1740;PASEK 6PK1740
AP080/10;FILTR POWIETRZA PEUGOT
E69KP;FILTR PALIWA
AKUMULATOR 61AH;AKUMULATOR 61AH
G125L;P£YN DO CH£ODNIC VACARO G12 5L
0206000277;PODUSZKA ZAWIESZENIA SILNIKA MAN
26775;£•CZNIK STABILIZATORA
155/70R13;OPONA 155/70R15
NAKR TKA M12;NAKR TKA M12
KR60030R;ZESTAW NAPRAWCZY ZACISKU HAMULCOWY
1102000752;RURA WYDACHOWA MAN L2000
462452;USZCZELKA G£OWICY
SRUBA M10X70;SRUBA M10X70
155/80R13;OPONA ECOPOWER 98H
H1004;KOMORA SPALANIA THERMO
4644NP02;RESOR
MA1457;USZCZELKA DOLNA DRZWI
KG239513;POMPA SPRZ G£A
3468;ZESTAW DO PLOMBOWANIA
D£UGOPIS Z MAGNESEM;D£UGOPIS Z MAGNESEM
PODNOåNIK S£UPKOWY 10T NISKI YATO;PODNOåNIK S£UPKOWY 10T NISKI YATO
PODNOåNIK HYDRAULICZNY 15T;PODNOåNIK HYDRAULICZNY 15T
LAMPA WARSZTATOWA LED;LAMPA WARSZTATOWA LED
£OZYSKO 639 ZZ;£OZYSKO 639 ZZ
åRUBY;åRUBY
1403263;BEZPIECZNIK MEGAVAL 125A
OLEJ MOBIL SUPER 10W40 4L;OLEJ MOBIL SUPER 10W40 4L
LPR07380;SZCZ KI HAMULCOWE FORD FOCUS
40920;DR•ØEK KIEROWNICZY WZD£UØNY MERCEDES CITARO 928MM
F19089;£OØYSKO F19089
ZR903X;FILTR OLEJU ZR903X
OP550;FILTR OLEJU OP550
98421;OS£ONA PRZECIWDESZCZOWA SC 347 RURY WYDECHU
OE685/2;FILTR OLEJU OE685/2
6429V5;RAMIE WYCIERACZKI
265/75R16;OPONA
WA6300002;G£OWICA KPL
BS01-017;FILTR POWIETRZA
DBME007TT;ZBIORNIK WYR”WNAWCZY INTEGRO
TERZEPK02;NARZ DZIA DO SZYB
1501020192;WK£AD LUSTRA
185/65R15;OPONA
225/70R15C;OPONA 225/70R15C
1131018;CH£ODNICA CIECZY BEZ RAMY MAN BUS
116299;ELEMENTY UK£ADU SPRYSKIWACZA
770814;FILTR HYDRAULICZNY VO 218
D15191;ZAW”R AD BLUE
GP06XABC/GT;GASNICA GP06XABC/GT
WGP04/1/K;WIESZAK ZACZEPOWY
0241229604;åWIECA ISKROWA
290887;AMORTYZATOR
94469600;T£OK KPL. FI 128
124671;PRZEGUB SZKRZYNI BIEG”W
02182419003250;WKR TY 4,2X19
02182425003250;WKR TY 4,2X25
08934690376;PASTA DO OBR”BKI POWIERZCHNI
54635;ZESTAW NAPRAWCZY
5002030141P;MIECH ZAWIESZENIA
KR24537;SPR ZYNA GAZOWA
EA722;KRZYØAK WA£U
44129225;USZCZELNIACZ STAR S266
0005002322;POMPA HYDRAULICZNA WENTYLATORA
ROZPUSZCZALNIK NITRO SPEC 5L;ROZPUSZCZALNIK NITRO SPEC 5L
ROZCIE—CZALNIK EKSTRAKCYJNY 5L;BENZYNA ROZCIE—CZALNIK EKSTRAKCYJNY 5L
SPRAY TOP SERWIS CZ;SPRAY TOP SERWIS CZ
PODK£AD W SPREY;PODK£AD W SPREY
TAåMA 38MM;TAåMA 38MM
FARBA LAKMA ANTYKOR Z”£TA 0,75L;FARBA LAKMA ANTYKOR Z”£TA 0,75L
FARBA LAKMA ANTYKORGRAFIT 0,75L;FARBA LAKMA ANTYKORGRAFIT 0,75L
FARBA LAKMA ANTYKOR CZARNA 0,75L;FARBA LAKMA ANTYKOR CZARNA 0,75L
FARBA LAKMA ANTYKOR SZARA 0,75L;FARBA LAKMA ANTYKOR SZARA 0,75L
LO3020;USZCZELNIACZ W SPRAYU 400ML
AKUMULATOR 70AH;AKUMULATOR 70AH 680A CONTINENTAL
DF4295;TARCZA HAMULCOWA
3397007570;PI”RO WYCZIERACZKI BEZSZKIELETOWE ASYMETRYCZNE
MB6212;ROZPYLACZ BOSCH
64284150;SZCZELIWO DO åRUB NIEBIESIK 50ML
BUS3759;LAMPA TYLNA POZYCYJNA/STOP SOLARIS
BUS21211;LAMPA COFANIA SOLARIS
MB25541;TUJELA SILNIKA FI 128 DB KS
D4216AUT;REPERTURKA ZACISKU DB 207
0000052054;CEWKA SPRZ G£A KLIMATYZACJI
3219921;NARZ DZIA DO SZYB
1075500;USZCZELKA G£OWICY D2565/66 MAN
42041327;PRZEGUB SKRZYNI BIEG”W
SD5051;BENDIX ROZRUSZNIKA
SS5047;W£•CZNIK ELEKTROMAGNETYCZNY CEWKA ROZRUSZNIKA
540100;BROK G£OWICY
BS01-310;FILTR POWIETRZA
00135N0;PIERåCIE— T£OKOA MB 221
464836;WK£AD LUSTERKA MB 807
160027;KO—C”WKA DR•ØKA ZMIANY BIEG”W LH M12 - M16
06121140129;NAKR TKA PIASTY M95X1,5
0820352241;PODK£ADKA ZABEZPIECZAJ•CE NAKR TKE PIASTY
0241140522;åWIECA ZAP£ONOWA
SZK£O HARTOWANE 5MM;SZK£O HARTOWANE 5MM
GN10690;CEWKA ZAP£ONOWA
A2737;MIECH ZAWIESZENIA PNEUMATYCZNEGO
KYBRA6479;SPR ØYNY DRZWI
340105;POMPA WODY DAF 202
10333600;ZAW”R SKRZYNI BIEG”W
CI ØAREK NABIJANY DO FELG CI ØAROWYCH 15;CI ØAREK NABIJANY DO FELG CI ØAROWYCH
0015451109;CZUJNIK COFANIA
0281610005100;åRUBA £EB STOØKOWY M6X10
02124232003500;WKR T Z £BEM STOØKOWYM 4,2X32
00890516005200;åRUBA £EB STOØKOWY SZEåCIOK•TNY M5X16
KW00080;LAMPA OSTRZEGAWCZA LED 780X326X81MM R65 R10
24V 20W;ØAR”WKA 24V 20W
8W33;åWIETL”WKA L8/33
CKB 272;£OØTSKO CKB 272
9730112050;ZAW”R PRZEKAèNIKOWY
30967;DR•ØEK STABILIZATORA VW T5 03 MULTIVAN
33713;£•CZNIK STABILIZATORA
B75;åWIECA ISKROWA KAWASAKI, TANAKA MA£E
BUS 3965;SZYBA TYLNA SOLARIS 2209-040-152
MB 178-1;KPL. PANEWEK G£”WNYCH DB V8 STD KS
MB183;USZCZELKA MISY OLEJU DB442 EL
MB1056;USZCZELKA OBUDOWY KO£A G”RNA NBR
MB 1465;USZCZELKA P•PY WODY DB/MAN 51.06901.0156
353201;GA£KA ZMIANY BIEG”W MAN 409
490606;ZESTAW USZCZLEK POMPY CIECZY CH£ODZ•CEJ MERCEDES
10000900;LAMPA TY£
BS01004;FILTR POWIETRZA
600012500;ZESTAW SPRZ G£A Z KO£EM DWUMASOWYM
1305050118;LAMPA B£YSKOWA Ø”£TA P£ASKA 6XLED
12V H15;ØAR”WKA 12V H15
1507100160;SPOILER ZDERZAKA AXOR
65204;PODUSZKA SILNIKA
AE4604;ZAW”R
35026;PODUSZKA SILNIKA
B6S;åWIECA ISKROWA
D4216;REPERATURKA ZACISKU DB 207
OM513/1;FILTR OLEJU DB DIESEL
VKMC011482;ZESTAW ROZRZ•DU
87402600;PANEWKI KORBOWODOWE
8702;POMPA WODY
REGENERACJA SPR ØARKI KLIMATYZACJI;REGENERACJA SPR ØARKI KLIMATYZACJI
US£UGA ZBIERANIA ODPAD”W (OPONA);US£UGA ZBIERANIA ODPAD”W (OPONA)
08082;ZAW”R KOMPRESORA KLIMATYZACJI (WYJåCIE NA BOK)
1102910B;CZUJNIK WYSOKIEGO CIåNIENIA
1102911C;CZUJNIK NISKIEGO CIåNIENIA
14846B;ELEKTRODA ZAP£ONOWA THERMO
44429085;PIERåCIE— PRZEDNIEGO MOSTU
0407000612;PRZEW”D INTERCOLERA Q100X250
0433271478;KO—C”WKI WTRYSKIWACZA MB 242
0089084005100;åRUBA £EB STOØKOWA M8X40
NAKR TKA M10;NAKR TKA M10X1,5
NAKR TKA;NAKR TKA
PODK£ADKA M6;PODK£ADKA M6
PODK£ADKA M6 POWI KSZANA;PODK£ADKA M6 POWI KSZANA
PODK£ADKA M8;PODK£ADKA M8
PODK£ADKA M8 POWI KSZANA;PODK£ADKA M8 POWI KSZANA
PODK£ADKA POWI KSZANA M10;PODK£ADKA POWI KSZANA M10
PODK£ADKA OCYNK M10;PODK£ADKA OCYNK M10
£OØYSKO 62/28 2RS;£OØYSKO 62/28 2RS
"NASADKA 1/4"" 6MM";"NASADKA 1/4"" 6MM"
KLUCZ DO FILTRA TAåMOWY;KLUCZ DO FILTRA TAåMOWY
"NASADKA 1/4"" 10MM";"NASADKA 1/4"" 10MM"
OE676/1;FILTR OLEJU
PL420X;FILTR PALIWA DAF
1305011049;LAMPA WYåWIETLACZA åREDNICA LED LD3
1305011048;LAMPA WYåWIETLACZA åREDNIA LED LD3
WP150010;PRZEW”D HAMULCOWY MIEDZIANY 5.00 SZPULA 10M
WP5800125;TR”JNIK PRZEWODKU HAMULCOWEGO MIEDèIIANEGO M10X1,25
1305010715;LAMPA D£UGA £AMANA LED
B2M014PR;FILTR POWIETRZA B2M014PR
21318A;SILNIK OGRZEWANIA DW300/THERMO300
2201000055;PISTOLET DO POWIETRZA
60531197;OBUDOWA SKRZYNI BIEG”W
116341;PI”RO WYCIERACZKI SZKILETOWE
15100583710;FILTR HYDRAULICZNY VO218
17X1575;PASEK KLINOWY 17X1575
Z12D64;FILTR OLEJU Z12D64
9700514147;WYSPRZ GLIK FI 100 MAN 420
KR21988;SPR ØYNA GAZOWA UNIWERSALNA
CO19031741B;USZCZELNIACZ WA£U KORBOWEGO
30204;£OØYSKO 30204
55X80X10;USZCZELNIACZ 55X80X10
1203;£OØYSKO 1203
LOANVT01D00000000;PODW”JNY WKR TAK DO ZAWOR”W
LE306;ZESTAW NAPRAWCZY ZWROTNICY Q52/53X235
10X1238;PASEK KLINOWY 10X1238
36732035009;NAROØNIK TYLNY LEWY
A023/5;FILTR POWIETRZA A023/5
PSW06;PODUSZKA SKRZYNI BIEG”W FORD TRANSIT CUSTOM 2012 -
1201020973;ROZRUSZNIK MAN TGA LIONS
1305010984;LAMPA WYåWIETLACZA BEZ WYSIEGNIKA
OPASKA ZACISKOWE OBEJMY;OPASKA ZACISKOWE OBEJMY
343412;AMORTYZATOR MAZDA 3
GDB3132;KLOCKI HAMULCOWE
K1093;FILTR KABINY K1093
3575001049;ZBIORNIK WYR”WNAWCZY CH£ODZENIA
0201030176;KPL. PIERåCIENI MB FI128
OPLS0515;£•CZNIK DR•ØKA STABILIZATORA
MERSE026;CZUJNIK POZIOMU P£YNU CH£ODZ•CEGO
CO12010895B;USZCZELNIACZ WA£U KORBOWEGO
4604910501;T£UMIK
0089062005100;åRUBA £EB STOØKOWY SZEåCIOK•TNY M6X20
BUS936;PRZEGUB KULOWY
PRZEWOD PALIWA 16X1,5 L-500;PRZEW”D PALIWA 16X1,5 L-500
PRZEWOD PALIWA 16X1,5 L-300;PRZEW”D PALIWA 16X1,5 L-300
MB4169;ZAW”R STEROWANIA SKRZYNI BIEG”W
532055610;ROLKA PROWADZ•C•
534032010;NAPINACZ PASKA
E2W5776BTA;ROLKA NAPINAJ•CA PASKEK WIELOROWKOWY
0605010190;NAKR TKA WA£KA MAN M55X1,5 SW
275/70-22,5 KUMHO;OPONA 275/70-22,5 KUMHO
77723600;PANEWKI KORBOWODU OM457
44385;PIERåCIE— ABS MB805
262868;AKUMULATOR 74AH/680A
2SD003 184031;LAMPA TY£
DODATEK DO OL.NAP. KLEENFLU 20L;DODATEK DO OL.NAP. KLEENFLOW 20L
26577;PODUSZKA KOLUMNY MC PHERSONA
TL-ME012L;LAMPA TY£
DAY8PK2347HD;PASEK WIELOROWKOWY
LOANTR75NT0000000;SONDA DO SZNUR”W (SZYD£O DO SZNUR”W) SEALFIX
TTAL5050196000000;KLEJ SVS-VULC CEMENT 175G/250ML
613428520;USZCZELKA G£OWICY (1CYL) MB MOT OM457LA MB 213
CZM132097;PRZEW”D PLASTIKOWY UK£ADU CH£ODZENIA
800016211000;ZESTAW PIERåCIENI T£OKA
88355190;TULEJA CYLINDRA
014115/4 STD;PANEWKI KORBOWODOWE
WD940;FILTR HYDRAULICZNY
BS01-143;FILTR POWIETRZA
0929400481;ELEKTROZAW”R P-PY WYSOKIEGO CIåNIENIA DAR CR
PP837/1;FILTR PALIWA
4216588;TULEJA CYLINDRA 128,0 MB (21-4/A/LA,441-4 MB 224)
81437220055;TULEJA DR•ØKA STABILIZATORA (ZEW 50MM) MAN 705
KADC1801300V3028;D TKA 13.00 - 18 V3.02.8
KADC1801300PK5A0;D TKA 13.00 - 18 PK-5A
0028201756;LAMPA OåWIETLENIA TABLICY REJ. CITARO S/TYP
OMP197355;POMPA CIECZY CH£ODZ•CEJ
8100 X-CLEAN 5W40 C35L;OLEJ SILNIKOWY 8100 X-CLEAN 5W40 C35L
LX818;FILTR POWIETRZA LX818
HU818X;FILTR OLEJU HU818X
TEXAMATIC 7045E 1L;OLEJ ATF TEXAMATIC 7045E 1L
FE30849;FILTR HYDRAULIKI SKRZYNI BIEG”W
RAV VSG 75W901L;OLEJ PRZEK£ADNOWY RAV VSG 75W901L
1987302909;ØAR”WKA D1S
8P4807861;ELEMENT SLIZGU
8P4807378B;PROWADNICA
8P4807377B;PROWADNICA
AKUMULATOR 53AH;AKUMULATOR 53AH
0095420717;CZUJNIK
17006;KO—C”WKA DR•ØKA KIEROWNICZEGO
17008;KO—C”WKA DR•ØKA KIEROWNICZEGO
LRP00140;SZCZ KA HAMULCOWA
LPR5308;CYLINDEREK HAMULCOWY
MACR17520575MFR20;OPONA 205/75 R16C HECTORRA
U4840;POMPA OBIEGOWA OGRZEWANIA 24V
1133052;CH£ODNICA CIECZY VALEO CITARO O530
461206;POMPA HYDRAULICZNA PRZEK£ADNI KIEROWNICY 100 MB 655
0005010082;PRZEW”D INTERCOLERA Q85X210
C0M010ABE;SZCZ KA HAMULCOWA
GDB5074;KLOCKI HAMULCOWE
VK382;KOPU£KA ROZDZIELACZA ZAP£ONU
GIC223;CZUJNIK ZUØYCIA KLOCKA HAMULCOWEGO TY£
LP1984;KLOCEK HAMULCOWY KPL.
OLEJ SILNIKOWY ORLEN PLATINIUM CZERWONY;OLEJ SILNIKOWY ORLEN PLATINIUM CZERWONY
8P4807393;åLIZG
GDB1732;KLOCKI HAMULCOWE
004549914;PRZE£•CZNIK DRZWI BUS
MB3689;PIERåCIE— ABS
8P4807394A;PROWADNICA
24122;£•CZNIK STABILIZATORA
KTT130043;£•CZNIK STABILIZATORA
900053;ZESTAW MONTAØOWY AMORTYZATORA
5PK2060;PASEK 5PK2060
534017110;NAPINACZ PASKA WIELOROWKOWEGO
531078810;ROLKA NAPINAJ•CA PASEK WIELOROWKOWY
534023910;NAPINACZ PASKA WIELOROWKOWEGO
532036320;ROLKA PROWADZ•CA PASEK WIELOROWKOWY
531079010;ROLKA NAPINAJ•CA PASEK WIELOROWKOWY
5PK813;PASEK 5PK813
9415410103;POKRYWA AKUMULATORA
51958006096;ROLKA PASKA FI70X42
9429900301;åRUBA MOCUJ•CA AMORTYZATOR TY£
IFR5D10;åWIECA ZAP£ONOWA
130280;USZCZELKA POKRYWY ZAWOR”W
GDB1454;KLOCEK HAMULCOWY KPL.
02190108543P;T£UMIK UK£ADU WYDECHOWEGO åRODKOWY
02190108671P;T£UMIK UK£ADU WYDECHOWEGO TY£
600014900;ZESTAW SPRZ G£A SAMONASTAWNEGO Z KO£EM DWUMASOWYM
EL130270;USZCZELKA POKRYWY ZAWOR”W
MB22101;ZAW”R POZIOMUJ•CY BOSCH
MB22102;ZAW”R POZIOMUJ•CY BOSCH
TH151383J;TERMOSTAT CIECZY CH£ODZ•CEJ
0009931302;SPREZYNA
17X2040;PASEK KLINOWY 17X2040
SET1301;£OØYSKO SET1301
TQZ01AB;OBUDOWA 1-KROTNA Z£•CZE E+J
TQZ04AB;OBUDOWA 4-KROTNA Z£•CZE E+J
TQZ06AB;OBUDOWA 6-KROTNA E+J
TKJ41KBI;KONEKTOR J-2,5
MA4325;USZCZELNIACZ SKRZYNI ZF
FE45192;SEPARATOR OLEJU
EL060062;USZCZELKA POKRYWY ZAWOR”W
KL160/1;FILTR PALIWA KL160/1
4460305682;PIASTA WA£KA ATAKU AV132
TD721W;SILENTBLOCK WAHACZA PRZ”D
FE08855;DR•ZEK KIEROWNICZY WZD£UØNY
MB0331;CZUJNIK NOX DB UNIMOG
AKUMULATOR 225 AH VARTA;AKUMULATOR 225 AH VARTA
åRUBA M6X30;åRUBA M6X30
NAKR TKA M6;NAKR TKA M6
åRUBA M18X60;åRUBA M18X55
PODK£ADKA M18;PODK£ADKA M18
B3242CW;PISTOLET DO POMPOWANIA K”£ Z MANOMETREM 11 BAR
24V C5W RURKA;ØAR”WKA 24V C5W RURKA
10031700;RAMI  NAPINACZA PASKA WIELOROWKOWEGO
8454BQ;T£UMIK DRGA— PASKA WIELOROWKOWEGO
1201010562;PROSTOWNIK 12/24V
ANDEROL 555 20L;ANDEROL 555 20L
KADC20012000V3021;D TKA 12.00 - 20 V3.02.14
1508000850;WTYCZKA ALTERNATORA 5 PIN”W N/TYP
3397007297;PI”RO WYCIERACZKI
1829397;OGRANICZNIK - DRZWI
4559309;OS£ONA £OØYSKA PODPORY P”£OSI RH MONDEO 2007
T5097;AMORTYZATOR VO 488X801 FI16X10 0/I T VO 737
26155;PRZEW”D ODMY SILNIKA
GN858;åWIECA ØAROWA
7907GPZ;£OØYSKO 7907GPZ
C35154;FILTR POWIETRZA C35154
OX388D;FILTR OLEJU
PU8008/1;FILTR PALIWA PU8008/1
424841;USZCZELNIACZ WA£KA ROZRZ•DU
01019482B;USZCZELNIACZ SILNIKA
26410;PODPORA WA£U FI 70MM SC402
3501601;SWORZE— WAHACZA
SYNTRANS FE;OLEJ CASTROL SYNTRANS FE SAE 75W
K1008;FILTR KABINY DB SPRINTER K1008
MA2886;USZCZELNIACZ KONEKTORA 5.15
MA6493;KONEKTOR 1,5/3X3
32306;£OØYSKO 32306
4572004052;PRZEW”D WODNY KOMPRESORA OM457
582689;USZCZELKA SKRZYNI BIEG”W
2105402181;WTYCZKA 3 PINOWA CZUJUNIK CZIåNIENIA KLIMY
KR24416;SPREØYNA GAZOWA POKRYWY BAGAØNIKA
0340540018;PRZE£•CZNIK ZESPOLONY POD KIEROWNIC•
07905;£OØYSKO 07905
713610760;£OØYSKO KO£A
A9112A15ASTA;ZESTAW KLUCZY DO ALTERNATOR”W
2280422;SIMERING PRZ”D ZAM
31762126;åRUBA KORBOWODU
32221334;NAKR TKA KORBOWODU
0099972847;PIERåCIE— USZCZELNIAJ•CY
1242602539;KPL. NAPRAWCZY DZWIGNI ZM. BIEG”W
4603201678;WSPORNIK AMORTYZATORA TYLNEGO LEWA
4603201778;WSPORNIK AMORTYZATORA TWYLNEGO PRAWA
4633370049;TULEJKA
LOAZV3204;ZAW”R DO K”£ BEZD TKOWYCH CI ØAROWYCH TYP 3.20.4 9.7MM
LOAZV3221;ZAW”R DO K”£ BEZD TKOWYCH CI ØAROWYCH TYP 3.22.1 9.7MM
0280750129;PRZEPUSTNICA MAN CNG
25087;KO—C”WKA DR•ØKA KIEROWNICZEGO
7905 GPZ;£OØYSKO 7905 GPZ
DEA09024;DMUCHAWA
TYP32/PG;PODSTAWA G”RNA TYP32/PG
KAFA20012001300G2;OCHRANIACZ G-20 12.00/13.00
00634022;WENTYLATOR PROMIENIOWY 006-B39-22/3
4217839;PODUSZKA SKRZYNI BIEG”W MAN 409
SZCZOTKA W GLOWA 6X9;SZCZOTKA W GLOWA 6X9
030607010060;MOCOWANIE SILNIKA
3397009825;PI”RA WYCIERACZEK
F19758;OBUDOWA MIARKI OLEJU CEAT CORDOBA IBI
LTD06A115611Q;MIARKA OLEJU VGO GOLF 1.6 97-
OP 580/8;FILTR OLEJU
81255200208;W£•CZNIK ZBLIØENIOWY
0242236663;åWIECA ZAP£ONU
E576L;FILTR POWIETRZA E576L
OE648/3;FILTR OLEJU OE648/3
D60;NAFTA 5L
BS01-005;FILTR POWIETRZA BS01-005
HF6610;FILTR HYDRUALICZNY HF6610
LE2505700;USZCZELKA MISKI OLEJOWEJ
AP137/2;FILTR OLEJU AP137/2
OP594;FILTR OLEJU OP594
EL199060;USZCZELKA
DF4165;TARCZA HAMULCOWA KPL
0679178;OE OPEL1
UØ1;£OØYSKO UØYWANE
237050;AUTOMAT ROZRUSZNIKA MAN 231
APV2824;NAPINACZ PASKA MB 216
K153293N50;ZAW”R R CZNY H-CA MAN 111
81962100388;PODUSZKA SKRZYNI BIEG”W MAN 409
36743;W£•CZNIK åWIATE£ COFANIA DB
LTD4103H4;KRZYØAK KOLUMNY CITROEN BERLINGO 96-
66386502;SILIKON SILNIKOWY WYSOKO TEMPERATUROWY CZARNY/SZARY FORCH 200 ML
0602020641;GA£KA DèWIGNI ZMIANY BIEG”W
1502030004;SILNIK PODNOSZENIA SZYBY
4410502030;ZAW”R SENSOR WABCO 4410502030
1335129080;PODUSZKA SILNIKA
030607010656;PODUSZKA SILNIKA
KR23383;SPR ØYNA GAZOWA POKRYWY BAGAØNIKA
6283200889;£•CZNIK STABILIZATORA 0/1 CITARO
STE50357;STRZEMI  RESORU
325102;LAMPA KIERUNKOWSKAZU BOK
0026211;OS£ONA PRZEGUBU
0140980024;ZESTAW £OØYSKA KO£A
MLS33721001;PI”RO RESORU
23532;SPR ØYNA GAZOWA POKRYWY SILNIKA
ZESTAW NAPRAWCZY SILNIKA OM457;ZESTAW NAPRAWCZY SILNIKA OM457
00834502;WENTYLATOR 24V 45-02 / A0028303508
1435501;PODUSZKA SILNIKA
36271;TULEJA WAHACZA
SBU9015AS;TULEJKA ROZRUSZNIKA
D-POWER 31;åWIECA ØAROWA AUDI, VW Y-501U
13046072382;KLOCKI HAMULCOWE PRZ”D BMW
24032402031;TARZCZA HAMULCOWA PRZ”D BMW
PA278;PASEK WIELOKLINOWY
OPONA 205/50 R17 SPORTRAC 5 [89] V;OPONA SPORTRAC 5 [89] V
58230139300;SPR ØYNA DRZWI CZERWONA MERCEDES
AKC029M12;PIERåCIE— USZCZELNIAJ•CY (blasz.gumka) M12
AKC029M14;PIERåCIE— USZCZELNIAJ•CY (blasz.gumka) M14
AKC029M16;PIERåCIE— USZCZELNIAJ•CY (blasz.gumka) M16
AKC029M22;PIERåCIE— USZCZELNIAJ•CY (blasz.gumka) M22
143206901;ZESTAW åRUB G£OWICY MB 702
BT040;USZCZELKA OWALNA ROZSTAW 55MM
175209;T£UMIK UK£ADU WYDECHOWEGO åRODKOWY
02028;RURA WYDECHOWA
LPG MIEDZ 8.0MM/25M/K;PRZEW”D MIEDZIANY Q-8 25MB
I92190;ZAW”R HAMULCA R CZNEGO SETRA 111
VKMC01251;ZESTAW ROZRZ•DU VW 1,9 TDI 97
0801001295;AMORTYZATOR 45X75 FI20/20 MB
4410329632;CZUJNIK ABS
81501015133;OS£ONA B BNA MAN
PINGI;OCZYSZCZACZE, OSUSZACZE, NWAILØACZE
ASOL0002ACLS;SZYBA SOLARIS URBINO III GENERACJA
06569360738;PIERåCIE— USZCZELNIAJ•CY O-RING 14X1,5N-FKM1
36637320000;MASKOWNICA PRZ”D
35852;GUMY STABILIZATORA LMI
22804;GUMY STABILIZATORA AUDI SEAT LEON VW GOLF
G105BB;SZAMPON Z DODATKIEM CERAMIKI
PX1-476;SPR ØYNA TY£
YT7312;LAPMA STROBOSKOPOWA Z REGULACJ• SILNA
23177;SPR ØYNA GAZOWA POKRYWY BAGAØNIKA
08521;ZESTAW NAPRAWCZY ZWROTNICY
703496800;USZCZELKA MB212 OM457
1131306;ZESTAW NAPRAWCZY PROWADZENIA ZACISKU
771001030;PRZEGUB
4460305680;PIASTA WA£KA ATAKU
34130101800;WA£EK ROZPIERACZA 42X457
PLATINUM ULT. PROGER. 205L;OLEJ SILNIKOWY PLATINUM ULT. PROGER. 205L
F026407083;FILTR OLEJU F026407083
1302030002;LAMPA PRZEC. 107X46 LED 700
0204040300;USZCZELKA NAS.G£OW.MB OM457 AXOR
1507050460;OWIEWKA KAB.MB ATEGO AXOR G”RNA
F00ZW00003;PODK£ADKA TERMICZNA WTRYSKIWACZA 7X14
1337210808;PRZEKAèNIK ROZRUSZNIKA Z GNIAZDEM MAN
4630360240;ZAW”R OPUSZCZANIA KIEROWNICY CITARO
3074230936;WA£EK ROZPIERAKA MERCEDES TY£
1960517;POTENCJOMETR PEDA£U GAZU DAF 301
ZAW”R OTWIERANIA DRZWI 4726000220;ZAW”R OTWIERANIA DRZWI 4726000220
279065;KRZYØAK 57X144
EPBBPN3;CZUJNIK CIåNIENIA NGK 94523
334436;LAMPA WARSZTATOWA STOF COB LED 3W
0035401717;CZUJNIK POZIOMU P£YNU MB 301
LIN320108;LINKA HAMULCA R CZNEGO
LIN320107;LINKA HAMULCA R CZNEGO
3007026;SI£OWNIK SPRZ G£A IVECO/MAN/MB/RVI IVE 307
19939 NOM;OK£ADZINY HAMULCOWE NOMINA£ VO 517
ZDERZAK PRZ”D MERCEDES;ZDERZAK PRZ”D MERCEDES
0243113226570;OLEJ TURDUS POWERTEC CI-4 15W40
1295298956;ELEMENT SYNCHRONIZATORA
0501313171ZF;USZCZELNIACZ SKRZYNI BIEG”W
95570676;USZCZELNIACZ SKRZYNI BIEG”W
2404000102;ADBLUE
MMTA0400078MPI;DYWANIKI GUMOWE
68285;åRUBY 6-KROTNE SUROWE M18X1,5 50MM
26610;PODUSZKA SILNIKA
88732035009;CZ å∆ TYLKO åRODEK (COå Z MANA)
350000022;SILNIK DMUCHAWY 3 åRUBY AUTOSAN
4360;ZESTAW NAPRAWCZY SKRZYNI BIEG”W ZF
0445020075;REGENERACJA POMPY
GW81;"USZCZELKA G6057A TYPU ""U"" 6X10X25"
771047630;PRZEGUB VW MULTIVAN V 3.2 V6
AP060;FILTR POWIETRZA AP060
45308;PODUSZKA SILNIKA
10R03;AUTOMATYCZNY W£•CZNIK SWIATE£ MIJANIA DZIENNYCH
1801000001;KLIN POD KO£A L=500, SZER-200 PLASTY Z”£TY
1201020977;ROZRUSZNIK
1801000007;UCHWYT KLINA POD KO£O
250553;OPRAWKA ØAR”WKI
01VO005;B BEN HAMULCOWY
SPRAY SILIKONOWY 400ML BERNER;SPRAY SILIKONOWY 400ML BERNER
121358;£OØYSKO IGIE£KOWE SC 748
F00RJ01457;£•CZNIK PRZEWODU PLAIWOWEGO RVI 249
F0132000JA;LUTOWNICA GAZOWA ZESTAW DREMEL 2000-6
U01200.043;åRUBY Z £BEM SZEåCIOK•TNYM GR.5 7/16-14X2
U01200.037;åRUBY Z £BEM SZEåCIOK•TNYM GR.5 3/8-16X2.1/2
U12320;NAKR TKI ZABEZPIECZAJ•CE Z WK£ADK• NYLONOW• GR.N2 3/8-24
U01300;NAKR TKI SZEåCIOK•TNE OCYNKOWANE GR.5 1/2-13
KR60034R1;TULEJA GUMOWA + SWORZE— + åRUBA
L2810;R KAWICE ROBOCZE CZARNE
ZMYWACZ UNIWERSALNY WURTH BLACK EDITION;ZMYWACZ UNIWERSALNY WURTH BLACK EDITION 600ML
2097270388FE94;NAK£ADKA G£OåNIKA TY£
81255200184;CZUJNIK CIåNIENIA POWIETRZA 5,8-04BAR MAN 301
5010244193;POMPA SPRZEG£A RVI 420
REGENERACJA CH£ODNICY;REGENERACJA CH£ODNICY
81326380034;SI£OWNIK SPRZ G£A SETRA DAF 401
1207017 OMPI;OPONA 120/70ZR PIRELLI 58W SCTRAIL TL TRAIL II PRZ”D
1805517 OMPI;OPONA 180/55ZR17 PIRELLI 73W TY£
BS04106;FILTR PALIWA BS04106
99DA100;P”£Oå DACIA LOGAN 1.4, 1.6. 04-
ABE9063AS`;LOØYSKO ALTERNATORA
36637320002;MOSKOWNICA TY£
266801;SWORZE— WAHACZA LMI
131665;CZUJNIK ABS
DF2652;TARCZA HAMULCOWA
WA7372D;ZAW”R EGR VAG WAHLER
2124211312;TARCZA HAMULCOWA PRZEDNIA MIN. 25,4
1007150018;PODUSZKA STABILIZATORA
17X1400;PASEK KLINOWY 17X1400
0433171435;KO—C”WKA WTRYSKIWACZA KONWENCJONALNEGO
OPASKA ZACISKOWA 120-140/13;OPASKA ZACISKOWA 120-140/13
TX3151/T20;KABEL DIAGNOSTYCZNY 3151/T20
12V H8 35W;ØAR”WKA 12V H8 35W
157471;OE PEUGUOT 10-0N
6299750155;NAK£ADKA UCHWYTU PRAWA SZARA 7E87
6299750055;NAK£ADKA UCHWYTU LEWA - SZARA
6502079539994P;ELEMENT ZDERZAKA
STR90317;£•CZNIK DR•ØKA STABILIZATORA
100159;OS£ONA SZCZ K HAMULCA MB 514
AP154;FILTR POWIETRZA AP154
C3698/3-2;FILTR POWIETRZA C3698/3-2
CUK200002;FILTR KABINY CUK200002
EL1144L;FILTR POWIETRZA EL1144L
E11H02D155;FILTR OLEJU E11H02D155
H818HD238;FILTR OLEJU H818HD238
H97W06;FILTR OLEJU H97W06
K1230;FILTR KABINY K1230
E44HD110;FILTR OLEJU E44HD110
MOT102209;OLEJ SILIKOWY MOTUL
PE981/2;FILTR PALIWA PE981/2
41211011;ZAW”R ECAS RVI 111
124361;AMORTYZATOR 44X72 FI20/20 MB.ACT
3573301503;DR•ZEK KIEROWNICZY
0101800098;PRZEW”D ADBLUE
1553507100;KLAPKA PRZE£•CZNIKA BLOK DRZ.
0444012003;WTRYSKIWACZ AD-BLUE
1793230050;Z£•CZE PRZEWODU PALIWA NG8 K•TOWE
155350000;ZAåLEPKA PRZE£•CZNIKA VHP-BK
155350510;PRZE£•CZNIK SOLARIS
9-22.5 HSR;OPONA CONTINENTAL 9-22.5 HSR
GP02XABC/G;GAåNICA 1KG
900M-T-I;ZESTAW GROT”W DO LUTOWANIA
ANEP0024ACLGNS;SZYBA NEOPLAN N4407-N4427 CENTROLINER X400 MID
01063083;ORING
01063082;USZCZELNIACZ
50551611;PIERåCIE—
50551411;ZABEZPIECZNIE
50871311;ORING
50725512;USZCZELNIACZ
50772912;USZCZELKA
01004165;ORING
01004166;PIERåCIE— USZCZELNIAJ•CY 12X3 VN 3014
01004221;O-RING 29.2X3
50714716;TARCZA CIERNA RBG
01058472;NIT
50729431;USZCZELKA
59359710;ZESTAW USZCZELEK SKRZYNI VOITH 864.3E
212906070364;TYLNA LAMPA ZESPOLONA
2129068802;TYLNA LAMPA ZESPOLONA
88637306055;LUSTERKO ZEWN TRZNE NIEOGRZEWANE MAN
88637316103;DR•ØEK LUSTERKA LEWY MAN
024361903500;OLEJ ATF PRZEK£ADNIOWY MATIC IIIG
024313226590;OLEJ SILNIKOW TURDUS POWERTEC 5 100 SAE 10W40
4721706060;ZAW”R EZP 24V
4720726390;ZAW”R EZP 24V
42177063;KO—C”WKA DR•ØEKA KIEROWNICZEGO L DAF IVE 601
4060051;REFLEKTOR L/P NEOPLAN SOLARIS NEO 333
40600511;REFLEKTOR L/P NEOPLAN SOLARIS NEO 333
2155402;£•CZNIK STABILIZATORA AUDI A4, A8 LEWY/åRUBY
2155502;£•CZNIK STABILIZATORA AUDI A4, A8 PRAWY/ ZEWN TRZNY
341844;AMORTYZATOR VW PRZ”D
343281;AMORTYZATOR VW TY£
910003KYB;KIT AMORTYZATOR WV
915708 KBY;KIT ARMORTYZATOR WV
RH1021;SPR ØYNA WV KYB
RX5013;SPR ZYNA ZAWISZENIA TY£ WV
5078422;KLOSZ LAMPY TYLNEJ ZESPOLONEJ L/P SC 333
PODNOåNIK HYDRUALICZNY D-10T NISKI W6350;PODNOåNIK HYDRUALICZNY D-10T NISKI W6350
GOODYEAR 8.25-15 RHT;OPONA GOODYEAR 8.25-15 RHT
870243606500;AMORTYZATOR
874642606510;TULEJA METALOWA
36252256004;LAMPA TY£ PRZECIWMGIELNA
CN3820;P£YN UNIWERSALNY DO MYCIA VIR 5L
136711002560;DOZOWNIK
870200207560;USZCZELKA
870200600500;£OØYSKO
870236439570;ZESTAW NAPRAWCZY
870242613590;SWORZE—
BUS992;PIASTA OSI ZF SOLARIS
0000036385;LAMPA PRZECIWMGIELNA TY£ LED
C8070CW;PISTOLET DO POMPOWANIA K”£ 0-12 BAR
DF4266;TARCZA HAMULCOWA TY£
9824034;WSPORNIK LUSTRA SOLARIS N/KPL.
FE18999;ZESTAW NAPRAWCZY ZWROTNICY Q50X222,5
FE21198;WACHACZ ZAWIESZENIA
WP9822;WK£AD LUSTERKA SOLARIS
FE08521;ZESTAW NAPRAWCZY ZWROTNICY
22X40X7/8;USZCZELNIACZ PIASTY 22X40X7/8
STR10354;DR•ØEK KIEROWNICZY POPRZECZNY
K0188;FILTR KABINOWY
713667010;ZESTAW £OØYSK KO£A
LP2661;KLOCKI HAMULCOWE KOMPLET PRZ”D TRANSIT
LP2662;KLOCKI HAMULCOWE KOMPLET TY£ TRANSIT
QB1131355X;ZESTAW NAPRAWCZY ZACISKU HAMULCOWEGO
68551825;SPRZ G£O VOITH
5030683950;USZCZELNIACZ TRZONKA ZAWORU
42303771;CEWKA AUTOMAT ROZRUSZNIKA RVII 311
3590663;KOMPLET NAPRAWCZY ZACISKU HAMULCOWEGO LEWY 523
5004578;ZESTAW NAPRAWCZY ZACISKU HAMULCOWEGO PRAWY
713667600;ZESTAW £OØYSK KO£A LCTMB 521
80W90;OLEJ PRZEK£ADNIOWY 80W90 GL-5 JASOL 20L
4295042;SPR ØYNA VW PASSAT TY£
RP150401;OS£ONA SILNIKA VW
FE40920;DR•ØEK KIEROWNICZY MERCEDES CITARO O 530
N90927302;USZCZELNIACZ ZAWORU PRZEWODU EGR WV
QB1131306;ZESTAW MONTAØOWY ZACISKU HAMULCOWEGO L/P
EL429050;USZCZELNIACZ ZAWORU PRZEWODU EGR
280013;PODUSZKA SILNIKA TY£ MAN 209
CO19019539B;USZCZELNIACZ WA£KA ROZRZ•DU
EL3309809;USZCZELNIACZ SILNIKA
1102002468;KOLANKO UK£ADU WYDECHOWEGO FI 110 45X45 90ST
BECZKA KAUCJA;BECZKA KAUCJA
17040001521M22/2000H;PRZEW”D HYDRAULICZNY M22 L2000 MM
5209010536P;LINKA HAMULCA R CZNEGO
4460311206ZF;OS£ONA PIERSCIENIA USZCZELNIAJ•CEGO ODRZUTNIK SKRZYNI BIEG”W ZF
PRZEWODY ZAP£ONOWE RETRO LINE JANMOR;PRZE£•CZNIK DRZWI
GBD1609;KLOCKI HAMULCOWE
560083;ZESTAW NAPRAWCZY ZACISKU LEWY 523
560082;ZESTAW NAPRAWCZY ZACISKU PRAWY 523
1604010667;WIRNIK Z WENTYLATOREM GWS 850
OPONA CONTINENTAL EKO 5 [94] V;OPONA CONTINENTAL EKO 5 [94] V
A2738;MIECH ZAWIESZENIA PNEUMATYCZNEGO
3397014242;PI”RA WYCIERACZKI BEZSZKIELETOWE
EL136970;ZESTAW USZCZELEK POKRYWY ZAWORU
3397007215;PI”RA WYCIERACZEK 650+600
AM20A84;PIANA AKTYWNA DO MYCIA MA PROFESSIONAL
BKUR6ET10;åWIECA ISKROWA VAG 02-05 NGK
"OPONA 225/50R17 LODE LETNIA 17""";"OPONA 225/50R17 LODE LETNIA 17"""
EL284785;USZCZELNIACZ WA£KA ROZRZ•DU
CO12011166B;USZCZELNIACZ SILNIKA
LM67048/010;£OØYSKO STOØKOWE
851200;PIERåCIENIE KOMPRESORA
136970;ZESTAW USZCZELEK POKRYWY ZAWOR”W
GDB1123;KLOCKI HAMULCOWE TY£ DB W140 W210
GDB1543;KLOCKI HAMULCOWE PRZ”D DB E-CLASSE 3,2 CDI
5049655;CZUJNIK CIåNIENIA OLEJU NA ZEGAR M14X1,5 MB 301
3661840180;USZCZELKA
OPONA 195/50 R16;OPONA LETNIA MP 47 HECTORRA 3 V XL
OPONA 185/55 R15;OPONA LETNIA N'BLUE HD PLUS H XL
D4112;ZESTAW NAPRAWCZY ZACISKU HAMULCOWEGO
CQ71573109;T£OCZEK ZACISKU HAMULCOWEGO
03321934013;CYLINDEREK HAMULCOWY
02SE001;TARCZA HAMULCOWE SETRA PRZ”D L/P
EL267850;O-RING GUMOWY
11367546379;ORING
12141748398;ORING
FILTR OLEJU;FILTR OLEJU
D1M006TT;POMPA CIECZY CH£ODZ•CEJ MERCEDES KLASA G W460
17736;ZESTAW K”£ MOSTU 41:8
40584457;NAPINACZ PASKA WIELOROWKOWEGO MAN TGA D0 MAN 216
114 890 0007;W£•CZNIK åWIATE£ COFANIA MEYLE
FAE41270;W£•CZNIK åWIATE£ VW
940113050019;PRZEKAèNIK PR•DU PRACY DO 200A STA£EGO 24V 4 STYKI
OLEJ 10W40 TURDUS POWERTEC 5;OLEJ TURDUS POWERTEC 5 100 SAE 10W40
4410322970;CZUJNIK ABS MAN (MA£Y) PRAWY
SP554390K01;MIECH ZAWIESZENIA PNEUMATYCZNEGO KOMPLET
4138275;POMPA WODY VO 750
195/65 R15;OPONA NOKIAN
HB1189;ZAW”R HAMULCA R CZNEGO SETRA 111
13046060272;KLOCKI HAMULCOWE DB 115
712126710;USZCZELKA MISKI OLEJOWEJ
D1128AUT;REPERATURKA POMPY HAMULCOWEJ
628B01;CZUJNIK NOX ZA KATALIZATOREM CONECTO
WTYCZKA ELEKTRYCZNA 12V 13 PIN;WTYCZKA ELEKTRYCZNA 12V 13 PIN
13046058132;KLOCKI HAMULCOWE
21SZZ01;FILTR KABINY
24012803301;TARCZA HAMULCOWA
10X700;PASEK KLINOWY 10X700
12017376;ZIMERING P”£OSI OPEL F10,13,15
13046026162;KLOCKI HAMULCOWE TY£
13046048832;KLOCKI HAMULCOWE PRZ”D
31000881;SZKO£O LUSTRA FORD TRANSIT 00-06 LEWE
600016400;SPRZ G£O KPL. OPEL
C60505;TR”JNIK INSTALACJI ALUMINIUM 12/12
26326;PODUSZKA SILNIKA
K1187A;FILTR KABINY K1187A
MOT5679536;OLEJ SILINKOWY MOTUL 0W30 5L
5679536;£•CZNIK STEROWANIA SPRZ G£A
OP643/5;FILTR OLEJU
0004231812;TARCZA HAMULCOWA TY£ MIN 19.4MM
6239;KO—C”WKA DR•ØKA KIEROWNICZEGO M30X1,5 L VO 601
34103;KOC”WKA DR•ØKA KIEROWNICZEGO VO FH12 VO 601
420329;PIERåCIE GUMOWY 78X3 MB 708
27724;POMPA WODY MB AXOR/ACTROS MB 203
49680;T£UMIK DRGA— NAPINACZA PASKA KLINOWEGO MAN 216
420451;USZCZELKA POMPY WODY DB AXOR/AXOR II 200 MB 212
185177012;KIERUNKOWSKAZ MERCEDES SPRINTER
553308;AMORTYZATOR TY£ GAZ FORD FIESTA 02 -
915400;ZESTAW NAPRAWCZY AMORTYZATORA TY£
CAS001 5L;OLEJ CASTROL EDGE LL 5W30 5L
F11688;POMPA WODY DB
WP5100119;Z£•CZE PRZEWODU HAMULCOWEGO MIEDZIANE NR119
BS01-144;FILTR POWIETRZA O530 CITARO
NP457992;£OØYSKO TIMKEN NP926
6240;KO—C”WKA DR•ØKA KIEROWNICZEGO RH/A30X1,5 VO 601
13044157212;ZESTAW NAPRAWCZY ZACISKU HAMULCOWEGO
2601010769;OPONA 295/80-22,5 FULLRUN HB766
GIC242;CZUJNIK ZUØYCIA KLOCKA HAMULCOWEGO
19090;OK£ADZINA SZCZ K HAMULCOWYCH
01VO002;B BEN HAMULCOWY VOLVO
CZM1035459;PRZEW”D PLASTIKOWY UK£ADU CH£ODZENIA
PRZEWODY ZAP£ONOWE PEK;PRZEWODY ZAP£ONOWE
E39P;PRZEWODY ZAP£ONOWE UAZ EPDM
4460391147;NAKR TKA WA£KA ATAKU MOSTU M55X1,5 SOLARIS
0004208700;KLOCKI HAMULCOWE PRZ”D MERCEDES E220
1695401617;CZUJNIK ZUØYCIA KLOCK”W MERCEDES E220
270300045;"KLUCZ PNEUMATYCZNY UDAROWY 1/2"" 1110Nm"
451006518VS;Z£•CZE CENTRALNEGO SMAROWANIA PROSTE M10
506140VS;Z£•CZE CENTRALNEGO SMAROWANIA
0804010501;£ACZNIK STABILIZATORA ARKTOS/AXOR 2 PRZ”D L380
9324000020W;OSUSZACZ 1-KOMOROWY MERCEDES CITARO WABCO
106993;AMORTYZATOR TY£
150729431;ZESTAW NAPRAWCZY SKRZYNI BIEG”W VOITH
15100253220;ZESTAW USZCZELEK SKRZYNI BIEG”W VOITH
2701000347;KLUCZ OCZKOWO P£ASKI 27MM
2701000342;KLUCZ OCZKOWO P£ASKI 24MM
15167;PODUSZKA STABILIZATORA
MA2045;SZYBA CZO£OWA MAN PO£”WKA LH A72/74/75
MA1571;SZYBA CZO£OWA MAN PO£”WKA RH A72/74/75
STARTERNL001T;ZESTAW OåWIETLENIA NL STYLE STARTER
MAOL1417565T0470;OPONA 175/65 R14 MP47 HECTORRA 382T
GDOL12013580TPASX;OPONA LETNIA PASSIO 73T XL
X585000;POMPA HAMULCOWA
2202710068;ZACISK MISKI OLEJU G.A.
44206;USZCZELNIACZ MOSTU TY£
1280937Z;AMORTYZATOR 42/67 FI20/20
100253;FILTR SKRZYNI BIEG”W
6PU009163401;CZUJNIK OBROTOWY WA£U OPEL CORSA
WP160010;PRZEW”D HAMULCOWY MIEDè 6 SZPULA 10M
C4E000ABE;TARCZA HAMULCOWA
US£UGA ODBIORU I KONTROLI JAKOåCI OPONY;US£UGA ODBIORU I KONTROLI JAKOåCI OPONY UØYWANEJ
7185512;PIERåCIE— ABS
VH027;TARCZA SKRZYNI BIEG”W VOITH
66694254;KLEJ DO TWORZYW SZTUCZNY K151
3936141;NAOLEJACZ 1/4 DO PNEUMATA
W905;REGENERACJA PRZEWOD”W PRZELEWU
430719038000;AMORTYZATOR ATRAPY 785MM 320N
3753260181;OBEJMA STABILIZATORA 38X61X55MM TK216
0041536328;CZUJNIK POZIOMU OLEJU W MISCE OLEJOWEJ MB 301
200119;UCHWYT LAMPY MB 819
81908030028;TARCZA HAMULCOWA MAN SAF 99 MD1021
ML017;WENTYLATOR DACHOWY M081MB LE MANS 24V
49711WIX;FILTR POWIETRZA 49711WIX
KADC200700750V302;D TKA 7.00/7.5 - 20 v3.02.18
AMGLOS SUPER FINISH;AMGLOS SUPER FINISH
CO12011499B;USZCZELNIACZ SILNIKA FIAT 126
M730000300000;USZCZELKA DR•ØKA ZMIANY BIEG”W YAMACHA DT 50 R/X TZR 50
0219040008P;T£UMIK DRGA— UK£ADU WYCECHOWEGO 60X200 (PLECIONKA)
EL398420;USZCZELNIACZ SILNIKA 40X70X20 MERCEDES G
24223980;AMORTYZATOR TY£ MERCEDES SPRINTER
GR1143669;ZESTAW NAPRAWCZY SIEDZENIA/ZAW”R REGULACJI WYSOKOåCI MAN MERCEDES SETRA
30340;WACHAC PRAWY BMW E87
K2M400;åCI•GACZKA DO WODY
LENA334627;LAMPA WARSZTATOWA CROP COB LED 210LM
4340140000;ZAR”R ZWROTNY JEDNOKIERUNKOWY DAF
282752;AKUMULATOR 180AH 12V 1000A
MNE1065;TARCZA HAMULCOWA MB 430X45(37)X132
26146;USZCZELNIACZ PIASTY MB ACTROS  Z ABS MB 740
370013;CZUJNIK HAMULCA R CZNEGO MAN TGA
282295;GNIAZDO ELEKTRYCZNE 24V 13 PIN PLASTIKOWE
0802030899;åRUBA M16X170/1,5 TW10,9
36921;REGULACJA USTAWIENIA åWIATE£
10X938;PASEK KLINOWY
42553812;MISKA OLEJOWA IVE 231
42449131;USZCZELKA MISKI OLEJOWEJ DAF CF65/LF45/I IVE 213
42748391;WSPORNIK MOCOWANIA DO£U MISKI OLEJOWEJ IVE 231
åRUBA M8X50/1,25 TW10,9;åRUBA M8X50/1,25 TW10,9 Z KO£NIERZEM OCYNK
1302010199;LAMPA TY£ MAN TGA PODåWIETLANA VIGNAL LEWA
3114701;DR•ØEK KIEROWNICZY DB SPRINTER VW CRAFTER L+
OPL125C;DYWANIK TEKSTYLNY OPEL CORSA
LAG259;SZLIFIERKA K•TOWA LAG259
01108400;USZCZELKA DYFERENCJA£U
FE21084;WA£EK ROZPIERAKA
CO12015425B;USZCZELNIACZ WA£KA ROZRZ•DU
SE4891R;KO—C”WKA DR•ØKA KLEROWNICZEGO PRAWA
SE4891L;KO—C”WKA DR•ØKA KLEROWNICZEGO LEWA
6505061647015P;POSZYCIE/REPERATURKA PROBU
560114;OS£ONA REGULATORA HAMULCA VO514
231/1;OPRAWKA ØAR”WKI KIERUNKU BOCZNEGO RENAUL
C45004;FILTR POWIETRZA
E458KPD368;FILTR PALIWA
E866H;FILTR OLEJU
F10035;£•CZNIK STABILIZATORA BMW E39 LEWY
F10036;£•CZNIK STABILIZATORA BMW E39 PRAWY
F17155;£•CZNIK STABILIZATORA VW LT 97 PRZ”D PRAWY
0707000374;£•CZNIK GUMOWY TURPOSTR ØARKI MB F22
FE0907643;CZUJNIK JAKOåCI POWIETRZA
4571510301;ROZRUSZNIK MB CITARO
902098;åRUBA KO£A M22X1,5*68MM
48710;åRUBA KO£A M22X1,5X91
3066501;£•CZNIK STABILIZATORA
3066601;£•CZNIK STABILIZATORA
SB5010;SZCZOTKI
CQ2031421;ELEKTROMAGNES ROZRUSZNIKA
WP5100164/10;ELEMENT PRZEWODU HAMULCOWEGO
M007710022S;SZCZOTKOTRZYMACZ ROZRUSZNIKA
S214710059S;ELEKTROMAGNES ROZRUSZNIKA
81274210286;CZUJNIK POZIOMU P£YNU CH£ODZ•CEGO
3953101;PODUSZKA SILNIKA HYDR.
3953201;PODUSZKA SILNIKA HYDR.
KLEJ BONDINI PLUS 6G;KLEJ BONDIX PLUS 10G SZYBKI
F01263;AMORTYZATOR UK£ADU KIEROWNICZEGO
KYB551016;AMORTYZATOR PRZ”D
KYB554003;AMORTYZATOR TY£
2702000145;PISTOLET Z MANOMETREM DO POMPOWANIA 89MM 15 BAR
0140220007;PODUSZKA SILNIKA
0014608580;POMPA WSPOMAGANIA UK£ADU KIEROWNICZEGO
280827;KLUCZ IMBUS SZEåCIOK•T 17MM
KABEL KONCENTRYK Z ZASILANIEM;KABEL KONCENTRYK Z ZASILANIEM
KO—C”WKI LZ-1;KO—C”WKI LZ-1
NAKR TKA M8;NAKR TKA M8
0281002511;CZUJNIK PO£OØENIA WA£U KORBOWEGO DAF 301
D TKA 9.00-16;D TKA 9.00 - 16 TR 15
D4388;REPERATURKA ZACISKU DB SPRINTER 95-
LA877;FILTR KABINOWY
RMPSW394;ZESTAW NAPRAWCZY KOMPRESORA
38035;LINKA DRZWI
020023;T£OK SPR ØARKI 85 STD DAF 224
021272;USZCZELKA MODU£U OLEJU MAN 212
160810;G£OWICA KOMPRESORA DAF
019674;USZCZELKA POKRYWY DB 123 2,5
44424010;TARCZA HAMULCOWA R CZNEGO STAR S266
44476505;WK£ADKA CIERNA HAMULCA POSTOJWEGO
3739AGN;SZYBA CZO£OWA FORD TRANSIT IV
42545;PODUSZKA STABILIZATORA
Karnet jednoprzejazdowy 3,8 (2 x 1,90);Karnet jednoprzejazdowy 3,8 z≥ (2 x 1,90)
29314;TULEJA METALOWO-GUMOWA VW
344459;AMORTYZATOR
38620;TULEJ WACHACZA
LEDIL204;LATARKA WARSZTATOWA PHILIPS LED RC320B1 ECOPRO
082724;USZCZELKA G£OWICY MB ATEGO (4CYL) MB 212
1201020976;ROZRUSZNIK MB ATEGO AXOR VARIO
561000031;PI”RO WYCIERACZKI STAR, JELCZ 2 PI”ROWY
11532;FARTUCH B£OTNIKA VOLVO
81259026267;PRZEKAèNIK OGRZEWANIA FILTRA PALIWA MAN
ARKUSZ PRESZPANOWE 2X1000X2000;ARKUSZ PRESZPANOWE 2X1000X2000
4613152400;ZAW”R G£”WNY HAMULCA WABCO REGENERACJA
3181111;USZCZELKA KOLEKTORA WYDECHOWEGO
MA1055;KPL. USZCZELEK G”RNY MAN TGA
PE160P0000019010/ANT;TAåMA IZOLACYJNA TKANINOWA 19MM 10M
ZESTAW KLUCZY TORX/IMBUS X40 NEO;ZESTAW KLUCZY TORX/IMBUS X40 NEO
FZB001;BELKA ZAWIESZENIA
FZB001-KAUCJA;BELKA ZAWIESZENIA KAUCJA
MB1189;£OØYSKO PIASTY PRZ”D
44426;SI£OWNIK ZAWORU EGR
JTE162;KO—C”WKA DR•ØKA KIEROWNICZEGO LEWA/PRAWA PEUGOT
PX6BA120;AMORTYZATOR TY£ OLEJOWY
WA10324;FILTR POWIETRZA MB AEGO Z PODSTAW• MB 208
0041518401;ROZRUSZNIK MB ATEGO/UNIMOG 4KW -11 Z B”W
JGT177T;AMORTYZATOR CITROEN BERLINGO TY£
BG3034C;TARCZA HAMULCOWA TY£
LPR1952;POMPA HAMULCOWA DB SPRINTE VAG LT
SIL51/63;KOLANKO SILIKONOWE FI50/60
97226;DR•ØK POPRZECZNY D£. 1630MM MB ACTROS MB 611
13046458432;KLOCKI HAMULCOWE TY£
C60151;KO£EK ROZPIERAKA PEUGOT CITROEN
TC2980;WACHACZ DELPHI
S202012010;ZESTAW USZCZELEK SILNIKA PEK
463540031764;CZUJNIK PR DKOåCI OBROTOWEJ
HIANI040100250070;KREDA BIA£A SISA 1 SZT
37146791075;£•CZNIK REGULATORA
SP268;USZCZELKA KLEJONA STAR 1KG=14MB
P£YTA 3 O/P;P£YTA GUMOWA OG”LNEGO PRZEZNACZENIA SBR 3X1000X1200=5SH
VK22;åWIECA ISKROWA
2701000122;"GRZECHOTKA 1/2""X260MM 72 Z BY"
2701001557;SZCZYPCE DO POMPY WODY I RUR DO 66MM
2701001156;"NASADKA UDAR 1/2"" 24MMX38MM"
2701000419;KLUCZ OCZKOWY 16X17MM L=255MM
2701000304;KLUCZ OCZKOWO-P£ASKI 13MM
2702000398;WK£AD DO SZUFLADY - WKR TAKI DO POBIJANIA
232920;ROZCIE—CZALNIK BENZYNOWY 5L
2301000018;ROZCIE—CZALNIK NITRO 5L
0801000267;AMORTYZATOR 28X45 I/I SOLARIS
3722;åWIECA ZAP£ONOWA
LMI37098;SILENTBLOCK WAHACZA PRZ”D
OL6001PP2;OLEJ DO UK£ADU KLIMATYZACJI
KTT030016;CEWKA KOMPRESORA KLIMATYZACJI
YTX7ABS;AKUMULATOR BEZOBS£UGOWY
21113;SILENTBLOCK WAHACZA PRZ”D
H941/2;FILTR OLEJU SKRZYNI ZF
23625;ZESTAW £OØYSK KO£A
53537011;SZLIFIERKA PNEU. PROSTA
340072;POMPA WODY
1338487;OE OPEL1
TM37103;TERMOSTAT CIECZY CH£ODZ•CEJ
600021700;SPRZ G£O KPL.
50T;ZESTAW SI£OWNIK POMPA 50T
JVFA230;ZAW”R POWIETRZA NOØNY 2/3
BUTY ROBOCZE;BUTY ROBOCZE
5506000014E;ZDERZAK TY£
5506000013E;ZDERZAK TY£
AK-48A;ZESTAW ART AK-48A
916216;PODUSZKA SILNIKA MERCEDES INTEGRO SETRA
HFF1023;FILTR POWIETRZA HFF1023
FE23593;DR•ØEK KIEROWNICZY WZD£UØNY 988MM
FE31863;ZESTAW NAPRAWCZY DR•ØKA REAKCYJNEGO
35912154;OBSADA WTRYSKIWACZA NT S1142 STAR
W778;ORING OBSADY WTRYSKU 24X2
13X1590;PASEK KLINOWY 13X1590
ECDME014;ZAW”R REGULACJI CIåNIENIA 2,7 CDI SPRINTER 00-06
AW31367;SAMOZACISKOWE SZCZYPCE NASTAWNE 300MM
P171837;FILTR HYDRUALICZNY P171837
C8005;FILTR POWIETRZA C8005
FE01221;NAKR TKI KO£A
601002060422P;ZAMEK/ELEMENTY
WZF1059;FILTR POWIETRZA KABINY WZF1059
3397118505;PI”RO WYCIERACZKI SZKIELETOWE 450MM KOMPLET 2SZT
0195LP;LAMPA TY£ 0195LP
1305011379;LAMPA åREDNIA £AMANA LED LEWA
1305011380;LAMPA åREDNIA £AMANA LED PRAWA
OLEJ HYDRAULICZNY L-HM/HLP 46 205L;OLEJ HYDRAULICZNY L-HM/HLP 46 205L
03132;KO—C”WKA DR•ØKA KIEROWNICZEGO
03135;KO—C”WKA DR•ØKA KIEROWNICZEGO
FPT350;WENTYLATOR OSIOWY NA P£YCIE FERONO FPT350
8545;ZESTAW USZCZELEK
64130410;FLANSZA WEJåCIOWA
01047186;O-RING 01047186
15000042310;USZCZELKA
54917110;PODK£ADKA DYSTANSOWA
54923410;PODK£ADKA DYSTANSOWA
1500017461213;TULEJA USZCZELNIAJ•CA WA£KA
01063119;PIERåCIE—
58246013;TARCZA CIERNIA HAMULCA POMPY
54914110;TARCZA STALOWA BIEGU
01034663;USZCZELKA ORING
01026593;åRUBA
K799/1;FILTR POWIETRZA K799/1
ME2261N;CH£ODNICA CIECZY BEZ RAMY
112010;G£OWICA SPR ØARKI MB 556
55941203;RURA WYDECHOWA PRZEDNIA
0301070230;ZAW”R ZWROTNY FILTRA PALIWA
3397118911;PI”RO WYCIERACZKI BEZSZKIELETOWE
RMPSW384;ZESTAW NAPRAWCZY KOMPRESORA
110410;G£OWICA KOMPRESORA
VAN40200RE;RURA WYDECHOWA
TA1237;KO—C”WKA DR•ØKA KIERWOWNICZEGO
VAN40100RE;RURA WYDECHOWA
CL770OC;OBEJMA UK£ADU WYDECHOWEGO
CR8E;åWIECA ZAP£ONOWA
AP178/2;FILTR POWIETRZA AP178/2
VIC504;NARZ DZIA
ORI88X3;ORING 88X3
137430247580;PASEK KLINOWY
874824005500;DR•ØEK KIEROWNICZY MAN
874801803500;NAPINACZ PASKA
870260301590;REGULATOR NAPI CIA
126291905580;KOLANKO SILIKONOWE
MD23396;PRZE£•CZNIK ZESPOLONY POD KIEROWNICE
66772000;KLAMKA DRZWI
K1172A;FILTR KABINY K1172A
182032;KLOSZ LAMPY PRZEDNIEJ L MB AXOR
P550268;FILTR OLEJU P550268
2313535;OBUDOWA
K81104;£OØYSKO K81104
1305010794;LAMPA åREDNIA £AMANA LED P
1305010790;LAMPA åREDNIA £AMANA LED L
K4135D;GRZECHOTKA 1/2 (åREDNIA)
25EMR200;CEWKA EMER ZAWORU BUTLI CNG 12V (EMER474)
8PK2215;PASEK KLINOWY 8PK2215
01069900;ROLKA PROWADZ•CA
51981820026;£•CZNIK GUMOWY P£YNU / RETARDERA
0986424456;KLOCKI HAMULCOWE OPEL PRZ”D
FVR1038;KLOCKI HAMULCOWE
21096;åRUBA SPUSTU MISKI OLEJOWEJ
1002020384;B BEN VO. 410X261
VA89BBL375P/R/A/N-94A;WENTYLATOR OSIOWY BEZSZCZOTKOWY 305MM
HM305;FLITR OSUSZACZA KLIMATYZACJI ECO
17X2450;PASEK KLINOWY SPB 17X2450
17X1950;PASEK KLINOWY XPB 17X1950 XE-POWER PRO
AM97002;åCI•GACZKA DO WODY TOP DRY
0502000523;"TARCZA SPRZ G£A FI430 2""10"
0503000314;DOCISK FI 430 MAN
0504000263;£OØYSKO SPRZEG£A
REG10;REGENERACJA SI£OWNIKA SKR TU
WLK6;MIKOPRZE£ACZNIK SNAP ACTION
SD7H15;SPR ØARKA KLIMATYZACJI 10PK
51059010161;USZCZELKA CH£ODNICY OLEJU
VA930090080;AKUMULATOR OSOBOWY
LPL62X1;LATARKA LED BERNER
023262;£•CZNIK RURY WLEWU OLEJU
601003031424P;ZAMEK POKRYWY SILNIKA
FE18300;PODPORA WA£U NAP DOWEGO
6299750099;WN KA POD UCHWYT LEWA
6139500439;OS£ONA BOCZNA FOTELA LEWA RZ•D O350
6299502655;OS£ONA BOCZNA FOTELA LEWA
6299750056;UCHWYT LEWY
BIXENON 2,5';SOCZEWKI BIXENON 2,5'
ODKURZACZ PRZEMYS£OWY KARCHER WD3;ODKURZACZ PRZEMYS£OWY FORCH
WG/WZORU;PRZEW”D OLEWJOWY WG/WZORU
EZCFR034;WK£ADKA ZAMKA MASKI POKRYWY SILNIKA TRANSIT 00-06
ANTENA SAMOCHODOWA WEWN TRZNA;ANTENA SAMOCHODOWA WEWN TRZNA
318704;ZAW”R STERUJ•CY CIåNIENIOWY
ERO6001PP2;OLEJ DO UK£ADU KLIMATYZACJI
463059;SI£OWNIK LEWARKA SKRZYNI BIEG”W
0445020125;POMPA CR
335808;AMORTYZATOR
713610020;£OØYSKO KO£A PRZ”D
910057KYB;AMORTYZATOR ZESTAW PRZ”D SEAT ALTEA/LEON
CAS172;OLEJ CASTROL MAGNATEC 5W20 5L
RH3550;SPR ØYNA ZAWIESZENIA PRZ”D VW GOLF PLUS
SBH0024A AS;SZCZOTKOTRZYMACZ ROZRUSZNIKA CITARO
SM1714;ZESTAW MONTAØOWY AMORTYZATORA
W7015;FILTR OLEJU
3397118950;PI”RA WYCIERACZEK
AK370/4;FILTR POWIETRZA AK370/4
LOT-091 4L;OLEJ LOTOS SYNTHETIC LOT-091 4L
17X1920;PASEK 17X1920
89901070;ØAR”WKI
ASM02045;T£UMIK UK£ADU WYDECHOWEGO TY£
Y24V012492;CEWKA PRZEK£ADNI K•TOWEJ WENTYLATORA MERCEDES
350/50/40 194;TARCZA POLERKSA FILCOWA Z OTWOREM
ZNS200;ZESTAW NAPRAWCZY SEWA STAR S20 S
504129389;CZUJNIK TEMPERATURY SPALIN IVE 301
BS02-012;FILTR KABINOWY
BS01-107;FILTR POWIETRZA
2603010921;OPONA
F12378;WACHACZ BMW E39 LEWY DOLNY
F12379;WACHACZ BMW E39 PRAWY DOLNY
F1260;WACHACZ BMW E39 LEWY G”RNY BEZ TULEI
F12621;WACHACZ BMW E39 PRAWY G”RNY BEZ TULEI
CUOL13018570TUR30;OPONA 185/70 R13 RAINEXPERT
TTALJ511310600000;KO£EK MINICOMBI B8 (4 SZT)
DUØY KOMPLET ZAåLEPEK GUMOWYCH;DUØY KOMPLET ZAåLEPEK GUMOWYCH
1501020283;WK£AD LUSTRA VO.FH/FM
FCM625D2;WKR TARKA UDAROWA STANLEY
SF688;OPONA 185/70 R13 LETNIA
FE10631;åRUBA KO£A
FE46622;NAKR TKA KO£A
6284601119;DèWIGNIA POSREDNIA LH
SKRZYNKA NARZ DZIOWA NA K”£KACH DUØA KET;SKRZYNKA NARZ DZIOWA NA K”£KACH DUØA KETER JOB
AKUZUØ;AKUMULATOR ZUØYTY
471551502;SUWMIARKA CYFROMA 150MM
FE15134;CZUNIK ZUØYCIA KLOCK”W HAMULCOWYCH SETRA/INTEGRO/MAN 517
RAMKA TABLICY REJESTRACYJNEJ NIERDZEWNA;RAMKA TABLICY REJESTRACYJNEJ NIERDZEWNA CHROMOWANA
VAL2500234;ZESTAW NAPRAWCZY POMPY SPRZ G£A
9012600951;LINKA/CI GNO
9012670106;POKRYWA
0986AH0611;PRZEKAèNIK 12V/20A
986452041;FILTR OLEJU CORSA
530049110;ROZRZ•D KOMPLETNY OPEL CORSA
237845;ELEKTROMAGNES ROZRUSZNIKA ACTROS MB 311
S1904;SMAROWNICA PNEUMATYCZNA 12KG
VAN30259MN;RURA WYDECHOWA
VAN30257MN;RURA WYDECHOWA
CL785OC;OBEJMA UK£ADU WYDECHOWEGO
19070193;SZCZOTKOTRZYMACZ ROZRUSZNIKA DAF 301
81779620041;ZAW”R OGRZEWANIA MAN
GUMSTAR266;ZESTAW OS£ON SI£OWNIK”W PNEUMATYCZNYCH STAR 266
195008;TULEJA GUMOWO-METALOWA DR•ØKA REAKCYJNEGO MAN 751
G7W024PC;PRZEGUB NEP DOWY AUDI
WYBIJAK FI10;WYBIJAK FI10 UNITROL
82093;BUTY ROBOCZE NEO
åRUBA M10;åRUBA M10X1,5
REGENERACJA ZACISKU HAMULCA VARIO;REGENERACJA ZACISKU HAMULCA
12V H7 LED;ØAR”WKA LED H7 12V
åRUBA LAGI M16;åRUBA LAGI M16
2705001349;"URZ•DZENIE DO DEZ.POW ""OZONATOR"" 230V"
200714079;SZCOTKI ROZRUSZNIKA KPL. 8X30X18
544271;TARCZA HAMULCOWA
FAE12230;CZUJNIK CIåNIENIA OLEJU
107779;SILENTBLOCK WAHACZA PRZ”D3
0009971908;PIERSCIEN USZCZELANIAJ•CY
TTALP505019600000;KLEJ SVS-VULC CEMENT 175G
BG9150;TARCZA HAMULCOWA BG9150
W7050;FILTR OLEJU W7050
19945;£OØYSKO PODPORY WA£U NAP DOWEGO
2001933149;CI G£O ROZRUSZNIKA
PNG72185;P”£Oå NAP DOWA
345027;AMORTYZATOR TY£
25948;SILENTBLOCK WAHACZA TY£
25947;WSPORNIK VW PASSAT
35537;ZESTAW WAHACZY
529011510;ZESTAW PASKA
P1538;POMPA CIECZY CH£ODZ•CEJ
334542;LAMPA LATARKA UV
205457755;KAPTUREK TYLNEJ PIASTY OPEL
3310080;ZESTAW GWINTOWANIK”W R CZNYCH M8X1,25
YT2933;GWINTOWNIK R CZNYM M6
YT2995;POKR T£O DO GWINTOWNIK”W M1-M8
OE672/2A;FILTR OLEJU OE672/2A
301181307900;WAHACZ PRAWY
301181308000;WAHACZ CITRON C8 02
UØYWANA CZEå∆ SAMOCHODOWA;UØYWANA CZEå∆ SAMOCHODOWA
ZASILACZ 24V 200W;ZASILACZ 24V 200W
3012401;OS£ONA PRZEK£.KIEROWNICZEJ
F11817;DR•ØEK KIEROWNICZY LEWY
F11818;DR•ØEK KIEROWNICZY PRAWY
YT8245;LUTOWNICA P SETOWA 48W
SBH5011;SZCZOTKOTRZYMACZ
62/28 2RS;£OØYSKO KULKOWE ALTERNATORA 62/28
2701000128;"GRZECHOTKA 3/4"""
552401052;AKUMULATOR OSOBOWY 52AH
G1G063PC;PRZEGUB NAP DOWY
QBSTT60;ELEMENT PRZEWODU HAMULCOWEGO
301905;£OØYSKO 301905
43631005;NAKR TKA KO£A
AUG52550;ZESTAW NAPRAWCZY ZWROTNICY
WA£EK 10X10;WA£EK 10X10
294191;LAMPA WYS. KR”TKA PROSTA LED
0015456709;W£•CZNIK
713502400;USZCZELKA MISKI OLEJOWEJ MAN 212
654210;åRUBA KO£A M20X1,5X95
E2954LB03;FILTR KABINY MERCEDES E2954LB03
24233;ZAW”R NAGRZEWNICY
0092S40190;AKUMULATOR 40AH
092S40280;AKUMULATOR 95AH 800A
GDB1550;KLOCKI HAMULCOWE
LTD001;REPERATURKA ZACISKU
FE06271;åRUBY KO£A
FE01471;åRUBA KO£A
KLEJ DO sznurkÛw miÍkich 205ml 770;KLEJ DO SZNURK”W MI KKICH 205ML 770
760;KLEJ DO SZNURK”W UNIWERSALNY 235ML 760
LENA334542;LAMPA/LATARKA UV DO SPRAWDZANIA SZCZELNOåCI KLIMATYZACJI
26773;SWORZE— WACHACZA AUDI A3
CH2296;CH£ODNICA KLIMATYZACJI
LCC3210;RAMI  WYCIERACZKI/OS£ONA
3397001543;PI”RO WYCIERACZKI SZKIELETOWE 600/550MM
GRZA£KA METALOWA DO YIHUA WEP;GRZA£KA METALOWA DO YIHUA WEP
SZYBA FORD TRANSIT IV + MONTAØ;SZYBA FORD TRANSIT IV + MONTAØ
E1314L;FILTR POWIETRZA
CZYSZCZENIE I REGENERACJA POMPY WTRYSKOW;CZYSZCZENIE I REGENERACJA SZYNY WYSOKIEGO CIåNEINIA
REGULATOR RO12;REGULATOR RO12
0015453309;CZUJNIK
81664106606;B£OTIK MAN
294196;LAMPA WYS.åREDNIA £AMANA LED PRAWA
294194;LAMPA WYS.åREDNIA £AMANA LED PRAWA
484205006;CZUJNIK CIåNIENIA POWIETRZA
8PK2040;PASEK WIELOKLINOWY 8PK2040
JTC959;WACHACZ CITROEN LEWY
JTC960;WACZACZ CITROEN PRAWY
KO£O PASOWE;KO£O PASOWE
KR24499;SPR ØYNA GAZOWA POKRYWY SILNIKA (SI£OWNIK)
591002018540P;MECHANIZM WYCIERACZEK
OLEJ VECTON 5W30 5L;OLEJ SILNIKOWY 5W30 CASTROL VECTON 5L
461653;TULEJA KOMPRESORA
FE09777;ZESTAW NAPRAWCZY POMPY CH£ODNICY
10X1325;PASEK KLINOWY 10X1325
10PK1698;PASEK WIELOKLINOWY 10PK1698
EL475170;USZCZELKA KOLEKTORA
KD45305;ROZRZ•D KOMPLETNY OPEL CORSA
MTIL94;LATARKA WARSZTATOWA TS1108
FAE25100;W£•CZNIK åWIATE£
R8200;PAS BEZPIECZE—STWA
0501212814ZF;ZAW”R SKRZYNI BIEG”W ZF
KR31115;SPR ØYNA GAZOWA POKRYWY SILNIKA (SI£OWNIK)
SUPSTYTUT O£OWIU DO BENZYNY WYNNS SUBSTI;SUPSTYTUT O£OWIU DO BENZYNY WYNNS SUBSTI-PLOMB
110101837;PAS BEZPIECZE—STWA BIODROWY
D4025;ZESTAW NAPRAWCZY ZACISKU HAMULCOWEGO
3397007589;PI”RA WYCIERACZEK 550/340 MM
BS4625;W£•CZNIK åWIATE£ STOPU VAG
4311147L;REFLEKTOR FORD TRANSIT LEWY
4311147R;REFLEKTOR FORD TRANSIT PRAWY
V307313;FILTR OLEJU SKRZYNI BIEG”W DB C202
DF7911;TARCZA HAMULCOWA
GDB1841;KLOCKI HAMULCOWE
099700120060;R KAWICZKI NITRYLOWE M/L/XL 100SZT OPAK
PHA486;PRZEW”D HAMULCOWY TRW
VW400550;ZACISK HAMULCOWY TY£
3482000474;DOCISK SPRZ G£A FI395
1878003332;TARCZA SPRZ G£A FI395
1404060073;ZESTAW NAPRAWCZY ZAWIESZENIA SOLARIS VOITH
52X1000;PRZEW”D SILIKONOWY 52X1000
35X72X10/12;USZCZELNIACZ 35X72X10/12
112129;NADKOLE PLASTIKOWE
OLEJ SILNIKOWY VECTOR 10W40 20L;OLEJ SILNIKOWY VECTOR 10W40 20L
51262017157;ROZRUSZNIK LION/MAN
6505063546051P;POSZYCIE/REPERATURKA
6505063546052P;POSZYCIE/REPERATURKA
6505063546046P;POSZYCIE/REPERATURKA
PNG72521;P”£Oå NAP DOWA
3739301;£•CZNIK STABILIZATORA DB
F09120;TULEJA RESORU DB
OE2E0511413L;GUMA DR•ØKA STABILIZATORA VW
PP967;FILTRA PALIWA
1987432422;FILTR PALIWA
0451300003;FILTR PALIWA MAN LIONS BOSH
8200051735;ZAMEK DRZWI PRZES”WNYCH LEWE
0201100517;KO£O ZAMACHOWE FI 395
9125101040;SPR ØARKA WABCO MB
2701001288;"NASADKA 1/2"" Z BITEM SPLINE M14 12-K•TNA"
03038400;NAPINACZ PASKA
455002;ZBIORNIK WYR”WNAWCZY UK£ADU CH£ODZENIA MB ACTROS CONECTO
MC44700375;T£OK
MC522614001;CARTRIDGE HOLDER
18217660;OPORNIK DMUCHAWY MB AXOR
19579;OK£ADZINY HAMULCOWE NOMINA£
9737500184R;ZEMEK MB 801
DIN934;NAKR TKA M12 SAMOKONTRUJ•CA
M12X100/30;åRUBA ZAMKOWA M12X100
713644510;£OØYSKO KO£A OPEL 713644510
SQ12103101;MODU£ ZAP£ONOWY
81637320057;POKRYWA LUSTRA PANOR. MAN
81637320054;POKRYWA LUSTRA MAN
2210000006;OS£ONA PLASTIKOWA NAKR TKI KO£A
22817;KO—C”WKA DR•ØKA KIEROWNICZEGO
24529904493;PRZEW”D HAMULCOWY FORD TRANSIT
AD272191;LINKA HAMULCA R CZNEGO
VH388;ZESTAW NAPRAWCZY RETARDERA VOITH
TROJNIK TEKALAN Q6;TR”JNIK TEKALAN Q6
713649420;£OØYSKO KO£A BMW E87 3.0L 07 TY£
3250048;LUSTERKO ZEWN TRZNE LEWE KOMPLETNE
SS10771;CZUJNIK PO£OZENIA WA£KA ROZRZ•DU
0407000908;£•CZNIK GUMOWY FI 50 CH£ODNICY
2702000661;KLUCZ DO WTRYSKIWACZY
FE15718;PODUSZKA SILNIKA
WP5100103X10;ELEMENT PRZEWODU
250186;ELEMENT WTRYSKU
BG4032;TARCZA HAMULCOWA
24529904523;PRZEW”D HAMULCOWY
10703;KO—C”WKA DR•ØKA KIEROWCZEGO DB
10763;£•CZNIK STABILIZTORA DB
20030144;ZIMERING
F05952;WAHACZ DB 123 LEWY G”RNY
F0953;WAHACZ DB 123 PRAWY G”RNY
F06072;PODUSZKA SILNIKA DB 123 L+P
SS20142;CZUJNIK PR DKOåCI ABS OPEL CORSA
AS1008;PIERåCIE— ABS OPEL
316942;AMORTYZATOR TY£ DB 123
BOS255001;WIESZAK UK£ADU WYDECHOWEGO
BOS777001;RURA WYDECHOWA
02190101301P;T£UMIK UK£ADY WYDECHOWEGO åRODKOWY
SG4800551800;USZCZELKA SZYBY CZO£OWEJ
BOS256002;USZCZELKA UK£ADU WYDECHOWEGO
6102021251237P;SZK£O LUSTRA
02190101302P;T£UMIK UK£ADU WYDECHOWEGO TY£
ZESTAW DO POLEROWANIA ALUMINIUM;ZESTAW DO POLEROWANIA ALUMINIUM
LIN270187;LINKA HAMULCA R CZNEGO
AS4585;CZUJNIK PO£OØENIA WA£U KORBOWEGO
N110/6L;PANEWKI WA£KA ROZRZ•DU MB 705
759147;PIERåCIE— GUM 94.5*105.3*9.0
2650570;USZCZELKA MB 213
712392210;USZCZELKA MISKI OLEJOWEJ MB 212
702806700;USZCZELKA POKRYWY ROZRZ•DU MB 212
702579940;USZCZELKA ROZRZ•DU MAN 212
819205;USZCZELKA ROZRZ•DU MAN 212
127720;PR•DNICZKA TACHO. 25/4 OKR•G£E PINY
LIN270174;LINKA HAMULCA R CZNEGO
KR23060;SPR ØYNA GAZOWA POKRYWY SILINIKA
81978402086;LITERA M
81978402088;LITERA N
81978402087;LITERA A
8MA376705471;ZBIORNIK WYR”WNAWCZY MERCEDES CITARO
205/65R16C;OPONA 205/65 R16C
567108;åRUBA KO£A M22X1,5-40/98
42X55X7;USZCZELNIACZ 42X55X7
0500005002000;ZAW”R POZIOMUJ•CY ZAWIESZENIE LH MB 111
51259020129;ZAW”R STERUJ•CY CIåNIENIOWY MAN 111
OLEJ 15W40 PLAT ULTOR 205L;OLEJ 15W40 PLAT ULTOR BECZKA 205L
0162050703;TARCZA SPRZEG£A FI 430
0042504604;DOCISK FI 430
0012508415;£OØYSKO SPRZEG£A
9705011682;£•CZNIK GUMOWY FI 50
5010514570;£•CZNIK GUMOWY FI 50X350
123176;WIENIEC Z BATY KO£A ZAMACHOWEGO
NKI45/35;£OØYSKO NKI 45/35
LAMPA PRAWA TY£ MERCEDES-BENZ;LAMPA PRAWA TY£ MERCEDES-BENZ
1072910182;NAK£ADKA PEDA£U
1074270082;NAK£ADKA
SKU-6505-04-3535881K;POD£OGA SKU-6505-04-3535881K
802070;£OØYSKO AMORTYZATORA
ASL9008AS;KOMUTATOR ALTERNATORA
D4849CAUT;REPERATURKA ZACISKU
SS20219;CZUJNIK PR DKOåCI ABS OPEL CORSA
VKJC4588;P”£Oå
102860;USZCZELKA SKRZYNI BIEG”W
1761P8025;KOMPLET PANEWEK KORBOWODU DB V8 0.25
1763H5025;KOMPLET PANEWEK G£”WNYCH DB V8 0.25
2212720025;P£YTKA
2212721526;P£YTKA
221272232664;PIERåCIE— WIELOWAR. ZESN TRZNY
4570140122;USZCZELKA MISKI OLEJOWEJ MB OM457LA/460
91251010;G£OWICA SPR ØARKI EVOBUS KOMPLETNA
2701000027;KLUCZ OCZKOWO-P£ASKI 10MM
270100273;KLUCZ OCZKOWO-P£ASKI 6MM
2701002370;KLUCZ OCZKOWO-P£ASKI 7MM
2501000321;OLEJ 15W40 ORLEN PLATINUM 5L
GDB1747;KLOCEK HAMULCOWY KPL.
12V W16W;ØAR”WKA 12V W16W
AMGLOS2;3 ETAPOWY ZESTAW DO POLEROWANIA ALUMINIUM
0000046326;SILNIK WYCIERACZEK SOLARIS/MAN MATADOR
0040081;TAåMA AKRYLOWA DWUSTRONNIE KLEJ•CA BO
14796;PODUSZKA SILNIKA
F31852;PODPORA WA£U DB SPRINTER
MOT105774;OLEJ PRZEK£ADNOWY MOTUL ATF VI
YT0400;KPL. KLUCZY SPECJALNY
18869;PODUSZKA SILNIKA DB SPRINTER
DF7061S;TARCZA HAMULCOWA
LPR09850;SZCZ KI HAMULCOWE
F01079;GUMY STABILIZATORA DB 2001
PJD229;SI£OWNIK HYDRAULICZNY
YT3600;NITOWNICA BOCZNA 2,4-4,8 MM
092S50130;AKUMULATOR 100AH/830A
150390;USZCZELKA G£OWICY
477640;USZCZELKA KOLEKTORA WYDECHOWEGO
485190;USZCZELKA POMPY PALIWA
DRM005RK;ZESTAW NAPRAWCZY WTRYSKIWACZA
168610;LAMPA TYLNA IVECO
0773PX;SPREØYNA GAZOWA MAN 736
756866;USZCZELKA VO 212
811867;USZCZELKA POMPY WODY
122581;USZCZELKA POMPY WODY DB
756874;USZCZELKA SMAROWANIA TURBOSPR ØARKI
FE02599;OS£ONA PRZEGUBU
0190969;OS£ONA PRZEGUBU
D2866;POPYCHACZ MB OM401-447
K128;BARANEK MASA USZCZELNIAJ•CA NATRYSKOWA CZARNA K128
36W840;åWIETL”WKA L36/840
24V 60W;ØAR”WKA 24V 60W
0201100001;WIENIEC KO£A ZAMACHOWEGO
1501010256;LUSTRO MB VARIO 96/13R
19697;PRZE£•CZNIK åWIATE£ I KIERUNKOWSKAZU
A6448110816;LUSTRO ZEWN TRZNE LEWE
6284904119;£•CZNIK WYDECHU ELASTYCZNY CITARO Z ADBLUE
29313A;G£OWICA ZAWORU MANGNETYCZNEGO
199700;CZUJNIK P£OMIENIA THERMO
AUG55545;ZESTAW NAPRAWCZY DR•ØKA REAKCYJNEGO
33X10.50-15LT6PRMT-117XT;OPONA 33X10.50-15LT6PRMT-117XT
KASOWNIK KGR4;KASOWNIK KGR4
820091;ZESTAW åRUB G£OWICY
2011650;CZUJNIK NOX DAF
2009975;FILTR POWIETRZA 2009975
AR204;FILTR POWIETRZA AR204
F07151;PODPORA WA£U NAP DOWEGO
H14W09;FILTR OLEJU H14W09
SWF116334;PI”RA WYCIERACZKI SZKIELETOWE SWF116334
4220110310;TULEJA CYLINDRA 128.0 MB
2101572;ZESTAW PIERåCIENI T£OKA MB 221
0015451709;CZUJNIK åWIATE£ COFANIA
0008100278;LUSTRO 380X170
OS£ONA KLEMY AKUMULATORA;OS£ONA KLEMY AKUMULATORA
0081539928;CZUJNIK NOX MERCEDES
914015/2;SZK£O REFLEKTORA MB TOURISMO 2006
20011156;POMPA HYDRAULICZNA PRZEK£ADNI KIEROWNICZEJ
1507030061;ZACZEP B£OTNIKA ACTROS
ZBIORNIK ZWROTNY ADBLUE 1000L KAUCJA;ZBIORNIK ZWROTNY ADBLUE 1000L KAUCJA
51081500044;SI£OWNIK RECRYK.SPAL
LPR6737;POMPA HAMULCOWA
1140072;ZESTAW NAPRAWCZY ZACISKU HAMULCOWEGO
24011001851;TARCZA HAMULCOWA TY£
24011301371;TARCZA HAMULCOWA PRZ”D
DP3110100348;LINKA HAMULCOWA LEWA
DP3110100349;LINKA HAMULCOWA PRAWA
F05742;PRZEW”D HAMULCOWY TY£
GDB101;KLOCKI HAMULCOWE TY£
GDB1103;KLOCKI HAMULCOWE PRZ”D
LPR01839;SZCZ KI HAMULCOWE KPL.
010071;GA£KA ZMIANY BIEG”W
SYSL2023;KLOSZ LAMPY TYLNEJ SC4 NEW SC 333
0601090022;£•CZNIK GUMOWY FI50X55X265
1407000824;KOLANKO PNEUMATYCZNE
6504023525877K;OS£ONA TARCZY HAMULCOWEJ
6504023525878K;OS£ONA TARCZY HAMULCOWEJ
QB1090924;ZESTAW MONTAØOWY KLOCKA HAMULCOWEGO
QB1090978;ZESTAW MONTAØOWY KLOCKA HAMULCOWEGO
D4096;ZESTAW NAPRAWCZY ZACISKU HAMULCOWEGO
G6M002PC;OS£ONA PRZEGUBU
CO12000733B;USZCZELNIACZ WA£U KORBOWEGO
6505069545011K;POSZYCIE/REPERATURA PROGU
6505069545012K;POSZYCIE/REPERATURA PROGU
1803000130;"NAKR TKA ZBIORNIKA 1000L 2"""
185/60R15;OPONA
225/60R17 ZTDE;OPONA 225/60R17 ZTDE D BICA
5013967;MOCOWANIE ZDERZAKA DB W123 LEWE
5013968;MOCOWANIE ZDERZAKA DB W123 PRAWE
860021;ZBIORNIK POWIETRZA 30L 260X520MM MB 118
MERWM001;SILNIK WYCIERACZEK
80000695;PODUSZKA SILNIKA
5DR004241151;REGULATOR NAPI CIA
1402720025;P£YTKA
1402720555;USZCZELNIACZ
1402722255;USZCZELNIACZ
1402722826;TARCZKA ZEWN TRZNA
1409973945;USZCZELNIACZ
2212722226;TARCZKA ZEWN TRZNA
MERCEDES SPRINTER ZAWIAS DRZWI TYLNYCH;MERCEDES SPRINTER ZAWIAS DRZWI TYLNYCH
1825185;NADBIORNIK FORD TRANSIT
REDUKCJA PNEUMATYCZNA R”ØNE;REDUKCJA PNEUMATYCZNA R”ØNE
1406000168;ZBIORNIK POW.7,5L FI246
0407000118;£•CZNIK GUMOWY FI60XFI70
0403020187;KOLANKO SILIKONOWE 55X150X150
1507140078;POKRYWA AKUMULATORA
0XREK0391;R KAWICE ROBOCZE G-REX
UHP023187;TARCZA KOTWICZNA PRAWA GA-06-01
UHP024187;TARCZA KOTWICZNA LEWA GA-06-01
OLEJ MOBIL 5W30 4L;OLEJ MOBIL 5W30 4L
EMULGOL ES12 LOTOS 5L;EMULGOL ES12 LOTOS 5L (CH£ODZIWO DO TOKARKI)
4801041060;ZAW”R EBS MAN
81637306359;LUSTERKO KOMPLETNE SOLARIS B7000
WP041;PRZEW”D HAMULCOWY
WP002;PRZEW”D HAMULCOWY
QB3223;ELEMENT PRZEWODU HAMULCOWEGO (MOCOWANIE)
94670001205033;TORX M18 12-K•TNY
D4852C;ZESTAW NAPRAWCZY ZACISKU HAMULCOWEGO
CO12013894B;USZCZELNIACZ PIASTY
B544401042;AKUMULATOR 44AH
S0000270;SPECJALISTYCZNY KLUCZ PIASTY KO£A MERCEDES
GSP218413;P”£Oå LEWA PRZ”D FORD TRANSIT
FE08403;SILENTBLOCK WAHACZA PRZ”D
ABR55000S;REGULATOR DMUCHAWY
GS8472;SZCZ KI HAMULCOWE FIAT DUCATO
OE649;FILTR OLEJU OE649
OP621;FILTR OLEJU OP621
SFK371;ZESTAW MONETAØOWY SZCZ K CITROEN
VAL004 4L;OLEJ VALVOLINE SYN POWER 5W40 4L
GP6XABC;GAåNICA PROSZKOWA ABC 6KG
1228ME00;B BEN 410X306
50014320;FILTR PALIWA SEPARATOR IVE 208
021041;TARCZA HAMULCOWA MAN PRZ”D 511
031100922090;TARCZA HAMULCOWA MAN TGA PRZ”D 511
480327;NAK£ADKA NA PEDA£
480302;NAK£ADKA NA PEDA£
RECO LAMBDA KATO;EMULATOR SONDY LAMBDA KONTOWY
WAR504;KLUCZ/NASADKA
10021065;ZASILACZ LABORATORYJNY
907G;KOLBA LUTOWNICZA
FE08653;SILENTBLOCK RESORU
D025268;T£OCZEK ZACISKU HAMULCOWEGO
D4113;TEPERATURKA ZACISUKU
F08403;TULEJA WAHACZA
F14776;PRZEW”D HAMULCOWY
POMPA DO ADBLUE;POMPA DO ADBLUE
AC574AXY;ZAW”R PRZEKAèNIKOWY 10BAR
ME0094256;SZK£O LAMPY, LAMPA KIERUNKOWSKAZU
4401605RBWEY;LAMPA KIERUNKOWSKAZU
MAT05650002;SZCZYPCZE DO PIERåCIENI T£OKOWYCH 180MM
1940310;WTRYSKIWACZ PALIWA
0451103298;FILTR OLEJU
21793;£OØYSKO AMORTYZATORA
38181;£•CZNIK STABILIZATORA
42647;GUMY STABILIZATORA
SPIRAX 75W80 1L;OLEJ PRZEK£ADNIOWY SPIRAX S4 G 75W80 1L
SPIRAX S4 G 75W90 1L;OLEJ PRZEK£ADNIOWY SPIRAX S4 G 75W90 1L
112370;AMORTYZATOR MB 376X611 FI14X58/14X40 P MB 737
24819004012;CZUJNIK ZUØYCIA KLOCK”W
LS4256802;SPR ØYNA ZAWIESZENIA W123
0216003525472P;MISKA OLEJOWA W123
EL777138;USZCZELKA MISKI OLEJOWEJ W123
650202355220P;PAS PRZEDNI W123
028980110500;KONCENTRAT DO CH£ODNIC 200L
LATARKA WARSZTATOWA MTECH OSRAM LED;LATARKA WARSZTATOWA MTECH OSRAM LED
MIE0327;MULTIMETR UNI-T YT33C+
PR”BNIK NAPI CIA YATO 6-12V KABEL 90CM;PR”BNIK NAPI CIA YATO 12-24V
81254320480;OBUDOWA TYCZKI 16X1,5
07912010648;STYK TULEJOWY 1,5X1,0
81254750238;RYGLOWANIE 35,5X11,5X9,3
30262006;CZUJNIK CIåNIENIA DO£ADOWANIA MAN 301
0500005001000;ZAW”R POZIOMUJ•CY ZAWIESZENIE PRAWY KNORR
QBCU0400AA;PRZW”D HAMULCOWY
360081064001C;CZUNIK CIåNIENIA OLEJU M18X1,5 3PINY
FE04996;ZESTAW NAPRAWCZY
140350003;ZESTAW NAPRAWCZY
3013797002;ELEMENTY SZCZ K
2309934;SZYBA BOCZNA-TYLNA FORD
IMPREGNAT NIKWAX 5L;IMPREGNAT NIKWAX 5L
PL1139;PANEL LED 180W 60 LED
LAMP-ML388;ØAR”WKA 28V 40MA S5 7S T1 3/4 FI6MM I15MM
9602650774;TRZPIE— USTALAJ•CY
0601050180;KORPUS SYN.3,4 MB
054294001;MIECH PENUMATYCZN 881MB
34888;PIERåCIE— STOØKOWY 51-48T
34606;PIERåCIE— SYNCHRONIZATORA
28711;SPRZ G£O PRZESUWNE
35188;PIERåCIE— STOØKOWY 60-35T
35183;PIERåCIE— STOØKOWY 42-51T
35000;SPRZ G£O PRZESUWNE
3397011427;PI”RO WYCIERACZKI 1000MM ZATRZASK
LMI31330;KO—C”WKA DR•ØKA
C1F032ABE;KLOCKI HAMULCOWE
G30205A;£OØYSKO KO£A
ORIS010178;ZESTAW ELEKTRYCZNY HAKU HOLOWNICZEGO
0986487712;SZCZ KA HAMULCOWA
D41582C;ZESTAW NAPRAWCZY
WPDF116;POMPA CIECZY CH£ODZ•CEJ SOLARIS SILNIK DAF
0520062;P£YN DO CH£ODNIC G12 CZERWONY (na litry)
0340025;SMAR GRAFITOWY 9-10KG
000000005725;åRUBA M18X1,15X90 MB 702
1305011502;LAMPA OBRYSOWA CZERWONA 250X19
1302040035;KLOSZ LAMPY COFANIA
KOLANKO UK£ADU WYDECHOWEGO FI 80 90 STOP;KOLANKO UK£ADU WYDECHOWEGO FI 80 90 STOPNI
KOLANKO UK£ADU WYDECHOWEGO FI 80 45 STOP;KOLANKO UK£ADU WYDECHOWEGO FI 80 45 STOPNI
KOLANKO UK£ADU WYDECHOWEGO FI 80 60 STOP;KOLANKO UK£ADU WYDECHOWEGO FI 80 60 STOPNI
1302040261;KLOSZ LAMPY TYLENIEJ ZESPOLONY OKR•G£Y
881MB;RESOR PNEUMATYCZNY 881MB
V102287;FILTR HYDRAULICZNY SKRZYNI BIEG”W
5352562532;ZESTAW IGIE£ 2MM
5352562533;SITKO 19 OTWOR”W 3MM
4897861;USZCZELKA MISKI OLEJOWEJ SOLARIS
2662LM;åRODEK DO P£UKANIA SILNIKA
2700101;£OØYSKO AMORTYZATORA
84928158;£•CZNIK STABILIZATORA
CAS059;OLEJ CASTROL TRANSMAX DUAL 1L
E115H01;FILTR OLEJU E115H01
E376L;FILTR POWIETRZA E376L
E424KP;FILTRA PALIWA E424KP
E998LC;FILTR KABINY E998LC
MOT102051;OLEJ SILINKOWY 5W40 MOTUL XCLEAN
0009058111;CZUJNIK NOX
OX156D;FILTR OLEJU OX156D
BTE170;TERMOSTAT CIECZY CH£ODZ•CEJ
4471800422;PRZEW”D TURBOSPR ØARKI POWROTU OM447 O407
47536220000;USZCZELNIACZ PIASTY TY£ 155X180X15
E670L;FILTR POWIETRZA
H332WK;FILTR PALIWA
MOT107206;OLEJ SILNIKOWY MOTUL 8100 XCLEAN 5W30 5L
8X1300;PASEK KLINOWY
2219677;PRZEW”D WSPOMAGANIA
84849000;ZESTAW USZCZELEK SILNIKA IKARUS
84099900;KPL PIERåCIENI NA 1 T£OK MAN
VAL890059;CZUJNIK ODLEG£OåCI PRZY PARKOWANIU
TH35488G1;TERMOSTAT
BUTY ROBOCZE S3 NUBUK;BUTY ROBOCZE S3 NUBUK
1510000039;PRZE£•CZNIK REGULACJI FOTELA
12V H7 55W PLUS KPL;ØAR”WKA H7 12V 55W PLUS 2SZT/KOMPLET
00830GG;SZYBA CZO£OWA MERCEDES W123
DF2810;TARCZA HAMULCOWA PRZ”D 282X18
VKBD1006;£OØYSKO KO£A
MIESZEK W123;MIESZEK W123
JH4622;ZEGAR LED JH4622
37744;TULEJA STABILIZATORA
32493;TULEJA STABILIZATORA TY£
RK0079;ZACISK HAMULCA TY£
MAOZ15019550HM920;OPONA 195/50 R15
GGOZ16020555TGG90;OPONA 205/55 R16 ULTRA GRIP 9+
LMI10703;KO—C”WKA DR•ØKA
EL158510;USZCZELNIACZ WA£U
713667520;ZESTAW £OØYSKA
1100225100;ZESTAW NAPRAWCZY
ADK88016;GUMA DR•ØKA STABILIZATORA
YT06885;ZESTAW ZAWLECZEK PROSTYCH 1000SZT
ROMA15054;SPINKA TAPICERSKA
CR1220;BATERIA LITOWO JONOWA 3V FI12X2
A6299751055;NAK£ADKA UCHWYTU PRAWA Ø”£TA RAL1023
WA6300058;G£OWICA KOMPRESORA CITARO 3 CYLINDRY MA£A
4621064;LISTWA SZYBY PRZ”D BOCZNA PRAWA (PIONOWA) TRANSIT
2701002691;SMAROWNICA NOØNA Z PISTOLETEM 12L
OPONA MOTOCYKLOWA SZOSOWA 2.75-21;OPONA MOTOCYKLOWA SZOSOWA 2.75-21
VKMCV51005;NAPINACZ MB 216 CITARO
19036788B;USZCZELNIACZ WA£U KORBOWEGO TY£ DAF 707
24762;ZESTAW NAPRAWCZY PIASTY TY£ MB 740
6205 C3;£OØYSKO 6205 C3
10016BMR;WYåWIETLACZ LED CZERWONY
WIERT£O 0,8MM;WIERT£O 0,8MM
TX932;TULEJA 650
VKMCV51007;NAPINACZ PASKA VKMCV51007
OLEJ PRZEK£ADNIOWY PLATINIUM ATFIII 205L;OLEJ PRZEK£ADNIOWY PLATINIUM ATFIII 205L BECZKA
4747355;Z£•CZKA PRZEWODU WSPOMAGANIA
6299750156;UCHWYT PRAWY
195/70 R15C;OPONA 195/70 R15C
DID420D132;£A—CUCH
USZCZELKA DRZWI FORD TRANSIT;USZCZELKA DRZWI FORD TRANSIT
E2Y0002BTA;ROLKA NAPINAJ•CA
E2Y8609BTA;ROLKA PROWADZ•CA
26500039800;FILTR CH£ODZENIA
1673078;CZUJNIK CISNIENIA OLEJU/TEMPERATURY PALIWA SOLARIS DAF
WS-087;TARCZA SPRZ G£A 200
195/70R14;OPONA 195/70R14 TURANZA
0986016980;ROZRUSZNIK
BX;WYMIANA ROZRUSZNIKA BX
DOT5;P£YN HAMULCOWY DOT5.1 5L
ZABKA DO LADOWANIA 800-1200A;ØABKA DO £ADOWANIA AKUMULATORA 800A 1200A
BR8ES;åWIECA ZAP£ONOWA
538068010;POMPA WODY
AP178/3;FILTR POWIETRZA
KLEJ POXIPOL;KLEJ POXIPOL
USZCZELKA TURBOSPR ØARKI;USZCZELKA TURBOSPR ØARKI
2186500;USZCZELKA TURBOSPR ØARKI
42X60X10;USZCZELNIACZ 42X60X10
42X65X12;USZCZELNIACZ 42X65X12
RP231873;DYWANIK BAGAØNIKA
RPD200119;DYWANIKI GUMOWE
0635285037ZF;£OØYSKO WIDE£EK SPRZ G£A SETRA
5902010049P;CZUJNIK ODLEG£OåCI
3397005161;PI”RO WYCIERACZEK KPL
460903/80050903P;MATA WYG£USZAJ•CA
LA175;FILTR KABINY
OE 670;FILTR OLEJU
AP 051/5;FILTR POWIETRZA
800055910000;ZESTAW PIERåCIENI
PE 982;FILTR PALIWA
ME4232 TTX;CH£ODNICA POWIETRZA
530046330;ZESTAW PASKA ROZRZ•DU Z POMP•
185/55R15;OPONA ZIMOWA 185/55R15
P£YN DO MYCIA SILNIK”W 25 KG P0886;P£YN DO MYCIA SILNIK”W 25 KG P0886
"KO£PAK RADIUS 15""";"KO£PAK RADIUS 15"""
H97W05;FILTR OLEJU FIAT
KP15678XS GATES;ZESTAW ROZRZ•DU + PW
AK362/1;FILTR POWIETRZA
H275WK;FILTR PALIWA
HU721/4 X;FILTR OLEJU
24V TAåMA BIA£A NEUTRALNA 60/M IP20 5M;24V TAåMA BIA£A NEUTRALNA 60/M IP20 5M
R6ZZ;£OØYSKO R6ZZ
702256290;ELEKTRYCZNY ZAW”R STERUJ•CY
2108200292;POKR T£O OGRZEWANIA MB 819
R8 24S;£OØYSKO KULKOWE ZWYK£E R8 24S EZO
R8 EZO;£OØYSKO KULKOWE ZWYK£E R8 EZO
CEWKA PRZEK£ADNI K•TOWEJ WENTYLATORA;CEWKA PRZEK£ADNI K•TOWEJ WENTYLATORA
P781465;FILTR POWIETRZA P781465
0258006376;SONDA LAMBDA
FE04912;åRUBA KO£A M14X1,5X34/55 KLUCZ 19
PRZEW”D MIEDZIANY LPG 8.00MM/10M;PRZEW”D MIEDZIANY LPG 8.00MM/10M
VECTON LD 10W40 E6/39 20L;OLEJ SILINIKOWY VECTONLD10W40 E6/39 20L
0005404544;CZUJNIK PODCISNIENIA FILTRA POWIETRZA MB ATEGO
0092S50100;AKUMULATOR 800A P+
YT23701;PISTOLET DO POMPOWANIA K”£
YT38931;ZESTAW NARZ DZIOWY 1/2 CALA 173CZ
KLINGERYT 0,5 750X750;KLINGERYT 0,5 750X750
KLINGERYT 0,5 1500X15000;KLINGERYT 0,5 1500X15000
KLINGERYT 0,8 750X750;KLINGERYT 0,8 750X750
KLINGERYT 0,8 1500X1500;KLINGERYT 0,8 1500X1500
KLINGERYT 1,0 750X750;KLINGERYT 1,0 750X750
51261055012;KO£O PASOWE ZE SPRZ G£EM ALTERNATORA
BS02559;FILTR KABINY
815329100;USZCZELNIACZ WA£Y KORBOWEGO
3184099900;PRZEW”D WODNY CH£ODZ•CEJ
51063045460;PRZEW”D WODY CH£ODZ•CEJ M12,5X1,25X299
D1271;KPL PANEWEK G£”WNYCH DAF
D1960-1;PANEWKA KORBOWODU STD DOLNA
D1960;PANEWKA KORBOWDU STD G”RNA
D463-1;åRUBA G£OWICY DAF KPL
D830;PIERåCIE— USTALAJ•CY WA£U PE228 1625004
D829;PIERåCIE— USTALAJ•CY WA£U PE228C 1625003
D1707;KPL USZCZELEK DO£U PR183/228/265
D1689;KPL USZCZELEK G”RA DAF 0101990172
D360-1;KPL PIERåCIENI 1-T£OK FI 118 DAF
D512-3;FILTR ODåRODKOWY OZ5 DAF 0170386000
D859;WK£A FILTRA OLEJU DAF
0041534428;CZUJNIK POZIOMU OLEJU W MISCE OLEJOWEJ MB 301
8351210000;CH£ODNICA WODY MB BUS 0550 SETRA 315
40169957;WIESZAK UK£ADU WYDECHOWEGO
40169952;WIESZAK UK£ADU WYDECHOWEGO
85111000;åWIECA ZAP£ONOWA
818047410;£•CZNIK STABILIZATORA
PHA126;PRZEW”D HAMULCOWY GUMOWY 40094200
EB802;AKUMULATOR 80 Ah
£OØYSKO KOLUMNY MC PHERSONA;£OØYSKO KOLUMNY MC PHERSONA
49810;WENTYLATOR MB 204
9700514140;WYSPRZ GLIK FI 100 MAN
01031695B;USZCZELNIACZ WA£KA ATAKU SOLARIS
FE107348;PODUSZKA STABILIZATORA
DLLA35S161;ROZPYLACZ MAN
FE03202;BROK SILNIKA
GDB1634;KLOCKI HAMULCOWE
6102021231985P;WK£AD LUSTERKA
AUG15267;DR•ØEK REAKCYJNY
BTX2080D;TERMOSTAT CIECZY
BTX2780D;TERMOSTAT CIECZY
PNG70290;P”£Oå NAP DOWA
04L121011N;POMPA WODY
333751;AMORTYZATOR PRZEDNI PRAWY
333752;AMORTYZATOR PRZEDNI LEWY
83610402103;PRZEW”D HAMULCOWY
F07568;£•CZNIK PRZEDNIEGO STABILIZATORA
WP005;PRZEW”D HAMULCOWY MIEDZIANY 0,45M
WP030;PRZEW”D HAMULCOWY
OX143D;FILTR OLEJU
LMI22251;KO—C”WKA DR•ØKA KIEROWNICZEGO
J41057DYMT;SILENTBLOCK BELKI ZAWIESZENIA PRZ”D D”£
PC122800116CS;£OØYSKO GEX150
10060 ROMIX;SPINKA TAPICERSKA CZARNA
KLUCZK OCZKOWY DO POBIJANIA 56MM;KLUCZK OCZKOWY DO POBIJANIA 56MM
CS017;WY£•CZNIK ELEKTROM 5269379
PA1175-1;PASEK 2AVX13 1775
36357030001;BLACHA OS£ONOWA WA£KA ATAKU SOLARIS
FE33155;SILENTBLOCK MERC TY£
AKUMULATOR OGNIWO 18650;AKUMULATOR OGNIWO 18650 8800mAh 4,2V
ME008400;PIERåCIE— ABS
WKLAD LUSTRA;WK£AD GRZEJ•CY LUSTRA 250X125
1501020054;WK£AD GRZEJ•CY LUSTRA 195X108
K1111A;FILTR KABINY
YT38941;ZESTAW NARZ DZIOWY YATO 1/2 CALA
9534007890;åRODEK DO WI•ZANIA OLEJ”W
D4232;ZESTAW NAPRAWCZY ZACISKU HAMULCOWEGO
KYB339755;AMORTYZATOR PRZ”D
KYB339754;AMORTYZATOR PRZ”D
PASEK KLINOWY SPB 1600;PASEK KLINOWY SPB 1600
AKUMULATOR MILWAUKEE M14;AKUMULATOR MILWAUKEE M14
£OZYSKO 32004 TIMKEN;£OZYSKO 32004 TIMKEN
£OZYSKO 3210;£OØYSKO 3210
5903246821482;ZESTAW NOØY TOKARSKICH 20X20 SK£ADANYCH
ROMA11751;ROMA11751
£ATKA OKR•G£A 25MM;£ATKA OKR•G£A 25MM
£ATKA OKR•G£A 45MM;£ATKA OKR•G£A 45MM
KO£EK UNIWERSALNY 8MM 251-1UL;KO£EK UNIWERSALNY 8MM 251-1UL
TECH927;KO—C”WKA SZYD£A CI ØAROWEGO 927
0009880981;ELEMENT DOCISKOWY
0019881878;KLAMRA
0074204920;KLOCKI HAMULCOWE PRZEDNIE
1105010282;PRZEW”D P£YNU CH£ODNICZEGO
OPONA 215/60R17 KRISTALL;OPONA 215/60R17 BRIDGESTONE
OPONA 195/55R16 ZIMOWA;OPONA 195/55R16 ZIMOWA
175/65R15;OPONA 175/65R15
GN046;åWIECA ØAROWA
TOYA22380;WIERT£A DO DREWNA 8SZT
ACBP07KP;BEZPIECZNIK P£YTKOWY 7,5A
YT1056;ZESTAW NASADEK DO ALUFELG
MMTRAW018;RAMI  WYCIERACZEK Z PI”REM
4549;åWIECA ZAP£ONOWA CR7HSA
BR9ES;åWIECA ZAP£ONOWA
4341001267;ZAW”R PRZEP£YWOWY OGRANICZJ•CY CIåNIENIE D£AWIK
PS882;FILTR PALIWA
5513005077921P;ZAåLEPKA ZDERZAKA
175017012;LAMPA TABLICY REJESTRACYJNEJ
0000027631;åRUBA STOØKOWA M10X35
0000048097;USZCZELKA 83/40X0
0000048099;USZCZELKA CH£ODNICY 215X121X0,38
0000048098;ORING 30X3
0000023000;TARCZA CIERNA HAMULCA POMPY
0000018685;PIERåCIE—
0000013616;USZCZELNIACZ
0000021853;TARCZA STALOWA BIEGU R
0000021854;TARCZA CIERNA RBG
0000022989;PIERåCIE— USZCELNIAJ•CY 12X3
0000050658;USZCZELKA ORING
0000027632;ORING
0000029617;FILTR SKRZYNI BIEG”W
0000036155;SMOK SKRZYNI BIEG”W
0000047790;FLANSZA WEJåCIOWA
0000049816;ORING
0000022978;TARCZA STALOWA EK,DK
0000022977;TARCZA CIERNA
0000022982;TARCZA METALOWA
0000048586;P£YTKA KANA£OWA
0000027528;TULEJKA ROZPR ØNA TRZPIENIA
0000033822;PIERåCIE—
0000022984;USZCZELKA
0000013613;USZCZELKA T£OKA
9042001222;WENTYLATOR
0000052739;ZESTAW USZCZELEK
D1321;USZCZELKA DAF OE
D1722;ORING
D1720;ORING
D1721;ORING
2774901;GUMY STABILIZATORA
600001700;ZESTAW SPRZ G£OWY VW
AKUMULATOR 72AH 680A;AKUMULATOR
PASEK KLINOWY GATAV17X1600;PASEK KLINOWY GATAV17X1600
A78004MT;£OZYSKO KOLUMNY MC PHERSONA
EL009360;USZCELNIACZ PIASTY
C001017572B;USZCELNIACZ SILNIKA
01144951;CZ åCI MONTAØOWE
AUG53935;SILENTBLOCK WAHACZA
SKF240;ZESTAW MONTAØOWY
3397007467;PI”RA WYCIERACZEK 650+475MM
TOYA22310;WIERT£A DO METALU TYTAN
245/50R18;OPONA 245/50R18
0009058504;ZESTAW CZUJNIK”W CIåNIENIA RDK
2224010902;FELAGA ALU 8HX18
WKR009;PAPIER DO TACHOGRAF”W
SPB1500;PASEK KLINOWY SPB1500
0004205900;KLOCKI HAMULCOWE TYLNE
0004207900;KLOCKI HAMULCOWE PRZEDNIE
0029880978;KLAMRA
1119870126;WK£ADKA USZCZELNIAJ•CA
0089815905;£OZYSKO
0089816005;£OZYSKO STOØKOWE
AP144/3;FILTR POWIETRZA
AP178/1;FILTR POWIETRZA
K1210A;FILTR KABINY
PP855/1;FILTR PALIWA
STR1208176;PODUSZKA SILNIKA TY£ L/P
HLUN103;REFLEKTOR
HLUN106;REFLEKTOR åWIATE£ UNIWERSALNY
YT58953;WYCI•GARKA £A—CUCHOWA 2T
VKJC7951;P”£Oå NAP DOWA
MMTA134020;SZCZOTKA DO MYCIA
4822321;USZCZELKI GUMOWE
1120905097;£OZYSKO ALTERNATORA
F4G001AKN;LINKA DèWIGNI ZMIANY BIEG”W
F4G004AKN;LINKA DèWIGNI ZMIANY BIEG”W
FE44318;ELEMENTY UK£ADU Z POMPOWTRYSKIWACZEM USZCZELKA WTRYSKIWACZA DAF
6673230540;OBEJMA TULEI STABILIZATORA
6683230126;JARZMO OBEJMY TULEI STABILIZATORA
6683230140;UCHWYT OBEJMY TULEI STABILIZATORA
V07101;PRZYRZ•D MIERNICZY ZEGAROQWY
123155;ORING POMPY WTRYSKOWEJ
AP134/2;FILTR POWIETRZA
F22265;SWORZE— WACHACZA
OP 643/4;FILTR OLEJU
WACHACZ ZAWIESZENIA;821017810
821078910;WAHACZ ZAWIESZENIA
HK1622;£OØYSKO IGE£KOWE DRZWI CITARO
F00M144122;REGULATOR NAPI CIA MAN
0301060054;KO—C”WKA OCZKOWA PALIWA FI14/M16X1,5
PRZEW”D HYDRAULICZNY M30X2 L-900;PRZEW”D HYDRAULICZNY M30X2 L-900
KO—C”WKA DN8 16X1,5;KO—C”WKA DN8 16X1,5
KO—C”WKA DN6 14X1,5;KO—C”WKA DN6 14X1,5
KO—C”WKA DN6 12X1,5;KO—C”WKA DN6 12X1,5
TULEJA HYDRAULICZNA DN6-1;TULEJA HYDRAULICZNA DN6-1
TULEJA HYDRAULICZNA DN8-1;TULEJA HYDRAULICZNA DN8-1
ORING 24X3;ORING 24X3
03L103634G;RURKA WLEWU OLEJU
D2G018TT;TERMOSTAT
MMTA134021;SZCZOTKA DO MYCIA
2209040152;SZYBA TYLNA SOLARIS
81255140045;W£•CZNIK CIåNIENIOWY 5,8 BAR
81254750181;OBUDOWA WTYCZKI C4
07911630057;ZAåLEPKA 6,7 GN
07911630058;WK£AD USZCZELNIAJ•CY 0.35-1
07912160155;TULEJKKA WALCOWANA Z£•CZA 2,5-1
81254350951;RYGLOWANIE
81748010007;POKRYWA BAGAØNIKA
81970016094;UCHWYT
ROMC10148;SPINKA TAPICERSKA
ROM18207;SPINKA TAPICERSKA
ROMA175024;SPINKA TAPICERSKA
WK9010;FILTR PALIWA
2000010193578;SZYBA CZO£OWA MERCEDES BENZ W111 Z NIBIESKI PASEM
OPRAWKA ØAR”WKI OPEL CORSA;OPRAWKA ØAR”WKI OPEL CORSA
FERTAN 1L;FERTAN 1L KONWERTER RDZY
900084;AMORTYZATOR BMW E39
F04517;PODUSZKA SKRZYNI BIEG”W BMW E36
F18508;PODUSZKA SILNIKA BMW 5 E39
F18509;PODUSZKA SKRZYNI BIEG”W BMW 5 E39
PLA2392700;SPR ØYNA GAZ. BMW SERIA 5
1766LM;P£YN DO CZYSZCZENIA
2708302;£•CZNIK STABILIZATOR
59941XQB;PRZEW”D HAMULCOWY TY£ BMW
STA8889KR;SPR ØYNA GAZOWA POKRYWY BAGAØNIKA
5W30 4L CASTROL MAGNATEC;OLEJ CASTROL MAGNATEC STOP-START 5W30 4L
OPONA 255/55R18 TRIANGLE TR777;"OPONA LETNIA NEXEN XL, 3PMSF; M+S, 16480NXC"
63/282RS;£OØYSKO 63/282RS
BX9413;LATARKA AKUMLATOROWA WARSZTATOWA
L-100 L-80;ZAMEK KLAPY ZAS”WKOWY
4571800720;PRZEW”D OLEJU DO OBUDOWY FILTRA OLEJU
MB55361;PRZEW”D OLEJU 4571800620
P784813;FILTR POWIETRZA DONALDSON
ERTR1A0301;BARWNIK UV
MB3170;WSKAèNIK POZIOMU OLEJU
43150B;POMPA OBIEGOWA WEBASTO
2702000194;PODNOåNIK 30T WYS.257-475
PODNOåNIK 30T WYS.230-360;PODNOåNIK 30T WYS.230-360
5PK1550;PASEK KLINOWY 5PK1550
BS017;CZUJNIK ZUØYCIA KLOCK”W HAMULCOWYCH MERITOR
VAL087933;REFLEKTOR
0103003003;WK£AD FILTRA POWIETRZA BOVA
205/55/R16 NOKIAN;OPONA ZIMOWA NOKIAN
VAL087934;REFLEKTOR
5002030160P;MIECH ZAWIESZENIA
C80219ABE;PRZEW” HAMULCOWY
TYC206065MA1;REGULACJA USTAWIENIA PO£OØENIA åWIATE£
8PK2225;PASEK KLINOWY 8PK2225
RP111409;NADKOLE PLASTIKOWE
D7R039TT;CH£ODNICA SILNIKA
C80227ABE;C80227ABE
MRK002;ZETAW NAPRWCZY ZACISKU HAMULCOWEGO MERITOR
9196416;OPRAWKA ØAR”WKI
2353WT;AMORTYZATOR UK£ADU KIEROWNICZEGO MAN
2279263;FILTR KABINY BOVA 220
8PK1795;PASEK WIELOKLINOWY 8PK1795
8W640;åWIETL”WKA L8/640
2000010085194;SZYBA CZO£OWA MERCEDES W111
62953600;SZAMPON DO MYCIA SAMOCHODOWY KONCENTRAT 5L
3397118700;PI”RO WYCIERACZKI 340MM 2SZT - KOMPLET
OE676;FILTR OLEJU
PE975/2;FILTR PALIWA
BS01-297;FILTR POWIETRZA
6PK2225;PASEK WIELOROWKOWY
E2G0005BTA;ROLKA PROWADZ•CA
YT82434;KLEJ TERMOTOPLOWY 11,2X200MM CZERWONY
USZCZELKA DRZWI MERCEDES SPRINTER W901;USZCZELKA DRZWI MERCEDES SPRINTER W901
FT011020;ZESTAW NOØY TOKARSKICH 20X20 11SZT
WY£•CZNIK GWS20-230;WY£•CZNIK GWS20-230
E69KPD100;FILTR PALIWA
12V H4 60/55W;ØAR”WKA 12V H4 60/55W
0029884578;KLAMRA
632200;ZESTAW BEEP&PARK VALEO
BATERIA DURACELL CR 123;BATERIA DURACELL CR 123
713649700;£OØYSKO KO£A
BATERIA CR2025;BATERIA CR2025
OLEJ SILNIKOWY MOTUL 10W40;OLEJ SILNIKOWY MOTUL 10W40
HU1279X;FILTR OLEJU WK£AD
93317E;FILTR POWIETRZA MAN 208
1393640;SEPARATOR PALIWA BEZ PODGRZEWACZA
KALENDARZ BIURKOWY;KALENDARZ BIURKOWY
KALENDARZ LISTWOWY;KALENDARZ LISTWOWY
D2DA003TT;TERMOSTAT CUMMINS
SILENTBLOCK WACHACZA PRZ”D;SILENTBLOCK WACHACZA PRZ”D
RK9.5H;ZAMEK ZAWORU
03958;åRUBA KO£A M22X1,5X89MM
6299502555;OS£ONA BOCZNA FOTELA PRAWA
0009911725;ZABEZPIECZENIE SI£OWNIKA FOTELA
6139510321;NAK£ADKA PANELA PRAWEGO CIEMNO SZARA
6139510121;NAK£ADKA PENELA LEWEGO CIEMNO SZARA
FE11700;RAMI  NAPINACZA PASKA Z SI£OWNIKIEM
12V 15W Z COKOLEM;ØAR”WKA 12V 15W Z COKO£EM
OP616/3;FILTR OLEJU
RPD200115;DYWANIKI GUMOWE
PT803;STACJA LUTOWNICZA
5410101566;RURKA MIARKI OLEJU
BUS25761;ZESTAW NAPRAWCZY ZWROTNICY SOLARIS ZF OE L234
1101573001;ZBIORNIK POWIETRZA 1,1L
1811017019;åWIAT£O OBRYSOWE SPRINTER
GCH1767;LINKA HAMULCOWA TRW
234211;SPRZ G£O ROZRUSZNIKA
1502020129;KLAMKA DRZWI MB
12V H7 55W RACING VISION;ØAR”WKA 12V H7 55W
JFT112912;Z BATKA PRZEDNIA
MMTRAW190;RAMI  WYCIERACZKI Z PIOREM
12V 5W CALOSZKLANA;ØAR”WKA 12V W5W CA£OSZKLANA
APV2458;NAPINACZ PASKA WELOKLINOWEGO MB ACTROS
3753220185;TULEJA RESORU MERCEDES ACTROS
0004460018;MODU£ STEROWNIK MERCEDES ACTROS VDO
LX2123;FILTR POWIETRZA
40019;USZCZELNIACZ PIASTY
0301030391;ROZPYLACZ MB
GDOZ1501956TF2R1;MIECH ZAWIESZENIA
ROM93000;MOCOWANIE OS£ONY SILNIKA
OX153D3;FILTR OLEJU
B4M026CPR;FILTR KABINY
026400055;FILTR POWIETRZA
1324270;UCHWYT LAMPY
MMTRAW480;RAMI  WYCIERACZKI Z PI”REM
CS1062;ROZRUSZNIK
8ET009142001;PRZEP£YWOMIERZ
0407001037;PRZEW”D POWIETRZA ALUMINIOWY 45X500MM
6V 35/35W;ØAR”WKA 6V 35/35W
F32442;åRUBY K”£ CITROEN
VKMC06127;ZESTAW ROZRZ•DU RENUALT 1,9
WS2694;CZUJNIK TEMPERATURY
NAPRAWA OåWIETLENIA;NAPRAWA OåWIETLENIA
A0074206720;KLOCKI HAMULCOWE TYLNE
A0074209220;KLOCKI HAMULCOWE PRZ”D
A2115401717;CZUJNIK ZUØYCIA KLOCK”W (PAK 10)
2SA997022001;LAMPA ZESPOLONA HELLA
2000301043;TULEJA ROZRUSZNIKA
BS04014;FILTR PALIWA
4MADF024;FELGA 15x8 Et-25
G1G064PC;PRZEGUB NAP DOWY
33X12.50R15LTGR108RAT2;OPONA TERENOWA 33X12.50R15 LTGR 108R AT2
WA60200SR;åRUBA JARZMA 16X1,5
WA60200SR1;åRUBA JARZMA ZACISKU M16X1,5
KR60300SR;åRUBA JARZMA M16X1,5X60MM
TKC003;ZESTAW TESTOWY CZUJNIKA ZUØYCIA KLOCK”W
OE10/T10;åWIECA ZAP£ONOWA CHAMPION
24071153253;CZUJNIK ABS
B0502106;ROLKA NAPINAJ•CA PASEK
4729000560U;ZAW”R E-CAS MERCEDES UØYWANY
W628589016300;ADAPTER FPS (SAMOUZDRAWIACZ
6205DDUC3E;£OØYSKO NSK
SB5010 AS;SZCZOTKI ROZRUSZNIKA
SD5054;BENDIX ROZRUSZNIKA
SRS5043;USZCZELKA
SS5019;AUTOMAT
SS5120;PRZEKAèNIK POWT”RZENIOWY ROZRUSZNIKA
2702000287248802;SUWMIARKA ZWYK£A 150MM
2702000148;PODNOåNIK 2T ØABA
1697684;MIECH PN887MK1
2303000042;KLEJ DO SZYB BOLL SPRINT 600ML
2302550100BP;ZAMEK KLAPY
4410501210;CZUJNIK POZIOMU ZAWIESZENIA ECAS
618052Z;£OØYSKO KULKOWE
MMTRAW005;RAMI  WYCIERACZKI Z PI”REM
2PF001259631;LAMPA POZYCYJNA
OE682/7;FILTR OLEJU
5402049225920P;LUSTERKO ZEWN TRZNE FIAT
4410501200;CZUJNIK POZIOMU ZAWIESZENIA
APV2704;NAPINACZ PASKA CUM
462600;ZAW”R PRZELEWOWY CITARO OM457
500158;ROLKA PROWADZ•CA PASKA DAF 216
3774401;TULEJA STABILIZATORA
5PK2030;PASEK WZD£UØNY
5PK875;PASEK WZD£UZNY
CC42281;ANTENA SAMOCHODOWA Z WZMACNIACZEM
POMPA DO OLEJU R CZNA;POMPA DO OLEJU R CZNA
3B1867171E;UCHWYT DRZWI CZARNY PRZE”D LEWY VW PASSAT B5
CS1529;ROZRUSZNIK
KX568KIT;FILTR PALIWA
FP270212;FILTR KABINY
OLEJ CASTROL EDGE 5W30 M 4L;OLEJ CASTROL EDGE 5W30 M 4L
MANWM001;SILNIK WYCIERACZEK
2100525;POMPA SPRZ G£A MAN
00221654;ZAW”R ELEKTROMAGNETYCZNY 6213-A
APV2742;NAPINACZ PASKA
40793;PRZE£•CZNIK ZESPOLONY DAF
150379;MODU£ ZAP£ONOWY MAN 301
OLEJ CASTROL EDGE 5W30 M 1L;OLEJ CASTROL EDGE 5W30 M 1L
LX3188/11;FILTR POWIETRZA
BOS265309;PLECIONKA T£UMIK DRGA— UK£ADU WYDECHOWEGO
OX823/6D;FILTR OLEJU
1071298033;ZESTAW DO WYMIANU OLEJU W SKRZYNI
JTE1062;KO—C”WKA DR•ØKA KIEROWNICZEGO TRW MERCEDES SPRINTER L/P
58369000800;SILNIK ELEKTRYCZNY DMUCHAWY 24V
9064640318;CZUJNIK K•TA SKR TU W KIEROWNICY SPRINTER
261641;OS£ONA LUSTRA MAN
MA3513;STEROWNIK DRZWI
2404000154;DODATEK DO OLEJU NAP DOWEGO 1L
SRS5012;ZESTAW NAPRAWCZY
50x200x250;KOLANKO SILIKONOWE 50X200X250
SP5004;åRUBA ROZRUSZNIKA
PRZEW”D ELEKTRYCZNY 5-ØY£OWY;PRZEW”D
VO708;ORING
VO311;SZCZOTKOTRZYMACZ VO311
25X42X6;USZCZELNIACZ ROZRUSZNIKA
463010;AUTOMAT ROZRUSZNIKA
64990;ORING PRZEWOD”W RETARDERA MNIEJSZY
106798;PIERåCIE— GUMOWY DAF
5802274911;POMPA OLEJU DAF
092000ISC600;POMPA WODY CUM
6003-2RSH/C3;£OØYSKO 6003-2RSH/C3 SKF
AS5152;CZUJNIK ABS
EL755842;USZCZELKA TURBOSPR ØARKI
USZCZELNIACZ 25X42X6/6,5;USZCZELNIACZ 25X42X6/6,5
W714/2;FILTR OLEJU
CH4005;INTERCOOLER DB SPRINTER
B350;ZESTAW NAPRAWCZY DO SZYB K2
PP1050/1 N;FILTR OLEJU
WK31/5;FILTR PALIWA
WK817/3;FILTR PALIWA
TTALW512120700001;WK£AD RADIALNY TL120 10SZT/OP
ARAZATRVC10000000;WK£ADKA SPR ØYNOWA DO ZAWOR”W 100SZT
HIACEH53010000000;CI ØAREK NABIJANY DO FELG CI ØAROWYCH 100G 10SZT
HIACEH53005000000;CI ØAREK NABIJANY DO FELG CI ØAROWYCH 50G 10SZT
006B3922;WENTYLATOR NAGRZEWNICY SPAL
37402304;ZESTAW USZCZELEK BITZER 4 PFCY åREDNICA T£OKA 65MM
4898661EEA;PODSTAWA FILTRA MISKI OLEJOWEJ DAF 45 55
PU966/1;FILTR PALIWA
P550778;FILTR PALIWA
94700;MATA PODGRZEWANA 12V
2125835;CZUJNIK POZIOMU OLEJU DAF XF95/105/106
1693766;CZUJNIK POZIOMU P£YNU CH£ODNICZEGO MB 301
541012;POMPA WODY DAF 45/55 202
DBRK930;ZESTAW NAPRAWCZY DR•ØKA REAKCYJNEGO (PROSTY) MB 706
MMTRAW285;RAMI  WYCIERACZKI Z PI”REM MMTRAW285
"PRZEW”D KLIMATYZACJI DN6 AB1/2""UNF L-700";"PRZEW”D KLIMATYZACJI DN6 AB1/2""UNF L-700"
36235209;SPR ØYNA ZAWIESZENIA MB W111
A9014010070;åRUBA KO£A MB
0025426418;CZUJNIK CIåNIENIA RETARDERA 0-4 BAR
1406000013;ZBIORNIK POWIETRZA 5L FI 206 L = 215MM
TWS30DB;GNIAZDO SZCZELNE BEZPIECZNIKA
TKX03KB;Z£•CZE PRZEWODU 1MM2
TQZ08AB;OBUDOWA 8-KROTNA Z£•CZA E+J
TQZ13AB;OBUDOWA 3-KROTNA Z KONEKTORAMI P-4
SZCZOTKA SILNIKA 6.3x8x18 6-24V;SZCZOTKA SILNIKA 6.3x8x18 6-24V
WQZ05AB;OBUDOWA 5-KROTNA POD PRZEKAèNIK
TQZ31ABS;Z£•CZE ELEKTRYCZNE 1-KROTNA SZCZELNE
TQZ34AB;Z£•CZE ELEKTRYCZNE 4-KROTNE SZCZELNE
TQZ35ABS;Z£•CZE ELEKTRYCZNE 5-KROTNE SZCZELNE
TQZ36ABS;Z£•CZE ELEKTRYCZNE 6-KROTNE SZCZELNE
TQZ42AB;Z£•CZE ELEKTRYCZNE 2-KROTNE SZCZELNE 2,8
TKI41KEI;KONEKTOR I-2,5
KONEKTOR H-2,5;KONEKTOR H-2,5
TKA41KBI;KONEKTOR A-2,5
TKE41KBI;KONEKTOR E-2,5
A00090555049999;CZUJNIK PTS
B05AG079;ROLKA NAPINAJ•CA PASEK
ASM21015;T£UMIK PRZEDNI
WAZELINA SPRAY;WAZELINA SPRAY
OLEJ MOTUL 10W40 4100;OLEJ MOTUL 10W40 4100 5L
WAZELINA TECHNICZNA 100ML;WAZELINA TECHNICZNA 100ML
F27304;TULEJA STABILIZATORA VW
YT0681;ZESTAW DO T£OCZK”W HAMULCOWYCH
0450906437;FILTR PALIWA
GDB1984;KLOCKI HAMULCOWE
MOT101493;OLEJ SILNIKOWY MOTUL
490427;Z£•CZE TEKELANU SKR CANE Q-12
PRZYCISK START STOP CZARNY;PRZYCISK START STOP CZARNY
30591;NAPINACZ PASKA
UØ666;SZYBA CZO£OWA SOLARIS PRAWA
TI23488;TERMOSTAT MAHLE
451130;USZCZELNIACZ PIASTY ELRING 145X175X8
YT7472;R KAWICE ROBOCZE DRAGON
DODATEK DO OLEJU NAP DOWEG 1L K2;DODATEK DO OLEJU NAP DOWEG 1L K2
0015455714;CZUNIK CIåNIENIA POWIETRZA 2,5BAR
0075451524;W£•CZNIK åWIATE£ SPRINTER
12PK1835;PASEK WIELOROWKOWY 12PK1835
GDOZ1602056HGO20;OPONA 205/60 R16 FRIGO
0009107538;ZAW”R REGULACJI WYSOKOåCI FOTELA
13046027372;KLOCKI HAMULCOWE TY£ FORD
24011101451;TARCZA HAMULCOWA TY£ FORD
5510003284900P;ZDERZAK PRZ”D
ABM50631D;MIECH ZAWIESZENIA PNEUMATYCZNEGO SOLARIS
713610100;£OØYSKO KO£A VW
YT7201;SUWMIARKA ELEKTRONICZNA 150MM
HYDROL L-HV 32 20L;HYDROL L-HV 32 20L
8PK1635;PASEK WIELOKLINOWY 8PK1635 HD
1878080037;TARCZA SPRZ G£A 430MM MAN
0061516901;ROZRUSZNIK CITARO 12Z B”W
36779100032;FILTR KABINY
OPONA 165/70R14 TRIANGLE ZIMOWA;OPONA TRIANGLE PROTRACT TE301 letnia M+S
120X140X12;USZCZELNIACZ 120X140X12
MPQ1399;ROLKA PROWADZ•CA PASKA DAF
0486203023;ZAW”R EBS MAN TGA
4410322840;CZUJNIK ABS MAN TY£ PRAWY
0486203023 KAUCJA;ZAW”R EBS MAN TGA KAUCJA
CST10675AS;ROZRUSZNIK MB 310
0986020880;ROZRUSZNIK INTEGRO
I10527YMT;KO—C”WKA DR•ØKA KIEROWNICZEGO
A6718801770;ZDERZAK (BOCZEK/OKULAR) LEWY MERCEDES
C50001;FILTR POWIETRZA
KR60034;ZESTAW NAPRAWCZY ZACISKU HAMULCOWEGO
BTI2892;TERMOSTAT CIECZY CH£ODZACEJ
0986479A03;TARCZA HAMULCOWA TY£ DB A-CLASS
3397008577;PI”RO WYCIERACZKI 400MM
6F22L1B;BATERIA 2F22 9V
DF6548;TARCZA HAMULCOWA PRZ”D A-CLASS
F02402103;FILTR PALIWA DB W204
HU821X;FILTR OLEJU
ROZRUSZNIK KASSBOHRER CS1333;ROZRUSZNIK KASSBOHRER CS1333
5504003284933P;MOCOWANIE ZDERZAKA
MB6123;OD£•CZNIK PR•DU 300A
TH598088J;TERMOSTAT
CQ2030019;ELEKTROMAGNES ROZRUSZNIKA
2007014085;SZCZOTKI ROZRUSZNIKA
GDB1920;KLOCKI HAMULCOWE TY£ DB A KLASA A
GDB1933;KLOCKI HAMULCOWE PRZ”D DB KLASA A
112510;G£OWICA KOMPRESORA
5DR004242051;REGULATOR NAPI CIA
ABE9007;£OZYSKO 12X32X14
AP035/9;FILTR POWIETRZA
AP196;FILTR POWIETRZA
CASTROL EDGE LL 5W30 5L;CASTROL EDGE LL 5W30 5L
E866HD367;FILTR OLEJU
K1416A;FILTR KABINY
PP974/6;FILTR PALIWA
WS2588;CZUJNIK TEMPERATURY
D4330;ZESTAW NAPRAWCZY ZACISKU
2001933021;DèWIGNIA ROZRUSZNIKA
1451570;CH£ODNICA WODY SOLARIS
38816;åRUBY WAHACZA
556834;AMORTYZATOR TY£
CE306;ZESTAW NAPRAWCZY ZWROTNICY MAN FI 53
AMB50631E03;MIECH ZAWIESZENIA PNEUMATYCZNEGO
OPONA 205/60R 16;OPONA 205/60R 16
41X53X7;USZCZELNIACZ 41X53X7
440373;åRUBA M14X1,5X60
OLEJ RIMULA 5W30 5L;OLEJ RIMULA 5W30 5L
KONCENTRAT DO CH£ODNICY CZERWONY G12 5L;KONCENTRAT DO CH£ODNICY CZERWONY G12 5L
GDOZ16020555TF2R0;OPONA 205/55 R16 FRIGO 2 NEW
1771171;CZUJNIK ABS TRANSIT NOWY TYP
BOS254030;OBEJMA UK£ADU WYDECHOWEGO
1905024105;LUSTRO LEWE SOLARIS KOMPLETNE
BUS3114;LAMPA TY£ PRZECIWMGIELNA LED SOLARIS?
1987482559;LINKA HAMULCA R CZNEGO
0750111210ZF;ZESTAW NAPRAWCZY MOSTU
50924395;ZESTAW åRUB WAHACZA SWAG
73190100;"KLUCZ DYNAMOMETRYCZNY 1/2"""
SZYBA TYLNA 1818x1310 L=1017 H=174;SZYBA TYLNA SOLARIS 1818x1310 L=1017 H=174
I10526YMT;KO—C”WKA DR•ØKA
2404000059;DODATEK DO OLEJU NAP DOWEGO DIESOL 10L
2776/08;ZAMEK KLAPY MA£Y
9730010100;ZAW”R PRZEKAèNIKOWY WA11000
ROM60118;SPINKA TAPICERSKA FI 10
MERFB007;ELEMENT ZDERZAKA
PM803;FILTR PALIWA
0434250027;KO—C”WKA WTRYSKIWACZA
20363;AMORTYZATOR MB 475X785
0078MPII;DYWANIKI GUMOWE MB ACTROS
504380075;TERMOSTAT SILNIK DAF CUMMINS SOLARIS
SMAROWNICZKA M8;SMAROWNICZKA M8 K•TOWA
H710WK;FILTR PALIWA
0301020175;WTRYSKIWACZ MAN
0301020159;WTRYSKIWACZ MAN
0301050140;KRUCIEC WTRYSKIWACZA
STR100103;PRZEGUB ZMIANY BIEG”W M10 P
344300;AMORTYZATOR TY£ MITSUBISHI
1507010309;ZDERZAK MB ACTROS
åRUBA M14X1,5X170;åRUBA M14X1,5X170
K9030C;FILTR KABINY
E1016L;FILTR POWIETRZA
9PK2870;PASEK WIELOROWKOWY
OP548;FILTR OLEJU
STR1209134;ODB”J PODUSZKI TYLNEGO MOSTU
553082;SI£OWNIK SPRZEG£A SETRA BEZ CZUJNIKA
31450;AMORTYZATOR UK£ADU KIEROWNICZEGO
9424903019;RURA WYDECHOWA MB ACTROS FI127 CHROMOWANA Z PESZLEM
SD009;STEROWNIK TURBINY FORD TRANSIT 2.2 TDCI
0602209;PRZW”D MASOWY åREDNI 126/34 OMM
0602211;PRZEW”D MASOWY D£UGI 42 OM
FE03176;åRUBA KO£A M14X1,5 50MM KLUCZ 19 MB SPRINTER / VV CRAFTER
1DL007739011;REFLEKTOR HELLA H1/T4W VOLVO FLC/FL6 SREBRNY
PODK£ADKA MIEDZIANA FI33,6;PODK£ADKA MIEDZIANA FI33,6
Z£•CZE TEKALANU M18ZEW/M12WEW;Z£•CZE TEKALANU M18ZEW/M12WEW METALOWE PROSTE
CI4TC10120J;OPONA D BICA
KLOSZ LAMPY TY£;KLOSZ LAMPY TY£
10434;DR•ØEK KIEROWNICZY WZD£UØNY
2204000398;KOMPLET DYWANIK”W KABINOWYCH ACTROS
131061;FILTR POWIETRZA MB ACTROS II
LE131500;PODUSZKA SILNIKA
TEC2000;P£YN DO P£UKANIA SILNIKA
02711422S;ZESTAW NAPRAWCZY ZWROTNICY
101106HP;CZUJNIK CIåNIENIA OLEJU
SZPILKA KO£A MERCEDES PRZ”D M14X1,5;SZPILKA KO£A MERCEDES PRZ”D M14X1,5
24866;CZUJNIK OBROT”W WA£U
81362100245;PODUSZKA SILNIKA
T36291;ROLKA PROWADZ•CA MB
19758;TULEJA MIARKI OLEJU
14012500;PRZE£•CZNIK PODNOåNIKA SZYBY
ISRI6860;ZAW”R REGULACJI WYSOKOåCI FOTELA 928475-48
OLEJ 15W40 PLATINIUM CL 60L;OLEJ 15W40 PLATINIUM CL 60L
AM408/3;FILTR POWIETRZA
ENT120241;TR”JNIK PRZEWODU PALIWOWEGO METALOWY
6102021211221P;WK£AD LUSTERKA
J55015BYMT;MOCOWANIE DYFERENCJA£U L
J55015AYMT;MOCOWANIE DYFERENCJA£U P
1507060060;LISTWA ZDERZAKA MB
Z£•CZKA ELEKTRYCZNA TERMOKURCZLIWA 1-2,5;Z£•CZKA ELEKTRYCZNA TERMOKURCZLIWA 1-2,5MM
0002959935;PRZEW”D SI£OWNIKA SPRZ G£A
OE649/7;FILTR OLEJU
WK£AD REFLEKTORA;WK£AD REFLEKTORA
PLN2037900;ZESTAW USZCZELEK G£OWICY PN 1500 MORPAK
OPONA 295/80-22,5 KUMHO;OPONA 295/80-22,5 KUMHO
1206000061;PRZEW”D ELEKTRYCZNY AKUMULATORA FI25MM
AKC999;KABEL D-SUV VGA-VGA DO MONITORINGU FULL HD 10M
DR•ØEK KIEROWNICZY;DR•ØEK KIEROWNICZY
120250;G£OWICA KOMPRESORA
PRZE£•CZNIK ZESPOLONY 8306;PRZE£•CZNIK ZESPOLONY 8306
TER0822G;KLEJ DO NAPRAWY OGRZEWANIA SZYBY
LOC5900;SILIKON SILNIKOWY LOCTITE 300ML
708369300;CZUJNIK TEMPERATURY SPALIN
YT06878;ZESTAW PRZELOTEK GUMOWYCH 180SZT
0481026307;ZAW”R PRZEKAèNIKOWY MB ACTROS KNORR
CAM FBC;CAM FBC
23471;SILENTBLOCK STABILIZATORA
AP071/3;FILTR POWIETRZA
POMPKA PODAJNIKA MYD£A;POMPKA PODAJNIKA MYD£A
0055456314;W£•CZNIK CIåNIENIOWY AUS
13046038392;KLOCKI HAMULCOWE
569980J;TERMOSTAT SPRINTER
711781300;USZCZELKA POKRYWY ZAWOR”W
ZFR5F;åWIECA ZAP£ONOWA NGK
334835;AMORTYZATOR PRZ”D
19518;£•CZNIK STABILIZATORA
19816;DR•ØEK KIEROWNICZY LEWY
19818;DR•ØEK KIEROWNICZY PRAWY
30024;OS£ONA PRZEGUBU
3573301;WAHACZ
3573401;WAHACZ
21283;KO—C”WKA DR•ØKA KIEROWNICZEGO
21284;KO—C”WKA DR•ØKA KIEROWNICZEGO
30516;WAHACZ LEWY PRZ”D
30517;WAHACZ PRAWY PRZ”D
33167;LINKA HAMULCOWA
33168;LINKA HAMULCOWA
8200707066;ODMA OLEJOWA
ZESTAW NAPRAWCZY SKRZYNI BIEG”W MERCEDES;ZESTAW NAPRAWCZY SKRZYNI BIEG”W MERCEDES
101003;CZUJNIK PO£OØENIA PEDA£U GAZU
EL108502;USZCZELKA åRUBY MISKI OLEJOWEJ
183098;TULEJA STABILIZATORA TY£
4341001260;ZAW”R PRZEP£YWOWY 5,5-10 BAR WABCO
41211013;ELEKTROZAW”R ECAS
8255200163;W£•CZNIK CIåNIENIOWY 0,6 BAR
713610030;£OZYSKO KO£A PRZ”D
K1353;FILTR KABINY
475015001;ZAW”R OGRANICZAJ•CY CIåNIENIE
4340140000.;ZAW”R JEDNOKIERUNKOWY ZWROTNY
06054;KO£O ZAMACHOWE MB
W£ACZNIK CIåNIENIOWY 0,6 BAR MAN;W£ACZNIK CIåNIENIOWY 0,6 BAR MAN
698809;WENTYLATOR NAGRZEWICY
PRZEGUB SIERØANTA FI 100X152;PRZEGUB SIERØANTA FI 100X152
81255200217;CZUJNIK CIåNIENIA POWIETRZA
46787;PIERåCIE— ABS 140X178 INTEGRO PRZ”D
REGENERACJA POMPY PALIWA;REGENERACJA POMPY PALIWA
VKJA3002;PRZEGUB KPL
24562;SILENTBLOCK STABILIZATORA
32401;SILENTBLOCK STABILIZATORA
812221;PROWADNICE ZAWOR”W
M12X50 IMBUS £EB GRZYB;åRUBA M12X50 IMBUS £EB GRZYB 10.9
18934;USZCZELNIACZ 100X140X15
2BA357028021;LAMPA KIERUNKOWSKAZU TY£ LED POMARA—CZOWY KLOSZ
EL825042;ZESTAW USZCZELNIACZY TRZONKA ZAWORU
41131;PODUSZKA STABILIZATORA
ZESTAW NAPRAWCZY SILNIKA TATRA;ZESTAW NAPRAWCZY SILNIKA
4324101120;OSUSZACZ KOMPLETNY MAN WABCO
3007623;POMPA ADBLUE MB ATEGO/AXOR MB 306
OP£ATA MANIPULACYJNA MB 306;OP£ATA MANIPULACYJNA MB 306
265955;£•CZNIK RUR VGA 61X125MM
0986320111;KLAKSON 12V
443290;AMORTYZATOR TY£ MITSHUBISHI L200 4X4
AP090/6;FILTR POWIETRZA
F79KPD118;FILTR PALIW
F41127;GUMY STABILIZATORA MITSHUBISHI
K1238;FILTR KABINOWY
TOTAL24 5L;OLEJ SILNIKOWY TOTAL QUARTZ INEO ECS 5W-30 5L
BHN182E;ZACISK HAMULCOWY
0242240653;åWIECA ZAP£ONOWA BOSH LPG
AE4170;ZAW”R KONTROLNY KNORR
0407000932;PRZEW”D RETARDERA MAN GUMOWY FI 60X1000
007935030190;LAMPA CZO£OWA USB
4410359262;CZUJNIK ABS L-3000 PROSTY
3823300403;DR•ØEK KIEROWNICZY M 611
LP4813;SPR ØARKA
8152009;FILTR POWIETRZA SPR ØARKI MA£Y HENGST
1494057;KLAMKA DRZWI PRZESUWNYCH FORD
24448;PRZE£•CZNIK åWIATE£, KIERUNKOWSKAZ”W MAN
K1154A;FILTR KABINY
MOT104560;OLEJ SILNIKOWY MOTUL 8100 XCLEAN 0W30 5L
000000005495;åRUBA Z £BEM 6-K•TNYM 22X95 10,9
20424;AMORTYZATOR MAN
006153752864;CZUJNIK CIåNIENIA AD BLUE
OBEJMA STABILIZATORA 50X75/88X77/96;OBEJMA STABILIZATORA 50X75/88X77/96
3017230808A1;NAK£ADKA
0009880369;KLAMRA LISTWY
1501030633;POKRYWA LUSTRA MAN LIONS CITY
EL003310;ORING PIASTY
07720;PIERåCIE— SLIZGOWY WA£U KORBOWEGO 115X120X21
IP000063;KRANIK PALIWA
4053301J00;USZCZELNIACZ P”£OSI
3397011430;PI”RO WYCIERACZKI
0140240104;PODUSZKA SILNIKA
YT0420;ZESTAW KLUCZY SPECJALNYCH TORX YATO
1603990119;RURA OGRZEWANIA WYDECHU FI30 1M WEBASTO
2701002905;ZESTAW ORING”W 900 SZT
10337810;RESOR TY£ MERCEDES
EL814882;USZCZELKA TRZONKA ZAWORU MAN
0986479099;TARCZA HAMULCOWA
0986494596;KLOCKI HAMULCOWE
USZCZELKA SZYBY PRZEDNIEJ Z KLINEM;USZCZELKA SZYBY PRZEDNIEJ Z KLINEM
CZUNIK STOP C-360 URSUS;CZUNIK STOP C-360 URSUS
022940 ELRQ;ELRING USZCZELKA ZAWORU EGR MERCEDES SPRINTER
256325;USZCZELKA BOSAL MERCEDES SPRINTER
414527;USZCZELKA TURBOSPR ØARKI FISCHER MERCEDES SPRINTER
2711411080;USZCZELKA DRM0384 PRZEPUSTNICA - KOLEKTOR SS•CY DR MOTOR MERCEDES SPRINTER
CHWYTAK PODCIåNIENIOWY R CZNY 939;CHWYTAK PODCIåNIENIOWY R CZNY 939
FLUX 223 10CC;FLUX 223 10CC
36526;USZCZELKA TERMOSTATU
101352;USZCZELKA KORKA WLEWU OLEJU
210024;SZCZOTKOTRZYMACZ SPRINTER
EL365360;USZCZELKA POMPY WODY
EL380770;USZCZELKA KOLEKTORA SS•CEGO
EL122272;USZCZELKA TURBOSPR ØARKI
EL182350;PODK£ADKA WTRYSKIWACZA
EL633540;USZCZELKA CH£ODNICY OLEJU
EL133670;USZCZELKA POKRYWY ZAWOR”W
EL294420;USZCZELKA TURBINY
EL432894;USZCZELKA KOLEKTORA WYDECHOWEGO
1310150209;PIERåCIEN USZCZELNIAJ•CY
0119970745;ORING CZUJNIKA POZIOMU PALIWA
0159971045;PIERåCIE— USZCZELNIAJ•CY KOLEKTORA DOLOTOWEGO SPRINTER
0041539428;CZUJNIK POZIOMU OLEJU MB
KLUCZ KORONKOWY G£OWICY;KLUCZ KORONKOWY G£OWICY
3574601205;DR•ØEK KIEROWNICZY 1160MM MB
17X1310;PASEK KLINOWY
OXAT1369;ZESTAW DO BLOKADY ROZRZ•DU
JTR0115;DR•ØEK KIEROWNICZY WZD£UØNY MERCEDES L=1160
ZMYWACZ DO HAMULC”W TRW;ZMYWACZ DO HAMULC”W TRW
825017210;SWORZE— WAHACZA
03315;OS£ONA PRZEGUBU WEWN TRZNA
JAMZ 238;KOMPLET USZCZELEK SILNIKA KRAZ
REGULATOR PR DKOåCI BOSH;REGULATOR PR DKOåCI BOSH
A0019908850;NAKR TKA NA åRUBY DO SIERØANTA
17X1300;PASEK KLINOWY 17X1300
T201C;P£YN CH£ODNICZY G12 CZERWONY K2 1L
DF2804;TARCZA HAMULCOWA PRZ”D
OLEJ MOTUL 10W40 7100 4L;OLEJ MOTUL 10W40 7100 4L
HFA1501;FILTR POWIETRZA
IP000353;FILTR PALIWA
HF303RC;FILTR OLEJU
KAUCJA ZA ZAW”R EBS 0486204017;KAUCJA ZA ZAW”R EBS 0486204017
3769BGSVL;SZYBA FORD TRANSIT CUSTOM
0815420000;PIERåCIENIE T£OKOWE
0221124001;CEWKA
RA3787;SPR ØYNA ZAWIESZENIA TY£
U24FER9;åWIECA ZAP£ONOWA
FORKOIL FL 10W 1L;OLEJ AMORTYZATOROWY 1L
ARI162;USZCZELNIACZ PRZECIW PY£OWY ZAWIESZENIA PRZ”D KOMPLET
ARI044;USZCZELNIACZ OLEJOWY ZAWIESZENIA PRZEDNI KOMPLET
12070120SKE58PK761;OPONA KENDA 120/70 12
532053110;ROLKA PROWADZ•CA OPEL ASTRA
K1172;FILTR KABINOWY
IP000083;USZCZELKA
IP000011;KR”CIEC SS•CY
WA41009088D;TERMOSTAT
IP000192;SZCZ KI HAMULCOWE
IP000214;KRUCIEC SS•CY
EL182430;ZESTAW åRUB G£OWICY CYLINDR”W
36746015111;KLAPA KOMORY SILNIKA
478430;DèWIGNIA ROZPIERAKA
08960;KPL NAPRAWCZY DR•ØKA REAKCYJNEGO 95X152X21 MAN
PN10215;ZAW”R G£”WNY
C012014584;USZCZELKATRZONKA ZAWORU
DCP13005;KOMPRESOR KLIMATYZACJI
235/40R18;OPONA 235/40R18 NOKIAN
1K0512297D;ELEMEN MONTAØOWY ZAWIESZENIA
910045;OS£ONA AMORTYZATORA
AM38003;BATERIA VARTA SUPERLIFE AAA
ELF067 1L;OLEJ ELF 5W40 1L
ELF067 5L;OLEJ ELF EVOLUTION 5W40 4L
F25276;WACHACZ ZAWIESZENIA TY£
F39535;£•CZNIK STABILIZATORA
F39536;£•CZNIK STABILIZATORA
K2B311;KO£O ZAPASOWE W SPREJU 535ML
RH5549;SPR ØYNA ZAWIESZENIA TY£
ZESTAW DO REGENERACJI GWITU M14X1,5MM;ZESTAW DO REGENERACJI GWITU M14X1,5MM
601001047431P;OGRANICZNIK DRZWI
8A0501387D;ELEMENT MOCUJ•CY WAHACZA
S0514;SZCZELINOMIERZ
1303/13;SPR ØYNA DRZWI
914023L;OS£ONA BOCZNA FOTELA LEWA STRONA AUTOBUSU PRAWA FOTELA
KADP5023000V30219`;D TKA 23 - 5 V3.02.19
CF811;FILTR POWIETRZA
5902010047P;CZUJNIK PARKOWANIA
13046004002;ZESTAW MONTAØOWY KLOCKA HAMULCOWEGO
13047070782;KLOSKI HAMULCOWE
54030305211P;KIERUNKOWSKAZ W LUSTERKU
195/50R16;OPONA
120410;G£OWICA KOMPRESORA
2701002864;NASADKA UDAROWA 1'' 32X90MM 6-K•TNA D£UGA
RH5543;SPR ØYNA ZAWIESZENIA TY£
BHN276;ZACISK HAMULCA
29609;OS£ONA PRZEGUBA
WA6300049;TULEJA £•CZ•CA G£OWICE KOMPRESORA
WA63000490;ORING TULEI KOMPRESORA
WA6300050;TULEJA £•CZ•CA G£OWICE KOMPRESORA
WA63000500;ORING TULEI G£OWICY KOMPRESORA
WA6300057;G£OWICA KOMPRESORA KPL. 3 CYLINDRY CITARO DUØA
AKUMULATOR 8AH 150A;AKUMULATOR 12V 150A
gdol14017570tper1;OPONA 175/70 R14
510007310;SI£OWNIK SPRZ G£A
AM38001;BATERIA ENERGIZER AA
AM38002;BATERIA VARTA LONGLIFE AA
AM38004;BATERIA VARTA SUPERLIFE AA
DF4465;TARCZA HAMULCOWA
GDB1583;KLOCKI HAMULCOWE
HTDL15021565TTU10;OPONA 215/65 R15C LIGHT TRUCK
81255090133;PRZE£•CZNIK POD KIEROWNIC  LION'S 2 WTYCZKI
E270L;WK£AD FILTRA POWIETRZA
205/55/R16 TRIANGLE;OPONA DIAMONDBACK
415023210;SPRZ G£O DWUMASOWE OPEL
480436;TULEJKA ZAWIESZENIA KABINY MB 706
INTERCOOLER REGENEROWANY;INTERCOOLER REGENEROWANY
6460300012;KO£O ZAMACHOWE MERCEDES SPRINTER
DSCR101C;DYWANIKI GUMOWE
PILAROL;OLEJ DO PROWADNIC £A—CUCHA
0986135035;ZACISK HAMULCOWY MERCEDES PRZ”D PRAWY
0986134035 RDZE—;RDZE— ZACISKU HAMULCA MERCEDES PRZ”D LEWY
0986134035;ZACISK HAMULCA MERCEDES PRZ”D LEWY
0986135035 RDZE—;RDZE— ZACISKU HAMULCA MERCEDES PRZ”D PRAWY
MMTA0400729;DYWANIKI GUMOWE
GDR63X55;SILNIK DRZWI SOLARIS 24VDC (WA£ Z PRZODU FI8X25MM Z TY£U FI8X15MM
6418800473;ZDERZAK MB PRAWY
6418806270;ZDERZAK MB LEWY
OLEJ MOTUL GARDEN 10W30 2L;OLEJ MOTUL GARDEN 10W30 2L
HF204;FILTR OLEJU
ATF VI 5L REVLINE;ATF VI 5L REVLINE
244019;G£OWICA SPR ØARKI
2404000159;KOREK ZBIORNIKA ADBLEU FI40 MB
1899000062;PIERåCIE— USZCZELNIAJ•CY (blasz.gumka) M10
10936332;GNIAZDO ASB MB SWAG
K1106A;FILTR KABINOWY W GLOWY FILTRON
713558200;USZCZELKA POKRYWY ZAWOROWEJ
317559;AMORTYZATOR PRZ”D MB SACHS
81252606141;OåWIETLENIE BOCZNE MAN NOWY TYP GNIAZDO
ARANIVT01D0000000;PODW”JNY WKR TAK ZAWOR”W (STANDART EM)
ARAZTV32210000000;ZAW”R DO K”£ BEZD TKOWYCH CI ØAROWYCH KR”TKI V3.21.1 9,7MM 45STOPNI
01033295B;USZCZELNIACZ WA£KA ATAKU
TED97109;PODUSZKA STABILIZATORA
4801050030;ZESTAW NAPRAWCZY ZAWORU EBS
222NEWAGE;OPRAWA ØAR”WKI KIERUNKOWSKAZU
230NEWAGE;OPRAWA ØAR”WKI KIERUNKU BOCZNEGO
E455L01-2;FILTR POWIETRZA - 2SZT
MOT104076;OLEJ MOTUL 10w50 4l
38638;NAPINACZ PASKA WIELOROWKOWEGO MAN TGA
51541220011;ZAW”R BEZPIECZE—STWA CIåNIENIA MAN 17 BAR
2701000924;"NASADKA 3/4"" 36X55MM"
80004874;KO£O PASOWE TRANSIT
X24EPRU9;åWIECA ZAP£ONOWA
ROMC60317;SPINKA TAPICERSKA 10 SZT
50929463;NAKR TKA KO£A
539581;USZCZELNIACZ PIASTY
RA6655;SPR ØYNA ZAWIESZENIA TY£
1987477880;LINKA HAMULCOWA
6PK976;PASEK WIELOROWKOWY
3600001;TULEJA WAHACZA
530008230;ROZRZ•D KPL + POMPA WODY
530044910;ROZRZ•D KPL
K1270-2X;FILTR KABINY
MOT101272;OLEJ SILNIKOWY MOTUL
MOT101274;OLEJ SILNIKOWY MOTUL 5W30 4L
OE649/8;FILTR OLEJU
37116771932;GUMA STABILIZATORA PRZ”D
PP976/2;FILTR PALIWA
532033010;KO£O NAPINACZA
530023930;ROZRZ•D KPL
£OZYSKO OPOROWE SPRZ G£A 175;£OZYSKO OPOROWE SPRZ G£A 175
KLOSZ LAMPY KIERUNKOWSKAZU;KLOSZ LAMPY KIERUNKOWSKAZU
PLM0668/1;PRZEW”D WTRYSKOWY SW680 VI
PLM0669/1;PRZEW”D WTRYSKOWY SW680 V
PLM0670/1;PRZEW”D WTRYSKOWY SW680 IV
PLM0671;PRZEW”D WTRYSKOWY SW680 III
PLM0672/1;PRZEW”D WTRYSKOWY SW680 II
PLM0673/1;PRZEW”D WTRYSKOWY SW680 I
227HS20671000;PANEWKI G£”WNE KPL
1457429230;FILTR NAGRZEWNICY
2603011173;OPONA TR579 LETNIA TRIANGLE
1K0145832B;PRZEW”D INTERCOOLERA
PL218K20;DOCISK PRZEWOD”W WTRYSKOWYCH
Z793;TULEJA PRZEWOD”W WTRYSKOWYCH
ME2150N;CH£ODNICA P£YNU CH£ODZ•CEGO MB ACTROS
CAS006 5L;OLEJ CASTROL EDGE 5W40 5L
206946;CZUJNIK ZUØYCIA KLOCK”W HAMULCOWYCH
K1211A;FILTR KABINOWY
3543901;£•CZNIK STABILIZATORA
DF4293;TARCZA HAMULCOWA
GDB1613;KLOCKI HAMULCOWE
CAS172 1L;OLEJ 5W20 1L CASTROL MAGNETIC
CAS172 4L;OLEJ 5W20 4L CASTROL MAGNETIC
E1010L;FILTR POWIETRZA
T5358;AMORTYZATOR MB 432X702 20X105/20X50
STR140314;POMPA HYDRAULICZNA PRZEK£ADNI KIEROWNICZEJ
MTL108119;PREPARAT DO P£UKANIA SILNIKA
89470110;TULEJA CYLINDRA
KG19015645;POMPA SPRZ G£A
530049210;ROZRZ•D KOMPLETNY INA
HF185;FILTR OLEJU
LENA334566;LAMPA WARSZTATOWA DRAGO
AD272241;LINKA HAMULCA R CZNEGO
OLEJ MOTUL DO SILNIK”W 4T 5W40 1L;OLEJ MOTUL DO SILNIK”W 4T 5W40 1L
12371;POMPA WODY MERCEDES O 303
MN3000012;G£OWICA KOMPRESORA KPL
444145;AMORTYZATOR PRZ”D MERCEDES
AM61107;KONCENTRAT DO CH£ODNIC CZERWONY 12 1L
F14547;PODUSZKA SILNIKA TY£
F15718;PODUSZKA SILNIKA PRZ”D
F32428;PODUSZKA SILNIKA
MOT105938;OLEJ MOTUL 5W40 1L 8100 X-CES
1798102;£ACZNIK STABILIZATORA
23473;TULEJA STABILIZATORA 82X110X66,5
0902010435;POMPA WSPOMAGANIA UK£ADU KIEROWNICZEGO
6508035078877K;OS£ONA TARCZY HAMULCOWEJ
6508035078878K;OS£ONA TARCZY HAMULCOWEJ
99907066;åRUBA KO£A M12X1,5X22
SM1311;PODUSZKA AMORTYZATORA Z £OØYSKIEM PRZ”D
K1014A;FILTR KABINOWY
PE936/1;FILTR PALIWA
713610490;£OØYSKO KO£A
84679200;KR•ØEK SZLIFIERKI KL-SCHLEIFT MULTILOCH FLEX 150
VKPC88645;POMPA WODY
507/1;PRZEJåCI”WKA Z£•CZA
RAMKA TABLICY REJESTRACYJNEJ MONTE CARLO;RAMKA TABLICY REJESTRACYJNEJ MONTE CARLO
PLM3759;PRZEW”D WTRYSKOWY SW680 LEØ•CY
PLM3760;PRZEW”D WTRYSKOWY SW680 LEØ•CY
PLM3761;PRZW”D WTRYSKOWY SW680 LEØ•CY
PLM3762;PRZEW”D WTRYSKOWY SW680 LEØ•CY
PLM3763;PRZEW”D WTRYSKOWY SW 680 LEØ•CY
PLM3764;PRZW”D WTRYSKOWY SW680 LEØ•CY
AS2013;TERMOW£•CZNIK WENTYLATORA CH£ODNICY
941319170065;ZESTAW PRZEWOD”W
EVL134;PALEC ROZDZIELACZA
VLINE1;åWIECA ISKROWA NGK BUR6ET
WA03016;ZAW”R STERUJ•CY PRZYCZEPY
OPONA 140/80-17 MITAS;OPONA LETNIA MITAS TL 69T E-07+
OPONA 90/90-21 MITAS;OPONA LETNIA 11R22,5
55X72X10;USZCZELNIACZ 55X72X10
0432121780;WTRYSK STERUJ•CY
33823;KO—C”WKA DR•ØKA
3017230808;NAK£ADKA DRZWI
6299730228;ZAåLEPKA POD£OKIETNIKA
KR24311;SPR ØYNA GAZOWA
6299701701;POD£OKIETNIK FOTELA
34750;£•CZNIK STABILIZATORA
40930625;TULEJA BELKI
40936112;WAHACZ
400683;REPERATURKA ZACISKU
107756;FILTR POWIETRZA
5000000150;SMAR DO ZACISK”W HAMULCOWYCH
702551200;POMPA VACUM
D42114C;REPERATURKA ZACISKU
OLEJ PRZEK£ADNIOWY 80W140;OLEJ PRZEK£ADNIOWY 80W140 5L
1091297;ZESTAW MONTAØOWY KOCK”W
39269097;KO—C”WKA KLEJU DO SZYB
11811603561;ZESTAW MONTAØOWY KOCK”W
3989301;KOMPLET åRUB WACHACZA
114523;ROZRUSZNIK MB ATEGO/UNIMOG 4KW 9 Z B”W DAF 310
RX6222;SPR ØYNA ZAWIESZENIA
D8X004TT;WENTYLATOR
RH141044;ZESTAW NAPRAWCZY
2658901;TULEJA WAHACZA
12529;WAHACZ PRAWY
MOT102870;OLEJ SILNIKOWY MOTUL 5W40 5L
PE970;FILTR PALIWA
L60ADK125;SI£OWNIK SPRZ G£A IFA L60 ADK125
TS2647;CZUJNIK W£•CZANIA WENTYLATORA
00502040;TULEJA WAHACZA
20A58;SMAR MIEDZIOWY 500G
400459;ZESTAW NAPRAWCZY ZACISKU
890632;SPR ØARKA KLIMATYZACJI
LF16015;FILTR OLEJU SOLARIS
OPONA 205/55 R16;OPONA MP47 HECTORRA 3 91H
D4612;ZESTAW NAPRAWCZY ZACISKU
RH155021;åRUBA WAHACZA
0390251690;SILNIK OTWIERANIA DRZWI
40940484;TULEJA STABILIZATORA
E75KD42;FILTR PALIWA
70X81,5X6;USZCZELNIACZ PIASTY 70X81,5X6
400706;ZESTAW NAPRAWCZY ZACISKU
ADK125;WYSPRZ GLIK L-60 ADK125
4931433300;SZCZOTKOTRZYMACZ I SZCZOTKI MILWAUKEE
82083;SANDA£Y ROBOCZE
534015110;NAPINACZ PASKA
100619;FILTR POWIETRZA
534001410;NAPINACZ PASKA WIELOKLINOWEGO
BHN182;ZACISK HAMULCOWY VW
KKASZTIR;SZCZOTKA DO MYCIA SAMOCHODU
ASZ/TIR/OPR/QUATRO;SZCZOTKA DO MYCIA SAMOCHODU
0512A;KOMPRESOR SAMOCHODOWY 12V
913950;OBEJMA METALOWA SKR CANA M10
TD360W;TULEJA WACHACZE
900058;OS£ONY AMORTYZATOR”W
131MA10270UR;KIERUNKOWSKAZ BOCZNY
3398122814;RAMI  WYCIERACZKI
12V 2W;ØAR”WKA 12V 2W
1986A00515;ALTERNATOR
KR21089;SPR ØYNA GAZOWA
A4603241004;SPR ØYNA ZWIESZENIA TY£
DF4842;TARCZA HAMULCOWA
401353;REPERATURKA ZACISKU HAMULCOWEGO
401668;REPERATURKA ZACISKU HAMULCOWEGO
DF2757;TARCZA HAMULCOWA
DF4180;TARCZA HAMULCOWA
GDB1413;KLOCKI HAMULCOWE
GDB1545;KLOCKI HAMULCOWE
D42262;ZESTAW NAPRAWCZY ZACISKU
W•Ø KLIMATYZACJI DN22 30X2;W•Ø KLIMATYZACJI DN22 30X2
SZYBA CZO£OWA SETRA;SZYBA CZO£OWA SETRA
900140;OS£ONY AMORTYZATOR”W Z OBOJAMI
600322120;TARCZA HAMULCOWA
MGS01318;ZESTAW NASADEK DO ALTERNATOR”W
CHLAPACZ NAPIS MERCEDES 620X230;CHLAPACZ NAPIS MERCEDES 620X230
1404060310;ZESTAW NAPRAWCZY ZAWIESZENIA 4722600060
573321J;KLOCKI HAMULCOWE TY£
600324120;TARCZA HAMULCOWA
CUK2358;FILTR KABINOWY
GDB3408;KLOCKI HAMULCOWE TY£
W610/6;FILTR OLEJU
0802030036;KO£PAK KO£YSKI RESORU
10000049;MISKA OLEJOWA
CASTROL VECTON LD 10W40 5L;CASTROL VECTON LD 10W40 5L
32500791;SZK£O LUSTERKA
0242240592;åWIECA ISKROWA
26938;TULEJA WAHACZA
349044;AMORTYZATOR TY£
624308733;SPRZ G£O KPL
AP139/5;FILTR POWIETRZA
EG959HD508;FILTR OLEJU
10W40 5L ELF;ELF EVOLUTION 700 STI 10W40 5L
21044;£•CZNIK STABILIZATORA
39070;OLEJ SKRZYNI BIEG”W
GDB1761;KLOCKI HAMULCOWE
H6003;FILTR SKRZYNI
HU7020;FILTR OLEJU
K1311A;FILTR KABINY
PU8014;FILTR PALIWA
PU8028;FILTR PALIWA
3397118909;PI”RO WYCIERACZKI
PAG 46;OLEJ DO KLIMATYZACJI 5L
0242240506;åWIECA ZAP£ONOWA
OE013/T10;åWIECA ZAP£ONOWA
W9069;FILTR OLEJU
K078206K50;KLOCKI HAMULCOWE KNORR SOLARIS 8,9
01637980A;ZBIORNIK POWIETRZA
17X1360;PAS KLINOWY 1360LP/1320LI
GDB1718;KLOCKI HAMULCOWE
96628;INTERCOOLER
OPONA 175/65 R14;OPONA 175/65 R14 MP47 HECTORRA
3D409668;DYWANIKI GUMOWE
17X1372/1412;PASEK KLINOWY
6ZL006097001;CZUJNIK CIåNIENIA
VKMCV55003;ROLKA NAPINACZA PASKA MAN FI65X36
SD0001;AMORTYZATOR FOTELA V0 737 ISRI 6800
215/60/R16C;OPONA 215/60R16C
06569371254;ORING 24X4
06569360347;ORING 7X3
4410350010;CZUJNIK ABS PROSTY 300MM FI11
4410329210;CZUJNIK ABS TY£
MOT101545;OLEJ SILNIKOWY MOTUL 5W30 5L ECOCLEAN
OE688/3;FILTR OLEJU
400368120;TARCZA HAMULCOWA
PNG74822;P”£Oå NAP DOWA
F00MA45303;REGULATOR NAPI CIA
205/60R16C;205/60R16C
K145032K50;CZUJNIK ABS PROSTY 0,4M
221132;KO—C”WKA DR•ØKA KIEROWNICZEGO M26X1,5
4721950970;MODULATOR ABS WABCO
2034057;UCHWYT MOCOWANIE FOTELA FORD
17484;DR•ØEK KIEROWNICZY MB
4801041070;ZAW”R EBS MAN TGL/TGM
WA30T3;T£UMIK HA£ASU (ZATRZASK + OPASKA)
0445115033;NAPRAWA WTRYSKIWACZY BOSH PIEZO
7143115001S;TURBOSPR ØARKA SC210
1667/2A;ZAMEK KLAPY BOVA 100X19
KADC200700750V304;D TKA 7.50-20 v3.04.5
ZASILACZ UNIWERSALNY 100W;ZASILACZ UNIWERSALNY 100W Z WYåWIETLACZEM
ADT32276;FILTR POWIETRZA
YT5924;TARCZA DO CI CIA METALU 125X2,5X2
9448800370;ZDERZAK PRAWY MB
SA2D0625;ZDERZAK LEWY MB
35090;ZESTAW NAPRAWCZY DR•ØKA REAKCYJNEGO MB PROSTY FEBI
190 NEWAGE;SYGNALIZATOR COFANIA 12V
25446;KO—C”WKA DR•ØKA KIEROWNICZEGO
AP160/1;FILTR POWIETRZA
LP1617;KLOCKI HAMULCOWE PRZ”D
KR60079R;ZESTAW åRUB JARZMA ZACISKU HAMULCOWEGO 12 SZT
1303010189;LAMPA KIERUNKOWSKAZU BOCZNA MB L/P
150708033;OBUDOWA KABINY LEWA DOLNA
åRUBA M16X100X1,5;åRUBA M16X100X1,5
45721;FILTR OSUSZACZA
REGENERACJA STEROWNIKA;REGENERACJA STEROWNIKA
8190;BEZPIECZNIK KOMPAKTOWY CF 100A M8
442717;NASADKA 6-K•TNA SW17 37MM
13X1412;PASEK KLINOWY 13X1412
MU1297X;FILTR OLEJU
RH6083;SPR ØYNA ZAWIESZENIA TY£
0398;ZESTAW USZCZELEK SILNIKA FIAT 125P
10057;TULEJA MET-GUM
003505;PASTA DO POLEROWANIA BOLL
GDB3175;KLOCKI HAMULCOWE
CHAIN LUBE ROAD;SMAR DO £A—CUCH”W 400ML
CT648;PASEK ROZRZ•DU FIAT 125
FF266;FILTR PALIWA SOLARIS N/TYP
MERHLS009R;ELEMENT REFLEKTORA
MERHLS009L;ELEMENT REFLEKTORA
ROZTW”R ADBLUE 20KG;ROZTW”R ADBLUE 20KG
100002000;LAMPA TY£
22845;PODUSZKA SILNIKA LEWA
22956;PODUSZKA SILNIKA PRAWA
01471;SZPILKA KO£A
100748;NAKR TKA KO£A
PASEK KLINOWY 2/2000 ZESPOLONY;PASEK KLINOWY 2/2000 ZESPOLONY
4460950070;STEROWNIK KLIMATYZACJI WABCO
20000010170661;USZCZELKA SZYBY CZO£OWEJ STAR 200/742/1142
1102002470;KOLANKO UK£ADU WYDECHOWEGO FI 120 90 STOPNI
TROJNIK TEKALANU FI22;Z£•CZE TR”JNIK TEKALANU M22/22/22
1407000853;KO—C”WKA TEKALANU Q-15
0004322107;ZAW”R ODWADNIAJ•CY ZBIORNIK POWIETRZA M22X1,5
206562586;ELEKTROZAW”R POWIETRZA
206579586;ZAW”R POZIOMOWANIA
29502;PODUSZKA SILNIKA
60610003;TULEJA STABILIZATORA
MAN-RELU-004;PRZEKAèNIK 24V 80A
9700511580;SI£OWNIK SPRZ G£A MERCEDES/SETRA
W•Ø GUMOWY FLEX 48X1000;W•Ø GUMOWY FLEX 48X1000
AM468/4;FILTR POWIETRZA
NJ210EXLTVP2;£OØYSKO SPR ØARKI KOMPRESORA 50X90X20 FK40
BP6E;åWIECA ZAP£ONOWA
09750601;DR•ØEK IEROWNICZY MAN L=415
ISNT160400003N;SZYNY MOCUJ•CE SIEDZISKO
B0020;"PRZEW”D ""TEKELAN"" POWIETRZNY FOTELA CZERWONY 4MM"
916220;TULEJA WSPRONIKA WENTYLATORA MB
914023P;OS£ONA BOCZNA FOTELA PRAWA STRONA AUTOBUSU LEWA FOTELA
110310;G£OWICA SPR ØARKI MB AXOR KOMPLETNA
0004300044;PODSTAWA RETARDERA
MERHLS006L;ELEMENT REFLEKTORA
35918113;ZESTAW NAPRAWCZY ALTERNATORA
MERHLS006R;ELEMENT REFLEKTORA
26227;OBEJMA STABILIZATORA
14100006111;MIECH ZAWIESZENIA PNEUMATYCZNEGO
721903750;ZAW”R ELEKTROPNEUMATYCZNY
0450906451;FILTR PALIWA
2666LM;OCZYSZCZACZ UK£ADU WTRYSKOWEGO
K1075A-2X;FILTR KABINY
311186;AMORTYZATOR 43X72 FI14/16
313766;AMORTYZATOR 41X69 FI14/14
3397007292;PI”RA WYCIERACZEK KPL 600MM+380MM
ELF EVOLUTION 900 NF 5W40 4L;ELF EVOLUTION 900 NF 5W40 4L
01102;CZUJNIK TEMPERATURY P£YNU
4471250;SZCZYPCE DO ZACISKANIA KO—C”WEK ELEKTRYCZNYCH
1112351062;LAMPA TYLNA
PRZEW”D HAMULCOWY MIEDè 8 SZPULA 10M;PRZEW”D HAMULCOWY MIEDè 8 SZPULA 10M
REGENERACJA REGULATORA CIåNIENIA;REGENERACJA REGULATORA CIåNIENIA
310220;USZCZELKA POKRYWY
AP134/9;FILTR POWIETRZA
GE110;åWIECA ØAROWA
OP643/4;FILTR OLEJU
VKMC061343;ROZRZ•D KPL
0301040213;WK£AD FILTRA PALIWA
KO—C”WKA TEKALANU Q-5;KO—C”WKA TEKALANU Q-5
8005042;PREPARAT DO PROFILI ZAMKNI TYCH SPRAY
TTALJ510194200000;KO£EK RAMASTEM 8 (10SZT)
331702;AMORTYZATOR PRZ”D
1501030259;WSPORNIK LUSTERKA
1501030462;UCHWYT MOCOWANIA RAMIENIA LUSTRA
P£YN DO SZYB;P£YN DO SPRYSKIWACZY ZIMOWY 5L K2
G05083;USZCZELKA PRZEWODU KLIMATYZACJI KOMPRESORA
30919018;CZUJNIK CIåNIENIA OLEJU
SW90017;CZUJNIK CIåNIENIA OLEJU
0038303608;WENTYLATOR NADMUCHU CITARO
BHZ981E;ZACISK HAMULCOWY
11811602902;ZESTAW MONTAØOWY KLOCK”W
24819002192;CZUJNIK KLOCK”W HAMULCOWYCH
D42273C;REPERATURKA ZACISKU
LTD016;ZESTAW NAPRAWCZY PROWADZENIA ZACISKU
YT2940;GWINTOWNIK R CZNY
5402032001319P;LUSTERKO ZEWN TRZNE LEWE
5402032001320P;LUSTERKO ZEWN TRZNE PRAWE
5510002515902Q;ZDERZAK PRZEDNI
05051004;MODULATOR SPRZ G£A
SA3B0041;POMPA SPRZ G£A
FD9082011;ELEMENT PRZEDNI ZDERZAKA
D41635;ZESTAW NAPRAWCZY ZACISKU HAMULCOWEGO
NASTAWNIK ZAWORU;NASTAWNIK ZAWORU
353990;USZCZELNIACZ 35X48X7
TC2244;WACHACZ LEWY
TC2245;WACHACZ PRAWY
KAUCJA ZA ZACISK 0986135035;KAUCJA ZA ZACISK 0986135035
DF4822;TARCZA HAMULCOWA PRZ”D SPRINTER
410101;ZESTAW NAPRAWCZY ZACISKU
6800;PODUSZKA ZAWIESZENIA WYDECHU
YT2939;GWINTOWNIK R CZNY M12X1,5
244144;TULEJA Z£•CZA SKR CANEGO TEKELANY 15X1,5MM
YT1720;PODNOåNIK NISKOPROFILOWY 2T
000050034010;WY£ACZNIK ZAP£ONU
100007885;USZCZELNIACZ WYBIERAKA SKRZYNI BIEG”W
103997755;SWORZE— WAHACZA
DS10109;SPRZ G£O KPL
MS0130;SWORZE— WAHACZA
11358;POMPA WODY MAN
ST20235;SI£OWNIK HAMULCOWY 24/24 MEMBRANA/T£OK (TARCZA)
24033001071;TARCZA HAMULCOWA
SS0017;ELEKTROMAGNES ROZRUSZNIKA
1652101;USZCZELNIACZ WA£KA ATAKU
461828;CZUJNIK TEMPERATURY P£YNY CH£ODZ•CEGO SILNIKA
0099881178;MOCOWANIE (SPINKA TAPICERSKA?)
K9047;FILTR KABINOWY
81970010396;UCHWYT KLAPY MAN - MUSZLA
95VBV280B85;KRATKA WLOTU POWIETRZA
AS/HS-21M;ZESTAW USZCZELEK SPR ØARKI
HS21Z;ZAWORY G£OWICY SPR ØARKI KPL
PRZW”D PALIWA FI 8 PRZEZROCZYSTY;PRZW”D PALIWA FI 8 PRZEZROCZYSTY
11X25X7;USZCZELNIACZ 11X25X7
31X45,3X7;USZCZELNIACZ 31X45,3X7
35X48X8;USZCZELNIACZ 35X48X8
111466;WTYCZKA M24X1 2PIN Z PRZEWODEM DO CZUJNIKA ST
111465;WTYCZKA M27X1 2PIN Z PRZEWODEM RAP
1210000335;GNIAZDO LAMPY TY£ OKR•G£E 7-PIN
445033;AMORTYZATOR TY£
714675;USZCZELNIACZ WA£KA ATAKU
33265;SILENTBLOCK BELKI TY£
24013201371;TARCZA HAMULCOWA
6102032001315P;SZK£O LUSTRA TRANSIT LEWE
AKUMULATOR 95 AH AGM;AKUMULATOR 95 AH AGM
9425001103;CH£ODNICA WODY MB H=952MM
9424010271;SZPILKA KO£A M22X1,5 68MM MB ACTROS
0092S50050;AKUMULATOR 225AH
CUK2941-2;FILTR KABINOWY
000050191010;PRZE£•CZNIK åWIATE£ KOPLETNY OPEL
4256836;SPR ØYNA ZAWIESZENIA TY£ MB W460
YT2374;PISTOLET DO ROPOWANIA
DF2803;TARCZA HAMULCOWA
ZAW”R POZIOMUJ•CY SOLARIS UØYWANY;ZAW”R POZIOMUJ•CY SOLARIS UØYWANY
ENT210048;ZESTAW USZCZELNIE— POMPY
601003014410WP;KLAMKA DRZWI
MERFLVL004;CZUJNIK POZIOMU PALIWA
LAMPA KIERUNKOWSKAZU LED 2FLUX;LAMPA KIERUNKOWSKAZU LED 2FLUX
03960;åRUBA KO£A M22x1,5
03997;åRUBA KO£A M22X1,5
12868;SZPILKA M22X1,5
325460;KOREK SPUSTOWY OLEJU
01921000A;PESZEL UK£ADU WYDECHU Z FLANSZAMI
2003000123;PODK£ADKA METALOWO GUMOWA FI16
007950024810;Z£•CZE BUDLI ZEWN TRZNEJ R134A
50907176;NAKR TKA KO£A
83934754;NAKR TKA KO£A
H1 LED Z RADIATOREM;ØAR”WKA LED H1 Z RADIATOREM
LAMPA PODåWIETLENIA REJESTRACJI;LAMPA PODåWIETLENIA REJESTRACJI 1305020099
332052;LAMPA OåWIETLENIA TABLICY REJESTRACYJNEJ MAN
1905024067;WK£AD LUSTRA SOLARIS PRAWE 179X279 24V
0011552815;KO£O PASOWE ALTERNATORA 0M502LA
ZAWIESIE PASOWE P TLA T5 5M;ZAWIESIE PASOWE P TLA T5 5M
1131355X;ZESTAW NAPRAWCZY ZACISKU
400647820;TARCZA HAMULCOWA TY£
D42690A;ZESTAW MONTAZOWY KLOCK”W
08098000;CZUJNIK POZIOMU P£YNU CH£ODZ•CEGO
ULTRA360;WK£AD FILTRA
ODSTEPNE KRAJ;£OØYSKO PIASTY
OM514/1;FILTRA OLEJU
GS8777;SZCZ KI HAMULCOWE
195/65R16C;OPONA 195/65R16C
120/70R17;OPONA MICHELIN OMMI 58W R6
DP2310140729;TERMOSTAT CH£ODNICY OLEJU
R134A - KG;CZYNNIK DO KLIMATYZACJI R134A NA KG
SZYBKOZ£•CZE SERWISOWE KLIMATYZACJI;SZYBKOZ£•CZE SERWISOWE KLIMATYZACJI
130X170X12;USZCZELNIACZ SKRZYNI BIEG”W ZF AP1200B
0501323522;ORING SKRZYNI BIEG”W ZF 6AP
0501325573;ORING SKRZYNI BIEG”W ZF
0703000281;åRUBA KO£A M12X1,5X88MM
AP140;FILTR POWIETRZA
F37968;PROWADNICA FOTELA
PP839/2;FILTR PALIWA
20X1000;PRZEW”D SILIKONOWY 20X1000
0802013878;RESOR MB 2X70/660X890 PRZ”D VARIO
KONTRAST UV DO KLIMATYZACJI 250ML;KONTRAST UV DO KLIMATYZACJI 250ML
C0973B;LINKA HAMULCOWA
CT881WP2;ZESTAW ROZRZ•DU Z POMP• WODY
LTD7700413763;CZUJNIK CIåNIENIA UK£ADU WSPOMAGANIA
DBM003TT;ZBIORNIK WYR”WNAWCZY
TRI313502;KOREK ZBIORNIKA WYR”WNAWCZEGO
3D408746;DYWANIKI GUMOWE
UNI002;LAMPA OBRYSOWA LED W KLAMCE
7065998;KO£NIERZ KORKA PALIWA
51352;ODB”J RESORU
RS0417;SZCZEKI HAMULCOWE
3256540411020;UCHWYT ZDERZAKA
3256540412020;UCHWYT ZDERZAKA
83191510000;OBUDOWA FILTRA POWIETRZA KPL
6275060110;KO£O PASOWE
6277503004;POKRYWA SILNIKA
0702030012;"ZESTAW MONTAØOWY KO£PAKA 17,5"""
1508000160;SPR ØYNA GAZOWA 610MM 360N
OLEJ 10W40 BECZKA 205L;OLEJ 10W40 BECZKA
713618990;ZESTAW £OØYSKA KO£A TY£
47283;FILTR HYDRAULIKI SKRZYNI BIEG”W
47282;FILTR HYDRAULIKI SKRZYNI
6284600732;POMPKA SPRZ G£A
64078712;CZUJNIK OBROT”W TURBINY W SKRZYNI VOITH
5402032001305P;LUSTERKO ZEWN TRZNE
TTALW512125200000;WK£AD RADIALNY TL125
1804001398;ODB”J 165X125X60 GUMOWY
220087;DR•ØEK KIEROWNICZY POPRZECZNY
0332209211;PRZEKAèNIK UNIWERSALNY 24V
KR”CIEC SPRYSKIWACZA;KR”CIEC SPRYSKIWACZA
6278802071;ZDERZAK TYLNY MERCEDES
0501332511;ORING SKRZYNI ZF 6AP
BUS3797;POKRYWA WANDLERA SKRZYNI ZF 6AP
0501323519;ORING SKRZYNI ZF 6AP
REGENERACJA AKUMULATORA;REGENERACJA AKUMULATORA
YT1424;"NASADKA 13MM 1/2"""
PP960;FILTR PALIWA
01031902B;USZCZELNIACZ WA£U KORBOWEGO
00222200;PODPORA WA£U NAP DOWEGO
032103092;CZUJNIK WA£KA ROZRZ•DU
58313;CH£ODNICA
83792010500;ZDERZAK MAN TY£
4123520140;SPR ØARKA MB OM457
14138A;£OØYSKO 14138A
14276;£OØYSKO
DF6514S;TARCZA HAMULCOWA PRZ”D
81061016480;CH£ODNICA WODY MAN
KR24571;SPR ØYNA GAZOWA 450MM 550N
AP185/4;FILTR POWIETRZA
ELF068 5L;OLEJ ELF 5W30 5L
F34824;FILTR KABINOWY
GDB1785;KLOCKI HAMULCOWE PRZ”D
PU9011;FILTR PALIWA
W7032;FILTR OLEJU
220660;USZCZELNIACZ WA£KA ATAKU 85X155X12/33
LE2601912;USZCZELKA PODSTAWY FILTRA OLEJU DAF 212
MOB052 5L;OLEJ SILNIKOWY MOBIL SUPER 5W30 5L
2706077;PODUSZKA SILNIKA
MCB648LC;KLOCKI HAMULCOWE
U22FS;åWIECA ZAP£ONOWA
110350;G£OWICA KOMPRESORA
MERLSWT006;W£•CZNIK åWIATE£
XPB2325;PASEK KLINOWY 17X2325
MET019;PRZEGUB WA£U ZMIANY BIEG”W 50MM
0232103092;£OØYSKO WCISKOWE
GDB1786;KLOCKI HAMULCOWE TY£
F19752;OBUDOWA MIARKI OLEJU
AM404;FILTR POWIETRZA
001007;åRODEK DO KONCERWACJI PODWOZIA
001034;åRODEK DO KONCERWACJI PODWOZIA
703133400;USZCZELKA KOLEKTORA WYDECHOWEGO
701289;USZCZELKA ZAWORU
802760;SZPILKA G£OWICY
888979;USZCZELKA G£OWICY
2KA010278317;LAMPA OåWIETLENIA TABLICY REJESTRACYJNEJ HELLA
164000797R;FILTR PALIWA
GG2013EX;ZAWORY I P£YTKI ZAWOROWE
AGRI BOX 26 JASOL 5L;OLEJ AGRI BOX 26 JASOL 5L
AKUMULATOR 6AH;AKUMULATOR 12V 120A
103158;POMPKA SPRYSKIWACZY
BAU15S/BA15S 192SMD;OåWIETLENIE LED 2W1 BAU15S/BA15S 192SMD
27102413711;ELEMENTY MONTAØOWE UK£ADU NAP DOWEGO
LTD0018305708;SILNICZEK DMUCHAWY DB
129780;USZCZELNIACZ
428015910;WA£EK ROZRZ•DU
50006418;POPYCHACZ ZAWORU
542000;USZCZELNIACZ
BP7HS1;åWIECA ISKROWA
E19HD83;FILTR OLEJU
GDB1479;KLOCKI HAMULCOWE
30612;CZUJNIK KLOCK”W HAMULCOWYCH
MNE1031;B BEN HAMULCOWY TY£ MERCEDES
FR4106;TORBA WARSZTATOWA
77913600;PANEWKI WA£KA ROZRZ•DU
DB1536K;USZCZELKI SILNIKA KPL
DB272C2;PROWADNICA ZAWORU SS•CEGO
DB272E;PROWADNICA ZAWORU WYDECHOWEGO
DB1524;USZCZELNIACZ ZAWORU KPL
DB1526A2;PIERåCIENIE FI83 KPL
DB114K;KORBOW”D
LXSC84/TK;TAåMA IZOLACYJNA TKANINOWA 19MM 15M
0008203764;LAMPA POZYCYJNA TYLNA G”RNA INTEGRO
0018114733;WK£AD LUSTRA DUZY SETRA/INTEGRO
2201000019;PISTOLET DO CZYSZCZENIA I PRZEDMUCHIWANIA
2702000299;SUWMIARKA ELEKTRONICZNA
SP1400;DèWIGNIA ZMIANY BIEG”W
0281002710;CZUJNIK CIåNIENIA SPALIN
8SB003609061;LUSTERKO ZEWNETRZNE
1987482500;LINKA HAMULCA R CZNEGO
COM010ABE;SZCZ KI HAMULCOWE
0986479C84;TARCZA HAMULCOWA PRZ”D
7D0107;B BEN HAMULCOWY
NEMO2HUB/SET;TESTER USTEREK
3151/T09A;PRZEW”D DO TESTERA USTEREK
3151/T12;PRZEW”D DO TESTERA USTEREK
3910874;PRZEW”D DO TESTERA USTEREK
CHDR451;CYLINDEREK HAMULCOWY
083863025;PRZYCISK OTWIERANIA DRZWI
STEROWNIK VDO - UØYWANY;STEROWNIK VDO - UØYWANY
KR31476;SPR ØYNA GAZOWA
A7252703707;MISKA OLEJOWA Z FILTREM I åRUB• SPUSTOW•
1102002439;RURA WYDECHOWA AXOR
1406000060;OPASKA ZBIORNIKA POWIETRZA FI310 METALOWA
OM457H;USZCZELKI SILNIKA KPL
MB439-1;PIERåCIENIE T£OKOWE KPL FI 128
MAUZER;ZBIORNIK ZWROTNY 1000L
0486002001;CZUJNIK ABS MAN
4460912000;ZAW”R OGRZEWANIA SOLARIS 3 WYJåCIA
9408850225;SPOILER ZDERZAKA PRAWY
1080457047;SI£OWNIK OSI SKR TNEJ
420502;USZCZELKA KOLEKTORA
AUG71184;ELEMENT REFLEKTOR
V25721103;CZUJNIK CIåNIENIA PALIWA
MERFB058;ZDERZAK PRZ”D
OE2499389;FILTR PALIWA
MERFB012L;SPOJLER ZDERZAKA
UNTR51;RAMKA TABLICY REJESTRACYJNEJ
REGENERACJA KO—C”WKI DR•ØKA;REGENERACJA KO—C”WKI DR•ØKA
24768;POMPKA SPRYSKIWACZA 24V
2433370467;KR”CIEC WTRYSKIWACZA
1406000009;OPASKA ZBIORNIKA POWIETRZA
1507060167;LISTWA KLAPY
0321030680;CH£ODNICA CIECZY SOLARIS
KONCENTRAT DO CH£ODNIC (-80) NIEBIESKI;KONCENTRAT DO CH£ODNIC (-70) NIEBIESKI BECZKA
1407000029;£•CZNIK PROSTY TEKALANU M18 METAL
TQZ33ABS;Z£•CZE ELEKTRYCZNE 3-KROTNE SZCZELNE
0XAT2045;NARZ DZIA DO OBS£UGI UK£ADU HAMULCOWEGO
FZB002;BELKA TYLNA ZAWIESZENIA
FZB002-KAUCJA;FZB002-KAUCJA
2187LM;PASTA DO R•K 12,5 KG LIQUI MOLY
2290601072;SPRZ G£O KPL
AK385;SZCZYPCE DO INSTALACJI ELEKTRYCZNEJ
VSE1901A;MIECH POWIETRZA
KSI•ØKA SERWISOWA;KSI•ØKA SERWISOWA
MERSP029;STOPIE— KABINY
9PK1887;PASEL WIELOKLINOWY
9416663528;STOPIE— KABINY
REGENERACJA MODULATORA;REGENERACJA ZAWORU EBS WABCO PODW”JNY 4801030630
1060LL06;£•CZNIK STABILIZATORA
LP1652;KLOCKI HAMULCOWE PRZ”D
800012;ZESTAW USZCZELEK FKX40K BOCK
A6299750456;R•CZKA FOTELA PASAØERA LEWA
A6299750199;WN KA POD UCHWYT PRAWA
A6299750099;WN KA POD UCHWYT LEWA
F172477;£OØYSKO KO£A TY£
203177;CZUJNIK POZIOMU PALIWA
9416601028;STOPIE— KABINY DUØY
0202050064;åRUBA M12X140 KL 10,9
2001000329;åRUBA M12X175 KL 10,9
OPONA 295/80-22,5 DUNLOP;OPONA 295/80-22,5 DUNLOP
PASEK KLINOWY 1458 LP/1400 [C55];PASEK KLINOWY 1458 LP/1400 [C55]
FE10133;KO£O ZAMACHOWE SZTYWNE
9416601128;STOPIE— KABINY
9404920401;RURA WYDECHOWA
8M 3600/20M;PASEK Z BATY
9416600428;STOPIE— KABINY
D16TN;PODNOåNIK HYDRAULICZNY 16T
51237164798;LINKA POKRYWY SILNIKA
42X72X8;USZCZELNIACZ WA£KA WENTYLATORA
OLEJ VALVOLINE PREMIUM BLUE 15W40 208L;OLEJ VALVOLINE PREMIUM BLUE CUMMINS 15W40 208L
AM430/1;FILTR POWIETRZA
51101009037;WTRYSKIWACZ
800052810000;ZESTAW PIERåCIENI T£OKA
DAFMR009;OBUDOWA LUSTERKA
51274210077;CZUJNIK TEMPERATURY MAN
1445038000;TULEJA CYLINDRA FI128
4579970545;ORING TULEI CYLINDRA FI 128
4570103120;ZESTAW USZCZELEK G£OWICY
0986082580;ALTERNATOR
0986082580 RDZE—;ALTERNATOR RDZE—
C021;NAPINACZ PLANDEKI
75646;OBUDOWA FILTRA
713630030;£OZYSKO KO£A
0340320053;PODUSZKA STABILIZATORA
RH160011;TULEJA £•CZNIKA STABILIZATORA
11010094;R•CZKA FOTELA LEWA
11010093;R•CZKA FOTELA PRAWA
E497L;WK£AD FILTRA POWIETRZA
1102000887;RURA WYDECHOWA
1305010259;LAMPA OBRYSOWA BIA£A
0004101010;PODPORA WA£U
1302040016;KLOSZ LAMPY TY£
1050029;ZESTAW MONTAØOWY SZCZ K HAMULCOWYCH
SPR ØYNA GAZOWA 40N;SPR ØYNA GAZOWA 40N
111312755;£•CZNIK STABILIZATORA
42541851;ZAWOREK PALIWA ELEKTRYCHNY IVECO
0986494654;KLOCKI HAMULCOWE
K1081A;FILTR KABINOWY
84413367930;FILTR OGRZEWANIA POSTOJOWEGO SIATKOWY
98200086801;TARCZA HAMULCOWA MAN PRZ”D
39257;DR•ØEK REAKCYJNY PRZ”D G”RA
GDB5073;KLOCKI HAMULCOWE
AKUMULATOR 85AH;AKUMULATOR 85AH 800A
FDB631EF;KLOCKI HAMULCOWE
4123520030;SPR ØARKA
195/65R15 BIEØNIKOWANE;195/65R15 BIEØNIKOWANE
LMI25864;CZ åCI MOCUJ•CE ZAWIESZENIE SILNIKA
81521066014 RDZE—;ZAW”R EBS KNORR KAUCJA
41114026;SWORZE— RESORU
43614008;TULEJKA RESORU
1862317031;TARCZA SPRZ G£A FI400
3482086132;DOCISK SPRZ G£A FI400
F026400288;WK£AD FILTRA POWIETRZA
224578;WK£AD FILTRA POWIETRZA
PP861/3;FILTR PALIWA
RADICOOL;KONCENTRAT DO CH£ODNIC G11 1L
504255336;CZUJNIK CIåNIENIA ECAS
P633483;FILTR POWIETRZA SOLARIS
3421601044;KO£O ZAMACHOWE MAN FI 430
06643;USZCZELNIACZ PIASTY MERCEDES
ALC8390;FELGA STALOWA
VKBA6556;£OØYSKO KO£A
POMPA HYDRAULICZNA WENTYLATORA;POMPA HYDRAULICZNA WENTYLATORA MNR 01511 065 023
DEFA430056;OGRZEWACZ WN TRZA
HF151;FILTR OLEJU
4460910020;ELEKTROZAW”R NAGRZEWNICY
K1088A;FILTR KABINOWY
AP199/11;FILTR POWIETRZA
AUG10042;KO—C”WKA DR•ØKA
102470;PRZEW”D CH£ODNICY OLEJU
08466;CZUJNIK CIåNIENIA OLEJU
YT8106;PRZED£UØACZ 3X2,5
1507120098;OKULAR REFLEKTORA
1003000157;PIERåCIE— ABS PIASTY
1503990090;MECHANIZM WYCIERACZEK
165/70R14;OPONA PASSIO 2 81 T
DIDSCA0409ASV122Z;£A—CUCH ROZRZ•DU
3151000396;£OØYSKO OPOROWE
1507120100;OKULAR REFLEKTORA
KO—C”WKA DO LUTOWANIA;KO—C”WKA DO LUTOWANIA
3BA08750E;CZYåCIK DO GROT”W
0433171741;KO—C”WKA WTRYSKIWACZA
ZESTAW WYJMAK”W DO KONEKTOR”W;ZESTAW WYJMAK”W DO KONEKTOR”W
2BBP2120;PASEK KLINOWY SOLARIS 17X2120
BEZPIECZNIK 400A;BEZPIECZNIK 400A
103053;MOCOWANIE AMORTYZATORA
E79KPD118;FILTR PALIWA
OLEJ 5W30;OLEJ 5W30 1L CASTROL GTX C4 1L
583042;CZUJNIK ZUØYCIA KLOCK”W
8PK1160;PASEK WIELOROWKOWY 8PK1160
TYP52/18/PD;PODSTAWA DOLNA MIECHA
"GRZECHOTKA 1""";"GRZECHOTKA 1"" 760MM"
12V H7 55W KPL;ØAR”WKA 12V H7 55W KPL
åRUBA M12X1,75/30;åRUBA M12X1,75/30
PIERåCIE— USZCZELNIAJ•CY (blasz.gum) M20;PIERåCIE— USZCZELNIAJ•CY (blasz.gum) M20
183543712;LAMPA KIERUNKOWSKAZU
STH268;HAK HOLOWNICZY
170616;PODUSZKA SILNIKA
534006910;NAPINACZ PASKA
E1105L;FILTR POWIETRZA
H317W01;FILTR OLEJU
81784;MIERNIK ANALOGOWY 40V
3397010297;PI”RA WYCIERACZEK
530037510;ROZRZ•D KPL
F026402204;FILTR PALIWA
GDB2086;KLOCKI HAMULCOWE
0XLMP71224VF2;URZ•DZENIE ROZRUCHOWE
USZCZELKA POLIURETANOWA 8X10;USZCZELKA POLIURETANOWA 8X10
9360301003;T£UMIK DRGA—
0132434001;ODOLEJACZ HALDEX
KR23155;AMORTYZATOR KLAPY TY£
SWF203726;PRZE£•CZNIK ZESPOLONY MAN LION (dwie wtyczki)
M18X1,5 L450;PRZEW”D ELASTYCZNY M18X1,5 L-450
M18X1,5 L510;PRZEW”D ELASTYCZNY M18X1,5 L-510
0986017980;ROZRUSZNIK DAF
PCLTVT0100;GWINTOWNIK DO WENTYL”W KO£A
ROMC60612;BLASZKA Z ZABEZPIECZENIEM
AM446/8;FILTR POWIETRZA
320157;LINKA R CZNEGO
320102;LINKA R CZNEGO
320469;LINKA R CZNEGO
17X1370;PASEK KLINOWY 17X1370LI/1410LP
LAMPA OBRYSOWA;LAMPA OBRYSOWA
1305070100;LAMPA ROBOCZA
9553907;ZESTAW USZCZELEK SKRZYNI BIEG”W ZF 4/5HP
81274210224;CZUJNIK TEMPERATURY ZEWN TRZNEJ
8MA376705344;ZBIORNIK WYR”WNAWCZY P£YNU CH£ODZ•CEGO
GDB1218;KLOCKI HAMULCOWE
4072958;SPR ØYNA ZAWIESZENIA PRZ”D
D7196C;REPERATURKA ZACISKU
DF4274BS;TARCZA HAMULCOWA
H24W06;FILTR OLEJU
W719/14;FILTR OLEJU
1316020104;SILNIK DMUCHAWY AURORA
30X55X23;£OØYSKO KLIMATYZACJI
36779036181;WYMIENNIK NAGRZEWNICY
NOØE I SKROBAKI KPL;NOØE I SKROBAKI KPL
KONWERTER SYGNA£U BNC S-VIDEO;KONWERTER SYGNA£U BNC S-VIDEO
TRANSFORMATOR VIDEO TR;TRANSFORMATOR VIDEO TR
SZYBKOZ£•CZE DC S-55;SZYBKOZ£•CZE DC S-55
SZYBKOZ£•CZE DC G-55;SZYBKOZ£•CZE DC G-55
KAMERA HWT-T240;KAMERA HWT-T240
0509502;TRZPIE— BLOKUJ•CY NITOWNICY
M0040;AMORTYZATOR PRZ”D
RA3502;SPR ØYNA PRZ”D
405001;SILNIK WYCIERACZEK
ARANIVT03B0000000;KALIBROWNIK DO ZAWOR”W
LP1161;KLOCKI HAMULCOWE PRZ”D
1804001395;NAPINACZ PLANDEKI PRAWY KWADRAT
1804001394;NAPINACZ PLANDEKI LEWY KWADRAT
2204000127;CHLAPACZ B£OTNIKA 400X285
2204000784;CHLAPACZ NACZEPY 350X2400 Z NAPISEM
1801000230;B£OTNIK Z P£ASKIM DNEM
SMAROWNICA PNEUMATYCZNA 20L;SMAROWNICA PNEUMATYCZNA 20L
EL293946;USZCZELNIACZ WA£KA ROZRZ•DU 35X50X8
66340CLC;ØARNIK XENON D35
890001;CZUJNIK COFANIA
C26110/2;FILTR POWIETRZA
29461;£•CZNIK STABILIZATORA
H136WK;FILTR PALIWA
643002;LINKA LICZNIKA
2185LM;åRODEK DO CZYSZCZENIA POPMOWTRYSKIWACZY
C15143/1;FILTR POWIETRZA
DF4294;TARCZA HAMULCOWA
WK841/1;FILTR PALIWA
PHB624;PRZEW”D HAMULCOWY ELASTYCZNY
BFOZ19023535WWH40;OPONA WINTERHAWK 91W XL FR
026407003;FILTR OLEJU
1J0973735;WTYK LAMPY
GDOZ14017565TF2R2;OPONA FRIGO 2 NEW 82T
1334101;KO—C”WKA DR•ØKA
702184010;ZAW”R CIåNIENIA DO£ADOWANIA
D41775C;REPERATURKA ZACISKU
577851;PI”RA WYCIERACZEK
940016011900;REGULATOR NAPI CIA
074950;USZCZELKA MISKI OLEJOWEJ MB OM904
773370;USZCZELKA KOREKTORA SSACEGO MERCEDES
88763320161;POKRYWA ZAWORU BEZPIECZE—STWA
3397009081;PI”RA WYCIERACZEK
CR5HSB;åWIECA ISKROWA
LPR6788;POMPA HAMULCOWA
RCVW910;ZESTAW PRZEWOD”W ZAP£ONOWYCH
U2003;CEWKA
Z11;åWIECA ISKROWA
66140CLC;ØAR”WKA XENON D1S 35W
231108;MATA BAGAØNIKA
4866;KAMIE— WIDE£EK
3874;ZESTAW USZCZELEK
4135;USZCZELNIACZ
4643;ZESTAW SYNCHRONIZACJI 3/4
4642;ZESTAW SYNCHRONIZACJI 1/2
4634;KORPUS SYNCHRONIZATORA
7314;USZCZELNIACZ
4413;KAMIE— WIDE£EK
4424;KAMIE— åLIZGOWY WIDE£KI FI12
3397014077;PI”RA WYCIERACZEK TRANSIT
IZOPROPANOL 99%;IZOPROPANOL 99%
TLVO001R;LAMPA TY£
TLVO001L;LAMPA TY£
LPR1038;POMPA HAMULCOWA
185/60R14;OPONA
4472435376;PIASTA KO£A SETRA 315
LPR1039;POMPA HAMULCOWA
ZESTAW åRUBOKR T”W;ZESTAW åRUBOKR T”W
0061534528;CZUJNIK TEMPERATURY ADBLUE
6284605076;WYSPRZ GLIK
E1090L;FILTR POWIETRZA
2263;SILNIK WYCIERACZEK
E122HD187;FILTR OLEJU
E115H01D208;FILTR OLEJU
E340HD247;FILTR OLEJU
E439KP;FILTR PALIWA
E998LI;FILTR KABINY
22265;SWORZE— WAHACZA
H337WK;FILTR PALIWA
H90W17;FILTR PALIWA
K1311;FILTR KABINY
AE4609K;ZAW”R CZTEROOBWODOWY 5XM22 VOSS KNORR
572320;PI”RA WYCIERACZEK
6504047515311Q;B£OTNIK PRZEDNI
0204114630;SZCZ KI HAMULCOWE + CYLINDERKI KPL
T7FC060;£OØYSKO
710949C/10;£OØYSKO
E447KP;FILTR PALIWA
WP141;PRZEW”D HAMULCOWY MIEDZIANY 0,6M
AF26124;FILTR POWIETRZA SOLARIS NOWY
95533737;WA£EK WIDE£EK ZMIANY BIEG”W
88763320160;OBUDOWA ZAWORU POWIETRZA OTWIERANIA DRZWI
4801030610;MODULATOR ABS SOLARIS UØYWANY
GDB3479;KLOCKI HAMULCOWE
GDB4175;KLOCKI HAMULCOWE
428610;USZCZELKA MISKI OLEJOWEJ
375740;USZCZELKA POKRYWY BLOKU SILNIKA
6601019514802;NADKOLE PLASTIKOWE PRZEDNIE PRAWE
6601019514801;OS£ONA B£OTNIKA PRZEDNIA LEWA
57190;OS£ONA B BNA HAMULCOWEGO
5002030010P;MIECH ZAWIESZENIA
81255056255;W£•CZNIK åWIATE£ 2-STOPNIOWY
214907;ELEMENT PEDA£U
2799000436;PRZED£UØACZ 2M 230V 4GNIAZDA
0801002480;AMORTYZATOR 50X85 FI 16/16
110101876;LAMPA TYLNA KIERUNKOWSKAZU CONECTO
11010274;LAMPA TYLNA STOP/POZYCJA CONECTO
0261230191;CZUJNIK CIåNIENIA
E433KPD257;FILTR PALIWA
1640Z1;ZAMEK OBROTOWY PROSTOK•TNY Z MIKROPRZE£•CZNIKAMI
6329510421;OS£ONA FOTELA LEWA
114960;Z£•CZE RURU WYDECHOWEJ 60/65,5 MM X95
974860;OBEJMA T£UMIKA
445120007;WYMIANA POMPY WTRYSKOWEJ CR 445120007
214908;ELEMENT PEDA£U
9735000280;ZAW”R SZYBKIEGO ODPOWIETRZANIA
BK3117683;LUSTERKO ZEWN TRZNE FORD LEWE
DF7369;TARCZA HAMULCOWA TY£
GDB3294;KLOCKI HAMULCOWE TY£
802186;£OZYSKO AMORTYZATORA
MOB006;OLEJ SILNIKOWY MOBIL SUPER 1000 15W40 5L
RH3489;SPR ØYNA ZAWIESZENIA PRZ”D
4PZS620;OGNIWO BATERII L=95MM
TRANSPORT OGNIW BATERII;TRANSPORT OGNIW BATERII
FT140;LAMPA WYS. KR”TKA PROSTA LED L/P
30157;FILTR SKRZYNI BIEG”W
155/65R13;OPONA 155/65R13
6299502255;OS£ONA BOCZNA FOTELA LEWA
6299502355;OS£ONA BOCZNA FOTELA PRAWA RZ•D ZA KIEROWCA
6299500073;åRUBA SIEDZISKA FOTELA (DO CHOINKI)
63126937223;PRZETWORNICA NAPI CIA 24V 3400W
MERLSWT009;W£ACZNIK åWIATE£
0141351410;ZESTAW DO WYMIANY OLEJU W SKRZYNI BIEG”W
åRUBA M30X150X3,5;åRUBA M30X150X3,5
åRUBA M20X60X2,5;åRUBA M20X60X2,5
E361L01;FILTR POWIETRZA
574385;PI”RA WYCIERACZEK
574464;PI”RA WYCIERACZEK
MANMR020;LUSTERKO ZEWN TRZNE PRZEDNIE
81624100146;NAROØNIK KABINY - S£UPEK PRAWY
81624100090;NAROØNIK KABINY-OWIEWKA PRAWA
BP7HS;åWIECA ISKROWA
OLEJ CASTROL VECTON 10W40 5L;OLEJ CASTROL VECTON 10W40 5L
090182;LINKA HAMULCA
0050963899;TURBOSPR ØARKA MERCEDES
THS20436;USZCZELKI TURBINY KPL MERCEDES
U24FSRU;åWIECA ZAP£ONOWA
0XLM00860;BEZBIERCZNIK BOOSTERA 500A
OBEJMA WYDECHU FI100-140;OBEJMA WYDECHU FI100-140
SMAR SILIKONOWY 400ML WD40;SMAR SILIKONOWY 400ML WD40
021000010;SILNIK DMUCHAWY MAN AURORA
WK0514;DRUT DO WYCINANIA SZYB
SHINE TRUCK;P£YN DO MYCIA AUTOBUS”W SHINE TRUCK 5L
AM38009;BATERIA CR2032
E2998LC;FILTR KABINY
Y107V;åWIECA ØAROWA
OLEJ SHELL RIMULA R6LM ACEA E6 10W40;OLEJ SHELL RIMULA R6LM ACEA E6 10W40
4800020030;"ZAW”R HAMULCA ""PEDA£ KPL"" UØYWANY"
0433271502;KO—C”WKA WTRYSKIWACZA
TH920088J;TERMOSTAT
S30058;KO—C”WKA WTRYSKIWACZA
1305070108;LAMPA ROBOCZA LED 100X100 7000Lm
1305070037;LAMPA ROBOCZA OWALNA LED FI174 3000Lm
0052035575;TERMOSTAT83C MAN SILNIK DAF
4728800650 UØ;ZAW”R EKAS MAN UØYWANY
4123529222;G£OWICA SPR ØARKI
0501207847;CZUJNIK CIåNIENIA SKRZYNI - ZA£•CZANIA BIEGU
0601415;SMAR DO CYLINDERK”W
0092S50080;AKUMULATOR 77AH 780A
11.00-20;D TKA
10.00/11.00-20;FARTUCH OCHRONNY
UCHWYT DRZWI;UCHWYT DRZWI
SZYBKOZLACZE TEK FI12 M16;SZYBKOZ£•CZE TEKALANU FI12 M16 SETRA
SZYBKOZLACZE TEK FI10 M16;SZYBKOZ£•CZE TEKALANU FI10
8PK1503;PASEK WIELOROWKOWY
333308;PRZE£ACZNIKåWIATE£ ZESPOLONY MAN
OLEJ MOTORKRAFT 5W40;OLEJ MOTORKRAFT 5W40
6PK1900;PASEK WIELOROWKOWY
MMTRAW007;RAMI  WYCIERACZKI
ME6330;NAGRZEWNICA MERCEDES 405,407
1207012;OPONA 120/70-12
0001123036;ROZRUSZNIK
5352562531;SITKO NA IG£Y DO ODBIJAKA RDZY
AR371/2;FILTR POWIETRZA
34359;£•CZNIK STABILIZATORA
MGS01072F;WK£ADKI NAPRAWCZE DO GWINT”W
MGS01074C;ZESTAW DO NAPRAWY GWINT”W M10X1,5
MOT108214;OLEJ SILNIKOWY MOTUL 8100 ECO-LITE 5W30 5L
PP993;FILTR PALIWA
11107587;DØWIGNIA ROZDZIELACZA
2388947;LINKA HAMULCA R CZNEGO
2388939;LINKA HAMULCA R CZNEGO
4249871243;OS£ONA GUMOWA PRZEDNIA
KOLANKO GUMOWE FI38;KOLANKO GUMOWE FI38
127X150X13;USZCZELNIACZ WA£U KORBOWEGO
RH153023;TULEJA WAHACZA TY£ D”£
SZYBA CZO£OWA SETRA 315;SZYBA CZO£OWA SETRA 315
MONTAØ SZYBY;MONTAØ SZYBY
ZAPACH VENTO;ZAPACH VENTO
AE4609W;ZAW”R CZTEROOBWODOWY MAN WABCO
12V 10W DIODOWA;ØAR”WKA 12V 10W DIODOWA
406445;Z£•CZKA CENTRALNEGO SMAROWANIA
FILTR PALIWA K•TOWY;FILTR PALIWA K•TOWY
1924048;ZBIORNIK SPRYSKIWACZY
120379;SILENTBLOCK BELKI TY£
PS820;FILTR PALIWA
5402041121622P;LUSTERKO ZEWN TRZNE
ZBIORNICZEK P£YNU HAMULCOWEGO;ZBIORNICZEK P£YNU HAMULCOWEGO
1090987;ZESTAW MONTAØOWY KLOCK”W
13046044012;KLOCKI HAMULCOWE PRZ”D
6PK2055;PASEK WIELOROWKOWY
E850L;FILTR POWIETRZA
0303175305;CZUJNIK POZIOMU P£YNU CH£ODZACEGO SOLARIS 3 PINY
åRUBA M18X1,5X55;åRUBA MOCOWANIA SIERØANTA M18X1,5X55
CS1286;ROZRUSZNIK REGENEROWANY
997698;SPR ØYNA ZAWIESZENIA PRZ”D
KOL1818N;KOLANKO METALOWE M10
5402041121636P;LUSTRO ZEWN TRZNE LEWE
24813405601;PRZEW”D HAMULCOWY STALOWY 6MM 5M
DSL150A42;KO—C”WKA WTRYSKIWACZA
PRZEW”D MIEDZIANY LPG 6MM/6,25M;PRZEW”D MIEDZIANY LPG 6MM/6,25M
MA7992;OBUDOWA LUSTERKA MAN
AKUMULATOR ØELOWY 225 UØYWANY;AKUMULATOR ØELOWY 225 UØYWANY
åRUBA M18X1,5X60;åRUBA M18X1,5X60
NAKR TKA M16X1,5 SAMOKONTRUJ•CA;NAKR TKA M16X1,5 SAMOKONTRUJ•CA
6448100816;LUSTRO LEWE SETRA
0596561323100;KLAPA BOCZNA LEWA 1192X860
80131850000;KLAMKA KLAPY BOCZNEJ
0007570474;USZCZELKA KLAPY BOCZNEJ
0018114633K;WK£AD LUSTERKA PODGRZEWANY
2012601939;ZESTAW NAPRAWCZY DèWIGNI ZMIANY BIEG”W
1987948166;ZESTAW ROZRZ•DU
996548;SPR ØYNA ZAWIESZENIA TY£
01472;PIERåCIE— CENTRUJ•CY SZPILKI KO£A
6299751055;NAK£ADKA UCHWYTU Ø”£TA PRAWA
6299750655;NAK£ADKA UCHWYTU Ø”£TA LEWA
0001404139;WTRYSKIWACZ ADBLUE MODU£
LRS01565;ROZRUSZNIK
9060101264;PRZEW”D WLEWU OLEJU
81736030044;MASKOWNICA PRZYCISKU Ø”£TA
81264830027;RURKA SPRYSKIWACZY MAN D£UGA 23CM
6014210092;ZESTAW MONTAØOWY SZCZ K HAMULCOWYCH
CT1028WP4;ZESTAW ROZRZ•DU
ATF T-WS LIFETIME 4L;ATF T-WS LIFETIME 4L
APV2973;NAPINACZ PASKA
240140;ZAW”R ODPOWIETRZAJ•CY RETARDERA
TC3299;£•CZNIK STABILIZATORA TY£
H4 GIGALIGHT KPL;ØAR”WKA H4 GIGALIGHT KPL
ATF T-WS LIFETIME 1L;ATF T-WS LIFETIME 1L
PRZEW”D G”RNY CH£ODNICY;PRZEW”D G”RNY CH£ODNICY
819002700;USZCZELNIACZ WA£U
LCC3211;RAMI  WYCIERACZKI
55519;ZESTAW NAPRAWCZY WIDE£EK SPRZ G£A MAN
0008603347;KO—C”WKA SPRYSKIWACZA
VKMC05193;ZESTAW ROZRZ•DU
BWC100;CYLINDEREK HAMULCOWY
MOT105783;OLEJ PRZEK£ADNIOWY
PE973/4;FILTR PALIWA
KTT400003;ELEMENT PRZEWODU KLIMATYZACJI
360081034004C;CZUJNIK CIåNIENIA OLEJU MAN / SETRA DWIE åRUBY
12975;KO—C”WKA DR•ØKA
13046027922;KLOCKI HAMULCOWE PRZ”D
E124H02;FILTR OLEJU
3819001;£•CZNIK STABILIZATORA
553190;USZCZELNIACZ TRZONKA ZAWORU
KTT400001;ELEMENT PRZEWODU KLIMATYZACJI
42530366Z;OS£ONA TARCZY
1502030403;MECHANIZM PODNOSZENIA SZYBY AXOR
1507140116;ZACZEP POKRYWY AKUMULATORA
6504041303313P;B£OTNIK PRZEDNI
13046057162;KLOCKI HAMULCOWE PRZEDNIE
13046058432;KLOCKI HAMULCOWE TY£
24010901571;TARCZA HAMULCOWA
24012402471;TARCZA HAMULCOWA
D41766C;ZESTAW NAPRAWCZY ZACISKU
DF1599;TARCZA HAMULCOWA
CR2032;BATERIA
4123520260;KOMPRESOR SPR ØONEGO POWIETRZA SETRA/INTEGRO
C40790;SPINKA TAPICERSKA (10SZT)
KTT400007;ELEMENT PRZEWODU KLIMATYZACJI
åRUBA M18X1,5X85;åRUBA M18X1,5X85
KOKDN10;"KO—C”WKA K•TOWA KLIMATYZACJI 12/32"""
KOPDN10;"KO—C”WKA PROSTA KLIMATYZACJI 13/32"""
GA£KA ZMIANY BIEG”W MERCEDES;GA£KA ZMIANY BIEG”W MERCEDES
037018;USZCZELKA SZYBY 3/5 Z KLINEM
TA2355;DR•ØEK KIEROWNICZY
TA2042;KO—C”WKA DR•ØKA
6285012682;PRZEW”D CH£ODNICY SKRZYNI
627387J;TERMOSTAT
MB1901;£OZYSKO AMORTYZATORA
1472402;£•CZNIK STABILIZATORA
18300;PODPORA WA£U
C9080;PIERåCIENIE SEGERA ZEW. KPL
8PK1213;PASEK WIELOKLINOWY
1602030311;SILNIK DMUCHAWY AXOR
KTT400005;ELEMENT PRZEWODU KLIMATYZACJI
FAE24762;W£•CZNIK åWIATE£ HAMULCA
FAE24420;W£•CZNIK åWIATE£ HAMULCA
KTT400006;ELEMENT PRZEWODU KLIMATYZACJI
14761000;PISTOLEJ DO NALEWANIA AD BLUE
4409292;ODB”J RESORU FORD TRANSIT
15X25,4X5/7;USZCZELNIACZ WA£U KORBOWEGO
713553900;USZCZELKA KOLEKTORA SS•CEGO
440625050;"PRZED£UØKA K•TOWA 1/2"" 250MM"
YT82828;SZLIFIERKA K•TOWA AKUMULATOROWA 18V + 2 AKUMULATORY
170287;P”£Oå NAP DOWA L-1000 Z BLOKAD•
9463560226;NAKR TKA PIASTY M100X1,5
9463560073;PODK£ADKA ZABEZBIECZAJ•CA PIASTY FI101
9463560201;PIASTA SETRA
24V KIERUNKOWSKAZ;ØAR”WKA 24V KIERUNKOWSKAZ
333755;AMORTYZATOR PRZEDNI P
333756;AMORTYZATOR PRZEDNI L
18548;TULEJA WAHACZA TY£
9438200161;REFLEKTOR PRZEDNI ACTROS
1127014011;SZCZOTKI 5X8X15
265057;LAMPA TYLNA ACTROS 3 GNIAZDA P
LAMPA TYLNA ACTROS 3 GNIAZDA L;LAMPA TYLNA ACTROS 3 GNIAZDA L
538022810;POMPA WODY
3397118933;PI”RA WYCIERACZEK
AKUMULATOR 80AH 740A;AKUMULATOR 80AH 740A
574199;PI”RO WYCIERACZKI 300MM
574298;PI”RO WYCIERACZKI 280MM
574641;PI”RA WYCIERACZEK
577876;PI”RA WYCIERACZEK
41041;£•CZNIK STABILIZATORA
JHZ5062;AMORTYZATOR 48X78 FI20/20
72030;POMPKA PALIWA
GDB1469;KLOCKI HAMULCOWE
K1138;FILTR KABINOWY
TLMEO11R;LAMPA TYLNA INTEGRO P
38052;PODUSZKA STABILIZATORA PRZ”D G”RA
38051;PODUSZKA STABILIZATORA PRZ”D D”£
R18612;£OØYSKO Z PIAST•
806649/10;£OØYSKO
49533;SPRZ G£O WENTYLATORA WISKO
70X92X12;USZCZELNIACZ
713667560;£OØYSKO KO£A
GDB3186;KLOCKI HAMULCOWE PRZ”D
K1060A;FILTR KABINOWY
PA0380;POMPA WODY SW400
PL601218;USZCZELKA POMPY WODY SW400
PL601219;USZCZELKA POMPY WODY SW400 PROSTOK•TNA
PLA2190;PIERåCIEN POMPY WODY SW400
PL601264;USZCZELKA KOLEKTORA WYDECHOWEGO SW400
PLA0554/1;PRZEW”D WTRYSKOWY III SW400
PLA0555/1;PRZEW”D WTRYSKOWY IV SW400
PLA0556/1;PRZEW”D WTRYSKOWY V SW400
PLA0557/1;PRZEW”D WTRYSKOWY VI SW400
PLA0552/1;PRZEW”D WTRYSKOWY I SW400
PLA0553/1;PRZEW”D WTRYSKOWY II SW400
49311000;TURBOSPR ØARKA B3A SW400
DCG168TT;PRZEW”D INTERCOOLERA
461349;PRZE£•CZNIK OTWIERANIA SZYBY KIEROWCY
380113;LINKA HAMULCA R CZNEGO
RH5537;SPR ØYNA ZAWIESZENIA TY£
åRUBA M20X1,5X110;åRUBA M20X1,5X110
TESTER OBCI•ØENIOWY AKUMULATORA;TESTER OBCI•ØENIOWY AKUMULATORA
6504033501683P;NAROØNIK TY£ MERCEDES G
3341301;TULEJA WAHACZA
MOT104038;OLEJ SILNIKOWY 2T MOTUL 1L
713420600;USZCZELKA KOLEKTORA
VKBA3567;£OØYSKO KO£A
645483J;TERMOSTAT
37463;POMPA SPRZ G£A
150323009;LAMPA OåWIETLENIA REJESTRACJI
3341201;TULEJA WAHACZA
H1Y035BTA;ZESTAW £OØYSK KO£A Z PIAST•
18434;KO—C”WKA DR•ØKA
TTALJ511314400001;KO£EK MINICOMBI B10
PTR5A-13;åWIECA ZAP£ONOWA
32015;£OØYSKO 32015
DF400A-04;"FILTR 1/2"" 12BAR"
33017;£OØYSKO 33017
MB2573;PRZEGUB MET-GUM 38703AC
SLB003;PRZEGUB MET-GUM 3648
SLB028;ZESTAW NAPRAWCZY SWORZNIA
SLB026;SWORZE— WAHACZA G”RNY
SLB009;PRZEGUB MET-GUM SOLBUS
SLB022;PRZEGUBMETAL-GUM 55X90X15
SLB031;GUMA STABILIZATORA
SLB029;ZESTAW NAPRAWCZY SWORZNIA DOLNEGO
SLB027;SWORZE— KULOWY DOLNY
51471017055;POMPA WSPOMAGANIA MAN
SEG67W;PIERåCIE— ZABEZPIECZAJ•CY
3397007296;PI”RA WYCIERACZEK
943212451010;ROZRUSZNIK FORD
TP6/1;PR•DNICZKA STAR 2 WEJåCIA
280/2;MIECH ZAWIESZENIA SOLBUS
LAM1880-70;B£OTNIK PRZ”D PRAWY ATEGO
3397118610;PI”RA WYCIERACZEK 400 MM
4931453519;STOJAN WKR TARKI MILWAUKE 14V
200216054;WIRNIK WKR TARKI MILWAUKEE 14V
S0123;ROZRUSZNIK TRANSIT
4603330314;TULEJA ZAWIESZENIA PRZ”D
4603520465;TULEJA ZAWIESZENIA PRZ”D
134015000;LAMPA OåWIETLENIA TABLICY MERCEDES INTEGRO/SETRA LED
CO01019478B;USZCZELNIACZ MOSTU
STR1203569;TULEJA AMORTYZATORA
WP043;PRZEW”D HAMULCOWY
ME60140N;NAK£ADKA ZACISKU D3
SLB0042;SWORZE— TULEJKI WAHACZA
R880A;PIERåCIE— ZABEZPIECZAJ•CY
R555;PIERåCIE— ZABEZPIECZAJ•CY
R898;PIERåCIE— ZABEZPIECZAJ•CY 85W
3397007096;PI”RA WYCIERACZEK KPL.
MOT102889;OLEJ MOTUL ECO-CLEAN 0W30 5L
2204000517;DYWANIK KABINY ACTROS LEWY
000723180192;PI”RO WYCIERACZKI
L5318K2;POLERKA OBROTOWO-ROTACYJNA
ELF070 5L;OLEJ ELF 10W40 5L
RE0662600;REFLEKTOR
4105000000;CH£ODNICA OLEJU WENTYLATORA CITARO
5DA358000421;CEWKA ZAP£ONOWA
2204000819;DYWANIK POD£OGOWY GUMOWY ATEGO LEWY
0486000134;CZUJNIK ABS 0,4M K•TOWY
2000010200108;SZYBA FORD TYLNA PRAWA Z OTWOREM
24V/21W;ØAR”WKA 24V/21W
75771;ZBIORNIK WYR”WNAWCZY
4570104872;MIARKA POZIOMU OLEJU MERCEDES OM457 KR”TKA
1305011257;LAMPA OBRYSOWA £AMANA LED
1001021227;åRUBA M16X60/1,5 ZACISKU
2204000868;CHLAPACZ PRZ”D NAPIS BIA£Y
1001040243;åRUBA M16X60/1,5 ZACISKU Z ZATOCZENIEM
000000005464;NAKR TKA M24x2
000000005494;åRUBA M24X2X90
19274;£OØYSKO AMORTYZATORA TY£
BADANIE TECHNICZNE;BADANIE TECHNICZNE
OP£ATA EWIDENCYJNA;OP£ATA EWIDENCYJNA
05P833;KLOCKI HAMULCOWE
AP152/6;FILTR POWIETRZA
E1359L;FILTR POWIETRZA
F026407213;FILTR OLEJU
K1343A;FILTR KABINY
6950MER00;PODUSZKA SILNIKA MERCEDES (STOØEK 3 åR.)
ARANI14340KL00000;åCIERNICA KULISTA
0332209151;PRZEKAèNIK 12V
1004980061;PRZEGUB NAP DOWY
24V 21W POMARA;ØAR”WKA 24V 21W POMARA—CZOWA
SYNPOWER FORK 1L;OLEJ SYNPOWER FORK 1L
1235056;ELEMENT REFLEKTORA
0658160;MIERNIK POZIOMU OLEJU
606000RE2508;PODNOåNIK SZYBY
C1567;FILTR POWIETRZA
04704900;PIERåCIE— FELGI KO£A 22X25X18MM
07636;PIERåCIE— FELGI KO£A 6MM
0242229687;åWIECA ZAP£ONOWA
218334;P”£Oå NAP DOWA LEWA FORD TRANSIT 2014<
21999;SWORZE— WAHACZA FORD
2220807;KO—C”WKA SPRYSKIWACZY
245058;CEWKA ZAP£ONOWA
SCS206300;PIANKA SONAX
VKBA7030;£OØYSKO KO£A TRANSIT
W930/13;FILTR OLEJU
103761;CZUJNIK ABS
STR90359;STABILIZATOR TY£ INTEGRO
9435450324;PRZE£•CZNIK KLAWISZOWY ACTROS
103069;ZAW”R E CAS
0392020024;POMPA OBIEGOWA 12V
14444;SWORZE— WAHACZA
22794;TULEJKA STABILIZATORA
TSP0159944;KOMPRESOR KLIMATYZACJI SPRINTER
VKJC8463;P”£Oå NAP DOWA PRAWA TRANSIT 14<
JRK0031;TULEJA DR•ØKA REAKCYJNEGO
39235090;KOREK ZBIORNIKA WYR”WNAWCZEGO FORD TRANSIT
6122720345;Z BATKA PRZEK£ADNI REDUKTORA SPRINTER
81303010013;SPRZ G£O KPL. MAN
T1168;AMORTYZATOR TY£ VOLVO
81274210097;CZUJNIK CIåNIENIA POWIETRZA MAN BAJONET M12
AUTOBUS MB O530 CITARO VIN WEB6280501310;AUTOBUS MB O530 CITARO VIN WEB62805013105382 ROK.2004
OLEJ MIXOL ORLEN 5L;OLEJ MIXOL K2 5L
K005485;ZAW”R HAMULCA G£.
999999026K;KAUCJA ZA ZAW”R
HARDTOP COMP;HARDTOP COMP
KLOCKI KAMULCOWE;KLOCKI KAMULCOWE
993529;SPR ØYNA ZAWIESZENIA
LP3372;KLOCKI HAMULCOWE
1304304664;PIERåCIE— SKRZYNI BIEG”W
1311304255;PIERåCIE— SKRZYNI BIEG”W
1304302425;PIERåCIE— SKRZYNI BIEG”W
LTD3B1837461;MECHANIZM PODNOSZENIA SZYBY
333769;AMORTYZATOR PRZ”D
RA3414;SPR ØYNA ZAWIESZENIA
TEX3905031;PRZEWODY TESTOWANIA
TEXS04929;PRZEWODY TESTOWANIA
TEXP1291B;OPROGRAMOWANIE TEXA
TEXP12920;OPROGRAMOWANIE TEXA
304951;KOREK ZBIORNIKA
18477;åRUBA G£OWICY SOLARIS DAF
18476;åRUBA G£OWICY SOLARIS DAF
DB4360;B BEN HAMULCOWY
32366;FILTR KABINY
GS8719;SZCZ KI HAMULCOWE
ROLKA Z BR•ZU;ROLKA Z BR•ZU
HU612/2X;FILTR OLEJU
3256923110030;NAROØNIK ZDERZAKA TY£ PRAWY SETRA S315
FE19495;PODUSZKA AMORTYZATORA
1Z0949102C;LAMPA KIERUNKOWSKAZU
73X95X10;USZCZELNIACZ 73X95X10
100 DMUCH;PRZEW”D POWIETRZA
09382510;TARCZA HAMULCOWA
81269050010;OPORNIK DMUCHAWY AURORA
04234ALU;RURA WYDECHU åRODKOWA
1202020120;STACYJKA ZAP£ONU UNIWERSALNA
0302990053;GUMA POD OPASK  ZBIORNIKA PALIWA 65MM
139233914002;£•CZNIK STABILIZATORA SETRA TY£
254375;OPASKA UK£ADU WYDECHOWEGO
6673560215;PIERåCIE— åLIZGOWY USZCZELNIACZA PIASTY SPRINTER
56160;ZESTAW NAPRAWCZY ZWROTNICY SOLARIS Q-50 Z MOSI ØN• PODK£ADK•
F214101;£OØYSKO WALCOWE PE£NE KOLUMNY KIEROWNICZEJ
BS6890C;TARCZA HAMULCOWA
D41181C;ZESTAW NAPRAWCZY ZACISKU
GDB557;KLOCKI HAMULCOWE
GDB585;KLOCKI HAMULCOWE
PN10124;ZAW”R ODWADNIACZA
KAMERA COFANIA 170∞;KAMERA COFANIA 170∞
"MONITOR LCD 7""";"MONITOR LCD 7"" EKRAN"
ROLKA;ROLKA Z TWORZYWA
160022;DR•ØEK KIEROWNICZY MERCEDES ACTROS
0018202344;RAMI  WYCIERACZKI O350 CONECTO
FRE243926;ZESTAW NAPRAWCZY ZACISKU
160025;DR•ØEK KIEROWNICZY ACTROS
QB010710;ODPOWIETRZNIK
BWD351;CYLINDEREK HAMULCOWY
106894;LINKA HAMULCOWA
1050747;ZESTAW SPR ØYN 200SZT
GS8780;SZCZ KI HAMULCOWE
0986477283;B BEN HAMULCOWY
PML398;POMPA HAMULCOWA
8PK1371;PASEK WIELOKLINOWY
6PK1318;PASEK WIELOKLINOWY
445360;USZCZELKA CH£ODNICY
717460;USZCZELKA CH£ODNICY
6212 C3;£OØYSKO 6212 C3
6684210512;TARCZA HAMULCOWA
0070341;WYCISKACZ DO MAS
26587;NAKR TKA KO£A
5W30 5L GM;OLEJ 5W30 5L GM
722684180;PRZEP£YWOMIERZ POWIETRZA
YT2544;åCI•GACZ DO SPR ØYN
D3995A;REPERATURKA ZACISKU
GS8723;SZCZ KI HAMULCOWE
02248;ROLKA PASKA
02249;ROLKA DB
07517;TARCZA HAMULCOWA
1140055;ZESTAW NAPRAWCZY ZACISKU
26070;NAPINACZ PASKA
YT82787;WIERTARKO WKR TARKA 18V MILWAUKEE CBLPD-502C
B146;£OØYSKO WAHACZA
100107;LINKA HAMULCOWA
470185920;B BEN HAMULCOWY
GDB5050;KLOCKI HAMULCOWE
OX171/2D;FILTR OLEJU
42881947-002;KATALIZATOR SOLARIS URBINO MAN D 2866 LUH SCRT18 / 94720041
225/50R16;OPONA TRIANGLE ADVANTED 102V M+S
03013705072;SZCZ KI HAMULCOWE
DF4270;TARCZA HAMULCOWA
DF6674;TARCZA HAMULCOWA
GCH2659;LINKA HAMULCOWA
GDB2108;KLOCKI HAMULCOWE
313571;AMORTYZATOR TY£
D3970A;ZESTAW MONT. SZCZ K
CAC3067GEN;PODUSZKA ZAWIESZENIA
YT82451;LUTOWNICA
1606015;OPONA TY£ OSMI 67H
4706/000/06;PRZEW”D SPRYSKIWACZA 4X1
22129A24;ZAW”R STERUJ•CY DRZWI BODE MASATS
0018102116;LUSTRO LEWE MERCEDES CITARO
LTD1J0827566;KLAMKA KLAPY TY£
7701065703;ZBIORNIK WYR”WNAWCZY
218335;P”£Oå NAP DOWA TRANSIT
2289000041;SPRZ G£O KPL.
600000600;SPRZ G£O KPL.
1207000123;Z£•CZE ELEKTRYCZNE TERMOKURCZLIWE
0007608378Z;ZESTAW NAPRAWCZY ZAWORU OTWIERANIA DRZWI SETRA
3114600007;TULEJA WA£KA SPRZ G£A
3151000388;£OØYSKO SPRZ G£A
3397118927;PI”RA WYCIERACZEK 530MM+475MM
AKUMULATOR 225 UØYWANY;AKUMULATOR 225AH UØYWANY
AKUMULATOR 180AH UØYWANY;AKUMULATOR 180AH UØYWANY
1822319;MIARKA POZIOMU OLEJU FORD TRANSIT N/TYP
72203;RAMI  ROZPIERACZA NEOPLAN PRAWE
14550;CH£ODNICA OLEJU
18776;USZCZELKA CH£ODNICY OLEJU
530000310;ROZRZ•D KPL.
613122540;USZCZELKA G£OWICY
0028350106;OPORNIK NAGRZEWNICY POD AUTOMATEM BILETOWYM
30311001002;ZESTAW NAPRAWCZY ZAWORU
ARAZATRVC8S000000;KAPTUREK ZAWORU PLASTIKOWY 100SZT
FDB822;KLOCKI HAMULCOWE
07240;SZCZ KI HAMULCOWE
28SKV095;CZUJNIK PARKOWANIA
9737200346;MECHANIZM PODNOSZENIA SZYBY
70753;RAMI  ROZPIERACZA MERCEDES PRZ”D LEWE
70754;RAMI  ROZPIERACZA MERCEDES PRZ”D PRAWE
K2K222;PREPARAT DO KLIMATYZACJI - ODåWIERZACZ
MOT106377;OLEJ SILNIKOWY MOTUL 5W30 8100 X-CLEAN 5L 504.00 507.00
11138;WAHACZ ZAWIESZENIA
15869;PODUSZKA SILNIKA
17442;PODUSZKA SILNIKA
11137;WAHACZ LEWY PRZ”D
13088;ZESTAW OS£ON AMORTYZATORA
MOT109471;OLEJ MOTUL 5W30 5L X-CLEAN
622053;CZUJNIK COFANIA
0901181;CZUJNIK COFANIA
K1110;FILTR KABINY
2430105035;PODK£ADKA MIEDZIANA WTRYSKU DAF
8500025;ZESTAW USZCZELEK G£OWICY SOLARIS DAF
C27130;FILTR POWIETRZA SOLARIS
535020410;KO£O ALTERNATORA
HFA4921;FILTR POWIETRZA
01286;POMPA WODY
927012/2;SWORZE— WAHACZA DOLNY SETRA FI.50
927012/4;SWORZE— WAHACZA G”RNY MIMOåRODOWY SETRA
MCVR0401S;REJESTRATOR MCVR
ROUTER WIFI;ROUTER TP-LINK TL-MR
1810260;W£•CZNIK åWIATE£ STOP
927012/5;NAKR TKA SWORZNIA WAHACZA G”RNEGO/DOLNEGO SETRA
WA22030R;ZESTAW NAPRAWCZY MODULATORA EBS 480104,,,
AM4612;ZAW”R CZTEROOBWODOWY KNORR
5W40 LL C3 JASOL 4L;OLEJ 5W40 LL C3 JASOL 4L
1367856;USZCZELKA WTRYSKIWACZA DAF/SOLARIS
107220;£•CZNIK WYDECHU
713611000;ZESTAW £OØYSK KO£A
MGS01294A;ZESTAW DO WYMIANY P£YNU HAMULCOWEGO
5213057;CZUJNIK TEMPERATURYZEWN TRZNEJ TRANSIT 14<
6718200041;MECHANIZM WYCIERACZEK MERCEDES
MW64/1;FILTR OLEJU
6PK995;PASEK WIELOKLINOWY
LY1180;ZESTAW MONTAØOWY SZCZ K
MCB611;KLOCKI HAMULCOWE
1403000922;ZESTAW NAPRAWCZY SPR ØARKI
1403000130;G£OWICA SPR ØARKI Q-100
1403000815;ZESTAW USZCZELEK SPR ØARKI
14131/14276;£OØYSKO 14131/14276
600024600;SPRZ G£O KPL.
MC03691;CI GNO ZMIANY BIEG”W
YT0677;SZCZYPCE Z LINK•
3397004802;PI”RO WYCIERACZKI
3397118993;PI”RA WYCIERACZKI
109928;PRZE£•CZNIK åWIATE£
173670;ZESTAW £OØYSK
E185H D252;FILTR OLEJU
1607233291;REGULATOR GWS14
1008300003;PRZEKAèNIK POMPY
CMR6H;åWIECA ZAP£ONOWA
9730110010W;ZAW”R PRZEKAèNIKOWY Z£•CZA VOSS
AF55308;FILTR POWIETRZA SOLARIS DODATKOWY
19698;PRZE£•CZNIK POD KIEROWNIC  INTEGRO/CONECTO
DRG1200;WENTYLATOR NAGRZEWNICY AURORA
1001040596;ZESTAW NAPRAWCZY ZACISKU
683588J;TERMOSTAT
LB058W;ØAR”WKI LED
LB075W;ØAR”WKI LED
SE60/63X76;PRZEW”D SILIKONOWY
KR21306;AMORTYZATOR ATRAPY
SE76/63X76;PRZEW”D SILIKONOWY
03504;REPERATURKA POMPY WODY 16MM
0970;POMPA HYDRAULICZNA R CZNA DWUSTRONNA 25CM3 Z R•CZK•
ER350;AKUMULATOR 80AH 800A
955325590;USZCZELNIACZ
F002D13640;ZAWOREK POMPY
0820352259;SWORZE— ZWROTNICY
082135850,;ZESTAW NAPRAWCZY ZWROTNICY
ENT250487;PODK£ADKA WTRYSKU
ME60061R;KLAMRA MERITOR
410032;ZESTAW NAPRAWCZY ZACISKU
L346SR;LAKIER DO ZACISK”W
1501020187;WK£AD LUSTRA ATEGO
1501020374;WK£AD LUSTRA
6281880280;USZCZELKA
EL588690;KOREK MISKI
CUK26009;FILTR KABINY
06L115562B;KOREK SPUSTU OLEJU
000050193010;PRZE£•CZNIK POD KIEROWNIC  MERCEDES
OLEJ VALVOLINE 5W40 4L;OLEJ VALVOLINE 5W40 4L
HU6020;FILTR OLEJU
P06025;KLOCKI HAMULCOWE
DF2767;TARCZA HAMULCOWA
62938218;KOREK OLEJU
6281880180;USZCZELKA CH£ODNICY
AP130/3;FILTR POWIETRZA
PS974;FILTR PALIWA
YT7367;OKULARY OCHRONNE
530016210;ZESTAW ROZRZ•DU
AP003/1;FILTR POWIETRZA
BUR6ET;åWIECA ZAP£ONOWA
9617231240;ZAW”R HAMULCA R CZNEGO
33X12,5R17;OPONA YOKOHAMA M/T G003 M+S
093266;CZIJNIK CIåNIENIA OLEJU
40TM06NRC3;£OØYSKO 40X100X25
4324320070;OSUSZACZ 2 KOMOROWY KPL.
VKDS846001;£•CZNIK STABILIZATORA
88X123X15;USZCZELNIACZ SILNIKA
112X147X15;USZCZELNIACZ SILNIKA TY£
6309;£OØYSKO 6309
32207;£OØYSKO 32207
KDX18X26X23;£OØYSKO LINIOWE
15908;PODUSZKA SILNIKA
26653;£•CZNIK STABILIZATORA
66106015;WOSK DO PODWOZIA
Mercedes-Benz S500 4-Matic GKA76866;Mercedes-Benz S500 4-Matic GKA76866, VIN WDB2200841A340093, rok produjkcji: 2002, Przebieg: 37413...
1301010032;RAMKA REFLEKTORA AXOR
0004012971;SZPILKA KO£A MERCEDES ACTROS P£ASKA
0486001078;CZUJNIK ABS 0,3M PROSTY
5402049221990;LUSTRO ZEWN TRZNE
601002065402;KLAMKA DRZWI
6504040061313;B£OTNIK PRZ”D
24453627;TULEJKA POKRYWY ROZRZ•DU
6GM004570221;PRZE£•CZNIK KLAWISZOWY
68868;NAKR TKA PIASTY 105MM NISKA
B043560401;PIASTA KO£A CONECTO NA B BNACH
STR1209132;PODK£ADKA PIASTY
ENT250498;ZESTAW USZCZELEK WTRYSKU
0804020426;TULEJA STABILIZATORA
WENTYLATOR 4ZR/PAG;WENTYLATOR 4ZR/PAG
4274900119;KOLANKO WYDECHU
TYP31/PD;PODSTAWA DOLNA Q100 TYL VARIO
104444;PODUSZKA SILNIKA
819016510;TULEJA STABILIZATORA
29698;£•CZNIK STABILIZATORA
38021;åRUBA KO£A
6298320056;PRZEW”D WODNY TR”JNIK SETRA
10807;TULEJKA STABILIZATORA
11385;TULEJKA STABILIZATORA
DID420D130;£A—CUCH
IP000169;WARIATOR
090205;SMAR
JTF112913;Z BATKA PRZ”D
1310304189;WA£EK G£”WNY SKRZYNI BIEG”W
17377;£•CZNIK STABILIZATORA
19812;KO—C”WKA DR•ØKA
19814;KO—C”WKA DR•ØKA
345260;Z£•CZE WYDECHU
KCBS0R;£OØYSKO WALU
3256913130020;RAMA KLAPY
0099873251;USZCZELKA GUMOWA
6278800170;ZDERZAK PRZ”D
6278800940;LOGO SETRA
3256914210030;ATRAPA PRZ”D SETRA 315
0005400163;HALOGEN SETRA 315
1310304186;KO£O 3 BIEGU
81255140049;CZUJNIK CIåNIENIA POWIETRZA MAN
148720;USZCZELKA GLOWICY
600027500;SPRZ G£O KPL.
712917900;USZCZELKA KOLEKTORA
717480;USZCZELKA POKRYWY ZAW.
720180;USZCZELKA KOL. WYDECHOWEGO
DP1310150470;USZCZELKA TURBINY
DRM0144;ZESTAW MONTAØOWY WTRYSKU
0445115028;WTRYSKIWACZ KPL.
2311800;FILTR OLEJU
530048230;ZESTAW ROZRZ•DU Z PASKIEM
41042;£•CZNIK STABILIZATORA
27887;PODK£ADKA SKRZYNI
22837;TULEJA STABILIZATORA
01639380;ZBIORNIK POWIETRZA CONECTO 4L
343350;AMORTYZATOR TY£
DF4464S;TARCZA HAMULCOWA
78044;STRZYKAWKA ODSYSARKA DO OLEJU 1,5L
09A62131;TARCZA HAMULCOWA
P50069;KLOCKI HAMULCOWE
4397;KO£O 2 BIEGU
KAUCJA ZA BECZK ;KAUCJA ZA BECZK 
1104143150;PRZEW”D HAMULCOWY SOLARIS LEWY Z MOC.K•TOWYM
YT82281;PILA SZABLASTA
51608;TULEJA STABILIZATORA
9,5R17,5 SAVA COMET PLUS;OPONA 9,5R17,5 SAVA COMET PLUS
6284709826;PRZEW”D PO£•CZENIOWY
1507080292;OBUDOWA STOPNIA
343484;AMORTYZATOR TY£
05434875;ODBLASK TY£ SPRINTER
0986594000;CZUJNIK ABS
29558328;FILTR OLEJU
29544297;ZAW”R
29546538;USZCZELKA
9068800203;WZMOCNIENIE CZO£OWE
13X1535;PASEK KLINOWY 13X1535
8PK1215;PASEK WIELOROWKOWY 8PK1215
RSGU1,20/15;OBEJMA MOCOWANIA PRZEWOD”W Z GUM•
112910;G£OWICA KOMPRESORA CITARO
2290601099;SPRZ G£O KPL.
Karnet 75-minutowy lub jednoprzejazdowy;Karnet 75-minutowy lub jednoprzejazdowy 2x2,50
Karnet 24-godzinny (2x9,00);Karnet 24-godzinny (2x9,00)
3397001909;PI”RA WYCIERACZEK
29558331;FILTR OLEJU ALLISON
08271002;ZAW”R SKRZYNI BIEG”W
1501030190;POKRYWA LUSTRA
GDB1956;KLOCKI HAMULCOWE
131161;LINKA DRZWI
SC1914;SI£OWNIK DRZWI
4637350765;LISTWA USZCZELNIAJ•CA
STOPIE— ZDERZAKA;9068850011
GUMA NA OPASK  ZBIORNIKA PALIWA 140MM;0302990013
05310900;LAMPA OSWIETLANIA TAB.
268025;FLITR OLEJU
916160/2;PIERåCIE— BIEØNIA PIASTY MERCEDES TOURIS 2006
TARCZA HAMULCA TY£;TARCZA HAMULCA TY£ 24012203021
DYWANIKI GUMOWE VOLKSWAGEN;DYWANIKI GUMOWE VOLKSWAGEN
CZUJNIK KLOCK”W HAMULCOWYCH;CZUJNIK KLOCK”W HAMULCOWYCH 19186
22842;PIERåCIE— åLIZGOWY USZCZELNIACZA PIASTY INTEGRO 119X145
1502010188;ZAMEK DRZWI ZEWN TRZNYCH
9452600757;ZAW”R SKRZYNI BIEG”W MB ACTROS
JASOL 15W40 5L;JASOL 15W40 5L
24012202011;TARCZA HAMULCA BD W211
05913;£OØYSKO KO£A
ELF 5W40 5L;ELF 5W40 5L
6133330104;WAHACZ G”RNY PRZ”D MERCEDES O404
1405000945;SI£OWNIK HAMULCA 27/24
000401590464;NAKR TKA ZAWODU
0009052102;CZUJNIK CIåNIENIA RDK
9062602609;MECHANIZM ZMIANY BIEG”W
280759;POKRYWA ZAWORU BMW
637637;MULTIEXCHANGER
YT17633;ZESTAW DO NAPRAWY GWINT”W M8X1,25
51541146065;G£OWICA SPR ØARKI MAN
85364110;PRZEKAèNIK ROZRUSZNIKA
FAE11070;CZUJNIK CIåNIENIA
TYC2011813152;REFLEKTOR PRAWY
6502073547991P;ATRAPA PRZEDNIA
5513009540962P;ELEMENTY ZDERZEAKA
79258;KOREK WLEWU OLEJU
CCZ1124ABE;CZUJNIK ABS
5510003547901Q;ZDERZAK PRZ”D
650207354721P;LISTWA PODREFLEKOR
0009971712;ZAW”R NAP DU DR
5510003547995P;KRATKA ZDERZAKA
5502003547940P;WZMOCNIENIE ZDERZAKA
6509013547920P;ELEMENTY ZDERZAKA
STSMP4E;ZESTAW ELEKTRYCZNY
HC0039;FILTR KABINY
HA0146;FILTR POWIETRZA
110102923;OS£ONA POD SILNIK TOURISMO/ INTEGRO
11010179;MASKOWNICA BOCZNA FOTELA LEWA
11010180;MASKOWNICA BOCZNA FOTELA PRAWA
3460912;G•BKA POLERSKA
KTT020022;ELEMENTY SPRZ G£A
ELF 15W40 20L;OLEJ ELF 15W40
2367644;USZCZELKA DRZWI LEWA DOLNA TRANSIT
35663;WAHACZ DB LEWY MERCEDES
10X2060;51968200421
OZWD150A82005K040;OPONA
KAFA15082500E1500;OCHRANIACZ E-15
KADC15082500V3028;D TKA 8.25-15
E566L;FILTR POWIETRZA SPR ØARKI VOLVO
KOLANKO UK£ADU WYDECHOWEGO FI 100 45;KOLANKO UK£ADU WYDECHOWEGO FI 100 45 STOPNI
KOLANKO UK£ADU WYDECHOWEGO FI 100 60;KOLANKO UK£ADU WYDECHOWEGO FI 100 60 STOPNI
6284600734;POMPA SPRZ G£A
PE816/9;FILTR PALIWA
PFK599;ZESTAW AKCESORI”W
1987949565;PASEK ROZRZ•DU RENAULT 1.5DCI
707078;NAGRZEWNICA FORD TRANSIT
SBH0016;MOCOWANIE, SZCZOTKI W GLOWE AS
SS0057;W£•CZNIK ELEKTROMAGNETYCZNY
03556;NAKR TKA KO£A
185/80R14;OPONA 185/80R14C UNIROYAL
OPONA 215/55R17;OPONA
007950024620;URZ•DZENIE DO CZYSZCZENIA KLIMATYZACJI
DCOB30;CHWYTKA OBROTOWA
5904484161101;"PRZEW”D KLIMATYZACJI 4M 1/4"""
1987947055;PASEK KLINOWY WIELOROWKOWY
SPRZ G£O KPL;SPRZ G£O KPL
000723180129;PI”RO WYCIERACZKI
250136020;TARCZA HAMULCOWA
1987949637;PASEK ROZRZ•DU BOSCH
0802013996;PI”RO II 100/1160X930 PRZ”D
40035;£•CZNIK DR•ØEK STABILIZATORA TY£ 200MM INTEGRO
1905024002;LUSTERKO PRAWE DZIELONE SOLARIS N/TYP
226075;ZESTAW NAPRAWCZY DR•ØKA REAKCYJNEGO 85X1
VKDCV09058;TULEJA 3-EJ OSI - CUKIEREK
4121008062;G£OWICA SPR ØARKI MAN 556
LINA STALOWA OCYNKOWANA 6MM SPLOT 6X19;LINA STALOWA OCYNKOWANA 6MM SPLOT 6X19 1000M
0802990193;ODB”J RESORU FL6 FH B10 B12
SAMOREGULATOR ZACISKU SL7/SM7/ST7;SAMOREGULATOR ZACISKU SL7/SM7/ST7
81255040092;PRZE£•CZNIK CAN TRANSMISJI DANYCH PO SZYNIE
916227;CZUJNIK WYSOKIEGO CIåNIENIA KLIMATYZACJI SETRA MERCEDES TOURISMO TRAVEGO INTEGRO
916227/1;CZUJNIK NISKIEGO CIåNIENIA KLIMATYZACJI SETRA MERCEDES TOURISMO TRAVEGO INTEGRO
41209080X2;ZESTAW NAPRAWCZY SPR ØARKI MAN D2866/76 TGA
29115;KLOCKI MB ATE. 98-13R MAN TGL/PT/TRW
1507080723;OBUDOWA STOP. KAB.MB ATE.1,2 98-13R 1-STOP./L/G”RNA
1001020182;TARCZA H.MB 377X45 ATE.1-3 -18/P/ TEXTAR
24V H1 HALOGEN;ØAR”WKA HALOGEN HELLA
24V 3W KONTROLNA;ØAR”WKA KONTROLNA 24V/3W
24V H1 70W HALOGEN;ØAR”WKA HALOGEN 24V/H1 70W
1001020847;TARCZA H.MB 335X34 ATE.1-3. 13R /T/ TEXTAR
3397118907;PI”RO WYCIERACZKI
181910;USZCZELKA POKRYWY TOYOTA 2.0
2001000219;åRUBA M16X90/1.5 DIN 960/10.9 SW24 OCYMKOWANA
2002000088;NAKR TKA M16X1,5 DIN 6293/10.9 OCYNKOWANA Z KO£NIERZEM H=16
140500017;SI£OWNIK HAMULCOWY 16/24
6014230147;£•CZNIK
9016890739;NAK£ADKA DESKI ROZDZIELCZEJ
90350010;PIERåCIE—
1500017461;TULEJKA
KADD160650000TR15;D TKA 6.50 - 16 TR 15
D TKA 7.00/7.50 - 16 TR 15;D TKA 7.00/7.50 - 16 TR 15
FDB1897;KLOCEK HAMULCOWY
295/80R22,5 SAVA;295/80R22,5 SAVA
VAL804102;£OØYSKO WYCISKOWE
VKC2433;£OØYSKO WYCISKOWE
LPR4733;CYLINDEREK HAMULCOWY
AD7/1312;GNIAZDO WTYCZKI
MD26479;PRZE£•CZNIK PODNOåNIKA SZYBY
"MMTA1122045 15""";KO£PAK KO£A
0802014109;PI”RO I MAN 90/925X740 GR.25 PRZ”D TGA 35T
1505000035;SI£OWNIK PODNOåNIKA KABINY MB 1214 3334 98R
1507010280;ZDERZAK MB 1735 2435 96R PRAWY
1507010282;ZDERZAK MB 1735 2435 96R LEWY
87081090;ZDERZAK PRZEDNI
6000239;SILNICZEK DMUCHAWY Z WENTYLATOREM ACTROS
YT08594;LATARKA CZO£OWA 800LM
007950013780;SZYBKOZ£•CZKA LP 1/4 CALA 16MM
007950013790;SZYBKOZ£•CZKA HP 1/4 CALA 16MM
0242235666;åWIECA ZAP£ONOWA
1000301023;TULEJA £OØYSKOWA 14,36X16,04X10
11350;WAHACZ DOLNY
12372;TULEJA GUMOWA STAB. WEWN TRZNA
1780195;FILTR PALIWA FORD
22044;KO—C”WKA DR•ØKA KIEROWNICZEGO
4001505;£•CZNIK STABILIZATORA
786031;SPRZ G£O RENAULT KANGOO CL KPL
D120168;WAHACZ RENAULT CLIO II 98
D120194;WAHACZ RENAULT CLIO II 98
VKM26105;KO£O NAPINACZA
RURA WLEWU;RURA WLEWU
T040004;£OØYSKO WENTYLATORA WISKO
1501010595;LUSTRO PANORAMICZNE MAN TGA L M 05R NAD DRZWI
1507010625;ZDERZAK MB ATE 1.2 98 13R PRZ”D
CC551;ELEKTROMAGNES ZEX 140/86/55/45 24V
1302040178;KLOSZ LAMPY TYLNEJ IV DAILY 99R CARGO
0802000092;PAS DO £AD. OBJ. 6M 2T
1501010183;LUSTRO MAN TGA-X 12R 339X207
AE4612;ZAW”R AE4612 ZABEZPIECZAJ•CY 4 OBWODOWY MAN WYJ FI16
1305010429;LAMPA OBRYSOWA Ø”£TA 49X92
4123520270;SPR ØARKA 4123520270 MB OM457
XPB 1450;PAS XPB 1450 XE
APU1055;NAPINACZ PASKA KLINOWEGO MB ATE DAYCO
14558;£•CZNIK DR•ØKA
6504042533311;B£OTNIK PRZ”D
6504042533312;B£OTNIK PRZ”D
H2X001BTA;ZESTAW £OØYSKA
RMPGW120;ZESTAW NAPRAWCZY KOMPRESORA
6293940015;PODK£ADKA WAHACZA
"MMTA1122047 15""";"KO£PAK KO£A MEGA 15"""
DOROBIENIE TULEJEK RESORU;DOROBIENIE TULEJEK RESORU
KR02038;ZAW”R OSUSZACZA LA8202/LA6265
152780840;WK£AD LUSTRA MAN LIONS LEWY
81978402129;LITERA M
81978402130;LITERA A
81798402131;LITERA N
06844;TULEJA STABILIZATORA DB 508-811 12X32 SPRINTER
23626;£OØYSKO KO£A
39049;åRODEK DO CZYSZCZENIA KLIMATYZACJI
600008400;ZESTAW SPRZ G£OWY DWUMASOWY
621302933;SPRZ £O KOMPLET
801230;USZCZELKA
8PK1054;PASEK WZD£. DAYCO 8PK1054
BHN313;ZACISK HAMULCA
BHR146E;ZACISK HAMULCA
HDB057;£OØYSKO KO£A
K1055A;FILTR KABINOWY
OP564;FILTR OLEJU
V400149 VAI;V400149 VAI ZESTAW FILTRA HYDRAULICZNEGO
IMAD£O åLUSARSKIE 1250 150L;IMAD£O åLUSARSKIE 1250 150L
ATF III 5L;OLEJ PRZEK£ADNIOWY ATF III 5L
PRZED£UØACZ 3M 220V LISTWA 5 GNIAZD;PRZED£UØACZ 3M 220V LISTWA 5 GNIAZD
PRZED£UØACZ 6M 220V B BNOWY 4 GNIAZDKOWY;PRZED£UØACZ 6M 220V B BNOWY 4 GNIAZDKOWY
1001040230;SWORZE— PROWADNICY ZACISKU KNORR FI32X80
DF4088S;TARCZA HAMULCOWA TY£ DB SPRINTER
0370160009;SKRAPLACZ OPEL ASTRA G
MGS01048;ZESTAW SPRAWDZANIA SZCZELNOåCI
2435 ALU;T£UMIK SKODA FABIA 1.4 99
21904;WAHACZ PRZEDNI LEWY-G”RA
37179;WAHACZ
POKRYWA;POKRYWA
XPB2280;PAS KLINOWY XPB2280
SZYBKOZ£ACZE TEKALANU FI16 METALOWE;SZYBKOZ£ACZE TEKALANU FI16 METALOWE
6263260265;STABILIZATOR
6283260265;STABILIZATOR CITARO TY£
M16X140/1,5;åRUBA M16X140/1,5
81300006582;SPRZ G£O KPL FI340 MAN TGA + £OØYSKO
510230016033;KO£O ZAMACHOWE MAN FI 340 TGA S X D286 6/76
KARTA MEDIA EXPERT;KARTY ME/100
AMAN0002ACLSR;SZYBA MAN NG 313/MAN 223 PRAWA
803146/10;£OØYSKO
88043/10;£OØYSKO
01033403B;ZIMERING 40X70X11/18
30724;KO—C”WKA KIEROWNICZA
32101601;WK£AD LUSTERKA DB SPRINTER 906 09
37761;DR•ØEK KIEROWNICZY
37854;TULEJA GUMOWA STABILIZATORA PRZEDNIA
43SKV524;PRZEW”D KLIMATYZACJI
GS8433;SZCZ KI HAMULCOWE
TC2429;WAHACZ
TC2430;WAHACZ
PRZEW”D HYDRAULICZNY AKAK 18 L600;PRZEW”D HYDRAULICZNY AKAK 18 L600
007950013850;ELEKTRONICZNY WYKRYWACZ NIESZCZELNOåCI
2701001366;ZESTAW KLUCZY P£ASKO-OCZKOWE 6-32 W ETUI
9125100010;G£OWICA SPR ØARKI
6102021291991P;SZK£O LUSTERKA
5836790;PRZEW”D DOLOTOWY POWIETRZA
00411073;SILENTBLOCK DR•ØKA REAKCYJNEGO WAHACZA
KTT110018;CH£ODNICA KLIMATYZACJI
SZK£O LUSTERKA;SZK£O LUSTERKA
54030310011P;KIERUNKOWSKAZ W LUSTERKU L
M0066;AMORTYZATOR
6102021213992P;SZK£O LUSTERKA
6594000121009;KO£O ZAMACHOWE DWUMASOWE
710305059001;LAMPA PRZECIWMGIELNA
34336;OS£ONA PRZEK£ADNI KIEROWNICZEJ
4497540350;PRZEW”D PRZY£•CZENIOWY CZUJNIKA ZUØYCIA
15686006;ZESTAW NAPRAWCZY SIEDZENIA
CZUJNIK TACHOGRAFU;CZUJNIK TACHOGRAFU
A3C0641620020;CZUJNIK TACHOGRAFU
100373;OLEJ DO UK£ADU KLIMATYZACJI
183096;OBEJMA STABILIZATORA 33,5X54X47
2096722;USZCZELKA POKRYWY ZAWOR”W OM 904
0018204244;RAMI  WYCIERACZKI LEWE
81307190004;KOLANKO
81255250259;W£•CZNIK SELEKTORA PIONOWO
0450905007;FILTR PALIWA
103629;PRZERYWACZ KIER.
11864;GUMA STABILIZATORA
46199;PRZEW”D HAMULCOWY
ZESTAW ROZRZ.;ZESTAW ROZRZ.
OM506;FILTR OLEJU
10PK2240;PASEK WIELOKLINOWY
DR•ØEK KIEROWNICZY WZD£UØNY;DR•ØEK KIEROWNICZY WZD£UØNY
58230199300;åRUBA KO£A M22X1,5X91
2100623;POMPKA SPRZ G£A
PT1509;USZCZELKA K•TOWNIK GUMOWY STOPNIA
26101;SILENTBLOCK STABILIZATORA
BUS3722R;£•CZNIK DR•ØKA
LS215;LINKA SPRZ G£A
1507018;OPONA SCORPION TRAIL II TY£
48282K;TERMOSTAT CIECZY CH£ODZ•CEJ
POMPA SPRZ G£A;POMPA SPRZ G£A
909021;OPONA
KARTY PLASTIKOWE PVC ZEBRA;KARTY PLASTIKOWE PVC ZEBRA 500SZT.
TAåMA YMCKO;TAåMA YMCKO
TAåMA CZARNA DO ZC100/ZC300;TAåMA CZARNA DO ZC100/ZC300
ETUI PIONOWE DO KART ZBLIØENIOWYCH;ETUI PIONOWE DO KART ZBLIØENIOWYCH 90X57MM 300SZT
KARTA SIECIOWA BLUETOOTH USB TP-LINK;KARTA SIECIOWA BLUETOOTH USB TP-LINK
1302010771;LAMPA TYL.ZESP. LED 487 12-24V 200X70X60
1210000075;GNIAZDO/WTYCZKA ELEKTRYCZNE 12V 7PIN ALUMINIUM
1305010121;LAMPA OBRYSOWA BIA£O CZERWONA 49X85 Z WSP. W GUMIE
"KO£PAK KO£A 17,5""";KO£PAK KO£A 17,5
HL32 20L;OLEJ HYDRAULICZNY HL32 20L
LK4960;SPR ØARKA LK4960
463100;CZUJNIK åWIATE£ COFANIA M20X1,5
331701;AMORTYZATOR
940003;OS£ONA AMORTYZATORA
FE48362;CZUJNIK CIåNIENIA
DEL5621789;KO—C”WKA WTRYSKIWACZA
50459513;USZCZELKA MISKI OLEJU VOITH
0501314434;USZCZELKA SKRZYNI BIEG”W
0635303038;£OØYSKO POMPY OLEJU SKRZYNI BIEG”W
15686009;ZESTAW NAPRAWCZY SIEDZENIA
TED99855;TULEJA £•CZNIKA STABILIZATORA
0095428918;CZUJNIK TEMPERATURY
DSI12TK;G£”WKA CI G£A 12
ELEKTRONICZNY ZAMEK DO DRZWI SMARTLOCK;ELEKTRONICZNY ZAMEK DO DRZWI SMARTLOCK
270401;KOLEKTOR KOLANKO WYDECHOWE MAN
1405000574;SI£OWNIK HAMULCA 16/24
36751012031;SZYBA BOCZNA 1522X245
107928;PRZE£•CZNIK PODNOåNIKA SZYB
RX6766;SPR ØYNA ZAWIESZENIA
351838070000;AMORTYZATOR TY£
24012502131;TARCZA HAMULCOWA
KWD1143;ZESTAW £OØYSK
08D42911;TARCZA HAMULCOWA TY£
0540160020;SKRAPLACZ
D42100C;REPERATURKA ZACISKU
200496052;REFLEKTOR SPRINTER PRZ”D
360081030041;CZUJNIK CIåNIENIA VDO 0-10 BAR”W
0213054;ZESTAW PRZEWOD”W WYSOKIEGO CIåNIENIA
05434890;LAMPA OBRYSOWA SPRINTER
20A47AMT;åRODEK DO ODT£USZCZANIA CH£ODNIC
04676;PODUSZKA SILNIKA
6502083546201P;PAS PRZEDNI SPRINTER
6504043546317Q;B£OTNIK PRZ”D
6803003546282P;POKRYWA SILNIKA
NASADKA UDAROWA D£UGA 32MM 1'' 6-K•T;NASADKA UDAROWA D£UGA 32MM 1'' 6-K•T
1303010395;LAMPA KIERUNKOWSKAZU BOCZNA OKR•G£A
4454107730;SI£OWNIK HAMULCA 16/24
275/80R22,5 TRIANGLE;OPONA 275/80R22,5 TRIANGLE
2704000185;LATARKA COB LED 3W Z MAGNESEM
1501020376;WK£AD LUSTRA
200495052;REFLEKTOR SPRINTER PRZ”D
724256;ODB”J AMORTYZATORA
1987946943;ZESTAW ROZRZ•DU
PRZYCISK PBS30BR;PRZYCISK PBS30BR MONOSTABILNY OKR•G£Y CZERWONY
6504043546318Q;B£OTNIK SPRINTER PRZ”D PRAWY
K1313;FILTR KABINOWY
AK370/2;FILTR POWIETRZA
PP986;FILTR PALIWA
44863;SPRZ G£O WENTYLATORA CH£ODNICY SPRINTER
0001400739;WTRYSKIWACZ ADBLUE
SZYBA BOCZNA;SZYBA BOCZNA MAN REGIO R12
YT04331;ZESTAW KLUCZY TORX
YT0521;KLUCZE NASADOWE TORX
096052;POKRYWA ZACISKU HAMULCOWEGO Z CZUJNIKIEM (3 piny)
19330;åRUBA TARCZY HAMULCOWEJ M14X1,5X75
1501010822;LUSTRO PANORAMICZNE MAN
220868;LAMPA TYLNA 215X100
KR60006R;ZESTAW NAPRAWCZY ZACISKU HAMULCOWEGO
KR60042K1;KABEL POKRYWY ZACISKU 3,5M
9463560015;BIEØNIA USZCZELNIACZA PIASTY TY£
AMER0023GNS;SZYBA MERCEDES MA£A
13046056002;KLOCKI HAMULCOWE
P30046;KLOCKI HAMULCOWE
SIKAFLEX SZARY 600ML;SIKAFLEX SZARY 600ML
MANMR024L;OBUDOWA LUSTERKA LEWE 399X196
180/55R17;OPONA OMNI 73W R6
YT28921;ZESTAW WIERTE£ DO ZGRZEW”W
T36539;ROLKA KIERUNKOWA PASKA
33941;ROLKA NAPINACZA PASKA WZD£UØNEGO
37254;NAPINACZ PASKA ROZRZ•DU
VKM34030;ROLKA PROWADZ•CA PASKA
1502040097;ZAWIAS DRZWI G”RNY
1502040096;ZAWIAS DRZWI DOLNY
1202040014;OD£•CZNIK PR•DU 24V 100A Z KLUCZYKIEM
0504000006;£OØYSKO OPOROWE SPRZ G£A
0501000379;SPRZ G£O KPL
AKUMULATOR 18V 6.0AH MAKITA;AKUMULATOR 18V 6.0AH MAKITA
22350;DR•ØEK REAKCYJNY K•TOWY (SIERØANT)
0504005001;ZAW”R CZUJNIK
31204;W£•CZNIK
110AH/680A;AKUMULATOR 110AH/680A
5621550;KO—C”WKA WTRYSKIWACZA
A8X006MT;PODK£ADKA SPR ØYNY ZAWIESZENIA TY£
D8G002TT;WENTYLATOR CH£ODNICY
7D70090;KO—C”WKA WTRYSKIWACZA
7D70122;KO—C”WKA WTRYSKIWACZA
VD1098;KO£O PASOWE
2204000209;DYWAN KABINY LEWY GUMOWY
2289000299;SPRZ G£O KPL
AC277242;WENTYLATOR CH£ODNICY
02625;KO—C”WKA DR•ØKA
31212;KO£O PASOWE
BR2LM;åWIECA ZAP£ONOWA
PS877;FILTR PALIWA
0000270367;PRESOSTAT NISKIEGO CIåNIENIA
0000404515;OSUSZACZ KLIMATYZACJI
1804170196;ORING 7/8
0930970253;PRZEW”D TESTERA SOLARIS
102365;OS£ONA PRZEK£ADNI KIEROWNICZEJ
JTC525X1R3110RL;£A—CUCH
1673574;PIERåCIE— USZCZELNIAJ•CY
007002;KLEJ UNIWERSALNY BOLL 310ML
YT06880;ZESTAW PIERåCIENI SEGERA
7711738978;ODRDZEWIACZ 500ML
67331411;CZUJNIK TEMPERATURY RETARDERA OKR•G£A
ARAZTV32040000000;ZAW”R DO K”£ BEZD TKOWYCH CI ØAROWYCH D£UGI V3.20.6 9,7MM
K1207;FILTR KABINY
AP142/1;FILTR POWIETRZA
ODRDZEWIACZ CERAMICZNY LIQUI MOLY;ODRDZEWIACZ CERAMICZNY LIQUI MOLY ZIMNY
026782;USZCZELNIACZ WA£U KORBOWEGO
12V MH6 35W;ØAR”WKA 12V MH6 35W
2204000519;DYWANIK KABINY LEWY GUMOWY
1506000163;POMPA PODNOSZENIA KABINY
875760;ZESTAW USZCZELEK WTRYSKIWACZA
KCK0605;ROZRZ•D KPL
0500005001 KNORR;ZAW”R POZIOMUJ•CY KNORR
0320Z1;OS£ONA ROZRZ•DU
007950024020;åRODEK DO CZYSZCZENIA KLIMATYZACJI
136910;REGULATOR NAPI CIA
SD0037;BENDIX ROZRUSZNIKA
1506000164;POMPA PODNOSZENIA KABINY
0302010154;KOREK WLEWU PALIWA TRANSIT
DF6043BS;TARCZA HAMULCOWA
BATERIA ENESTAR;BATERIA ENESTAR
ZESTAW DIAGNOSTYCZNY;ZESTAW DIAGNOSTYCZNY
VAN20197MB;RURA WYDECHU
GDB1941;KLOCKI HAMULCOWE
DF6110;TARCZA HAMULCOWA
OP592;FILTR OLEJU
35195;POMPKA PALIWA R CZNA
TKJS20KT;Z£•CZE PRZEWOD”W TYP J4,8
TKJS10MT;Z£•CZE PRZEWOD”W TYP J-2,8 200SZT
MMTA0400696;DYWANIKI GUMOWE KPL
13046090282;KLOCKI HAMULCOWE KPL
344709;AMORTYZATOR TY£
50557713;USZCZELKA
01002805;£OØYSKO
01002313;ZABEZPIECZENIE SEEGER
91473110;USZCZELNIACZ
64112510;TULEJA
01002169;ZABEZPIECZENIE SEEGER
2702001055;W”ZEK WARSZTATOWY Z NARZ DZIAMI
205385652;LAMPA PRZEDNIA PRAWA Z SILNICZKIEM
6PK2195;PASEK WIELOROWKOWY
101925044393P;MOCOWANIE CH£ODNICY
101925044392P;MOCOWANIE CH£ODNICY
C0I001ABE;SZCZ KI HAMULCOWE
C0I002ABE;SZCZ KI HAMULCOWE
TESTER ELEKTRONICZNY AKUMULATOR”W;TESTER ELEKTRONICZNY AKUMULATOR”W
4401406;LAMPA KIERUNKOWSKAZU BOK B£OTIK SPRINTER
538022010;POMPA WODY SPRINTER
4249871143;OS£ONA GUMOWA TYLNA
2208000697;KURTKA TRIANGLE
1407000160;£•CZNIK PROSTY TEKALANU M22/16
2702001057;W”ZEK WARSZTATOWY Z NARZ DZIAMI 276 SZT.
51429;PODUSZKA ZAWIESZENIA UK£ADU WYDECHOWEGO FI 50X45
KARTA SIECIOWA WIFI USB TP-LINK;KARTA SIECIOWA WIFI USB TP-LINK
KR23101;SPR ØYNA GAZOWA KLAPY
K1006A;FILTR KABINOWY
0802040161;SWORZE— RESORU M36X171
E43HD213;FILTR OLEJU SOLARIS
9EL110736001;LAMPA KIERUNKOWSKAZU
9EL110737001;LAMPA KIERUNKOWSKAZU
48667;SZPILKA KO£A M18X1,5X60
340216008010;PRADNICZKA TACHOGRAFU 25/4PIN OKR•G£A
334812;AMORTYZATOR PRZ”D
915415;ZESTAW NAPRAWCZY AMORTYZATORA PRZ”D
343298;AMORTYZATOR TY£
V10080320;DYSZA SPRYSKIWACZA
03966;NAKR TKA KO£A M18X1,5
2AVX13X1075;PASEK KLINOWY PODW”JNY
1302010990;LAMPA TY£ ZESPOLONA LED 100X220X50 PRAWA
1302010989;LAMPA TY£ ZESPOLONA LED 100X220X50 LEWA
3397004756;PI”RO WYCIERACZKI 380 MM
DYWANIK BAGAØNIKA PLASTIKOWY;DYWANIK BAGAØNIKA PLASTIKOWY
PRZEWOD PALIWA Q-7;PRZEW”D PALIWA Q-7
04574;åRUBA KO£A M18X1,5X77/85
VKMCV56010;NAPINACZ PASKA
83259386003;CZUJNIK WYSOKIEGO CIåNIENIA PRESOSTAT KLIMATYZACJI PSCW6S
0020338;PRZEGUB
1986S10040;ROZRUSZNIK SOLARIS NOWY
HP110945;ZAMEK KLAPY TY£
0802031029;JARZMO RESORU CYBANT 102XM20X2,5X260
NAKR TKA M20X2,5;NAKR TKA M20X2,5
SD0101;BENDIX ROZRUSZNIKA SOLARIS NOWY
MB39111;PRZEW”D OLEJOWY TURBOSPR ØARKI
MB3819;PRZEW”D OLEJOWY TURBOSPR ØARKI
0020340;PRZEGUB
PRIMER 250ML;PRIMER BOLL 250ML 007008
310802;OS£ONA POD SILNIK
574324;WYCIERACZKI KPL
0120390129;ROZRUSZNIK SOLARIS NOWY TYP
17424;GUMA ZAWIESZENIA T£UMIKA
KR21423;SPR ØYNA GAZOWA
265/70R19,5 BIEØNIKOWANA;265/70R19,5 BIEØNIKOWANA
2003000183;PODK£ADKA METALOWO GUMOWA FI20
2003000029;PODK£ADKA METALOWO GUMOWA FI12
2003000182;PODK£ADKA METALOWO GUMOWA FI18
2101000051;PODK£ADKA METALOWO GUMOWA FI14
185947;T£UMIK
043968;LAMPA LEWA TYLNA
6502089533200P;PAS PRZEDNI
215/75R16C;OPONA
PRZEWOD 10MM;PRZEW”D POWIETRZA 10MM
SIKAFLEX CZARNY;KLEJ DO SZYB 265 600ML 2650-100-000
OLEJ SILNIKOWY SHELL 5W30 5L;OLEJ SILNIKOWY SHELL 5W30 5L
2713201;TULEJA WAHACZA TY£
TERMISTOR NTC110 10K;TERMISTOR NTC110 10K
3943041;ZBIORNIK POWIETRZA 30L
åCI•GACZ DO PRZEGUB”W KULOWYCH I SWORZNI;åCI•GACZ DO PRZEGUB”W KULOWYCH I SWORZNI
GIC5028;CZUJNIK ZUØYCIA KLOCK”W BOVA KPL
702256170;PRZETWORNIK CIåNIENIA
KLEJ DO OPON TECH 760EL 235ML;KLEJ DO OPON TECH 760EL 235ML
KPL. SZCZYPIEC SEEGERA;KPL. SZCZYPIEC SEEGERA Z WK£ADK• I PIAST
1145001;ZESTAW NAPRAWCZY ZACISKU
"KLUCZ UDAROWY PNEUMATYCZNY K•TOWY 1,2""";"KLUCZ UDAROWY PNEUMATYCZNY K•TOWY 1,2"""
TG NASADKI W ZESTAWIE Z UCHWYTEM;TG NASADKI W ZESTAWIE Z UCHWYTEM
ZESTAW REDUKCJI JONNESWAY;ZESTAW REDUKCJI JONNESWAY 1/4 3/8 1/2 4SZT.
TT ZESTAW KLUCZY TRZPIENNYCH TTX7;TT ZESTAW KLUCZY TRZPIENNYCH TTX7
TT WK£AD KLUCZE P£ASKO-OCZKOWE TT1236;TT WK£AD KLUCZE P£ASKO-OCZKOWE TT1236
TT KLUCZE NASADOWE 1/4 6K•TNE;TT KLUCZE NASADOWE 1/4 6K•TNE 35 ELEMENT”W
ZESTAW SZCZYPIEC TENGTOOLS TT440T;ZESTAW SZCZYPIEC TENGTOOLS TT440T
"JONNESWAY POKR T£O PRZEGUBOWE 1/2""";"JONNESWAY POKR T£O PRZEGUBOWE 1/2"" L-600MM"
"JONNESWAY PRZED£UØKA UCHYLNA 1/2"" L-75MM";"JONNESWAY PRZED£UØKA UCHYLNA 1/2"" L-75MM"
"JONNESWAY PRZED£UØKA UCHYLNA 1/2"" L-50MM";"JONNESWAY PRZED£UØKA UCHYLNA 1/2"" L-50MM"
JONNESWAY KOMPLET NASADEK TORX E1/4 3/8;JONNESWAY KOMPLET NASADEK TORX E1/4 3/8 (10SZT)
JONNESWAY KOMPLET OSTRYCH GROT”W;JONNESWAY KOMPLET OSTRYCH GROT”W
JONNESWAY KLUCZ P£ASKO-OCZKOWY;JONNESWAY KLUCZ P£ASKO-OCZKOWY Z GRZECHOTK•
KLUCZ UDAROWY 1/2;KLUCZ UDAROWY 1/2
KOMPLET KLUCZY WPUSTOWYCH 40SZT. CR-V;KOMPLET KLUCZY WPUSTOWYCH 40SZT. CR-V
KOMPLET WKR TAK”W DO PODBIJANIA 12SZT.;KOMPLET WKR TAK”W DO PODBIJANIA 12SZT.
"15-EL. ZEST. NASADEK TRZPIENIOWYCH 1/2""";"15-EL. ZEST. NASADEK TRZPIENIOWYCH 1/2"" TENGTOOLS"
ZESTAW NASADEK 16PC 1/2DR TENGTOOLS;ZESTAW NASADEK 16PC 1/2DR TENGTOOLS
TENGTOOLS ZEST. KL. NASAD. Z CHWYTEM;"TENGTOOLS ZEST. KL. NASAD. Z CHWYTEM KWADRATOWYM 3/8"""
NASADKI TRZPIENIOWE Z GROTAMI TX;NASADKI TRZPIENIOWE Z GROTAMI TX Z CHWYTEM TENG TOOLS
12-ELEMENTOWY ZESTAW WKR TAK”W TENGTOOLS;12-ELEMENTOWY ZESTAW WKR TAK”W TENGTOOLS
273851;T£UMIK PION. OKR•G£Y
79226;DèWIGNIA ROZP. MAN
OLEJ JASOL 200L BECZKA;OLEJ JASOL 200L BECZKA
0703000144;åRUBA KO£A M18X1,5X76
0703000004;NAKR TKA M18X1,5 OBROTOWA PODK£ADKA
"POKR T£O 1"" TYP T 760MM PRZESUWNE";"POKR T£O 1"" TYP T 760MM PRZESUWNE"
1102001378;RURA WYDECHOWA AXOR/ATEGO
TTALW502110400001;WK£AD RADIALNY PREMIUM TL110 20SZT
TTALW502125200001;WK£AD RADIALNY PREMIUM TL125 10SZT
KR21292;SPR ØYNA GAZOWA
0843460000;PIERåCIENIE T£OKOWE KPL
MC03837;OBUDOWA FILTRA OLEJU
MB44671;ZESTAW NAPRAWCZY WSPORNIKA KIEROWNICZEGO SOLARIS
0101000128;FILTR OLEJU
77947600;PANEWKI WA£U KORBOWEGO
MIERNIK UNIWERSALNY UT52;MIERNIK UNIWERSALNY UT52
K1248;FILTR KABINY
SHELL HELIX ULTRA 5W-30 1L;SHELL HELIX ULTRA 5W-30 1L
714807/2 STD;PANEWKI
93135;TURBOSPR ØARKA
RH6579;SPR ØYNA ZAWIESZENIA TY£
LCC9214;KO£O PASOWE POMPY WSPOMAGANIA
MERSE041;CZUJNIK POZIOMU OLEJU
907140;CZUJNIK TEMPERATURY WEWNETRZNEJ SCANIA IRIZAR ZIELONY
SET2352;£OØYSKO PIASTY PRZ”D SOLARIS
CYLINDEREK HAMULCA;CYLINDEREK HAMULCA EV715/720 GPW
RA192032JM20;SI£OWNIK KOMPAKTOWY DWUT£OCZYSKOWY 32X20
251669MG;PRZEGUB ZEWN TRZNY FORD FIESTA
H14W42;FILTR OLEJU
E1135L;FILTR POWIETRZA
ASET0012AGNS;SZYBA SETRA S 315/ MERCEDES INTEGRO
ASET0021AGNS;SZYBA SETRA S 415 UL
0802040421;TULEJA RESORU
åRUBA M12X45/1,5;åRUBA M12X45/1,5
1J0907660B;CZUJNIK POZIOMU OLEJU
0871021S;åRUBA WTRYSKIWACZA
0870108S;åRUBA WTRYSKIWACZA
53074;CH£ODNICA WODY
0802030651;åRUBA CENTRALNA RESORU
036164;SILIKON DIRKO SZARY 70ML
011412;PODUSZKA SILNIKA CITARO
3348010;AMORTYZATOR
J15146;"KO£PAK 15"" KPL"
JTE1113;KO—C”WKA DR•ØKA KIEROWNICY RENAULT KANGOO
VKJP3005;OS£ONA
4722600060;ZAW”R RETARDERA
6102212001087P;SZK£O LUSTERKA ZEWN TRZNEGO
0503000306;DOCISK FI 430
1210000022;WTYCZKA OKR•G£A 4 PIN K•T DO ZAWOR”W
45X55X7/7,5;USZCZELNIACZ 45X55X7/7,5
WD920/3;FILTR OLEJU
0102000516;SEPARATOR PALIWA
6718200161;REFLEKTOR CONECTO PRAWY
6718200061;REFLEKTOR CONECTO LEWY
535006310;ROLKA ALTERNATORA
0370170028;CH£ODNICA WODY OPEL CORSA
MD1016;B BEN HAMULCA 360X187X2247
0281007160;CZUJNIK SADZY DAF
258502;PASTA DO WYDECHU 190g
651487J;TERMOSTAT
M12X60/1,25;åRUBA M12X60/1,25 OCYNKOWANA
M12X1,75;åRUBA M12X1,75
081541;G•BKA POLERSKA RUPES BIG FOOT
AP107/8;FILTR POWIETRZA
OE674/5;FILTR OLEJU
W950/13;FILTR OLEJU
1510000067;AMORTYZATOR FOTELA
0701000668;ZESTAW NAPRAWCZY PIASTY
0701000422;ZESTAW NAPRAWCZY PIASTY
3397009821;ZESTAW WYCIERACZEK
6283600590;SI£OWNIK HYDRAULICZNY SPRZ G£A
1K0798741;PIERåCIENIE USZCZELNIAJ•CE
ELF 10W40 4L;OLEJ ELF 10W40 4L
18366;£•CZNIK STABILIZATORA
LATARKA CZO£OWA TS1961;LATARKA CZO£OWA TS1961
LATARKA CZO£OWA TS1962;LATARKA CZO£OWA TS1962
595090;ZESTAW USZCZELEK SILNIKA
3954351;KLAMKA DRZWI WEWN TRZNA LEWA
186030;USZCZELKA G£OWICY
11117589711;åRUBA G£OWICY
1305070118;LAMPA ROBOCZA LED 110X110
0504000432;£OØYSKO SPRZ G£A
0501000383;SPRZ G£O KPL.
6102021291965P;SZK£O LUSTERKA LEWE DOLNE
01611600;ZESTAW MONTAØOWY SZCZ K HAMULCOWYCH
206670;KOREK ZBIORNIKA WYR”WNAWCZEGO
208556;ZBIORNIK WYR”WNAWCZY P£YNU CH£ODZ•CEGO
PRZEW”D GUMOWY ZBROJONY 50X500;PRZEW”D GUMOWY ZBROJONY 50X500
PRZEW”D GUMOWY ZBROJONY 50X360;PRZEW”D GUMOWY ZBROJONY 50X360
PRZEW”D GUMOWY ZBROJONY 50X750;PRZEW”D GUMOWY ZBROJONY 50X750
108457;TARCZA HAMULCOWA
31470;TARCZA HAMULCOWA
16489;KLOCKI HAMULCOWE
16799;KLOCKI HAMULCOWE
22492;TULEJA STABILIZATORA
11247589671;åRUBA KORBOWODU
648530;USZCZELKI SILNIKA D”£ KPL
WYCIERACZKI BOSH KPL;WYCIERACZKI BOSH KPL
DOT 4 3L;P£YN HAMULCOWY DOT 4 3L
84671110;ODBIJAK IG£OWY DO RDZY
74290305;"KLUCZ Z GRZECHOTK• 1/2"" TENGTOOLS"
534003110;NAPINACZ PASKA
2BA001416021;LAMPA KIERUNKOWSKAZU PRZ”D BOCZNA PRAWA
2BA001416011;LAMPA KIERUNKOWSKAZU PRZ”D BOCZNA LEWA
5508003547961P;NAROØNIK ZDERZAKA LEWY
5508003547962P;NAROZNIK ZDERZAKA PRAWY
550302047205P;ODBLASK NAROØNIKA LEWY TY£
92952746;ZAW”R REGULACJI POZIOMU FOTELA
92952742;PRZYCISK REGULACJI POZIOMU FOTELA Z LINK• KPL ISRI
21978;ZESTAW NAPRAWCZY PIASTY KO£A
NAPRAWA REJESTRATORA MCVR;NAPRAWA REJESTRATORA MCVR
NAPRAWA KAMERY ZEWN TRZNEJ;NAPRAWA KAMERY ZEWN TRZNEJ
81981830000;ROZDZIELACZ PNEUMATYCZNY
1305010144;LAMPA OBRYSOWA BIA£A
BUS3672;SWORZE— DèWIGNI POåREDNIEJ
1405000475;SI£OWNIK HAMULCA 14/24
9063108237;POSZYCIE PRZEDNIE BELKI TYLNEJ
9063109737;POSZYCIE TYLNE BELKI TYLNEJ
9063122737;WSPORNIK POPRZECZNY
9067400705;DRZWI TYLNE PRAWE
9067401900;DRZWI TYLNE LEWE
0250202022;åWIECA ØAROWA
DF1533;TARCZA HAMULCOWA
GDB1048;KLOCKI HAMULCOWE
5506003547952P;ZDERZAK åRODKOWY TY£
845028;ZESTAW SPRZ G£A KPL
H67015023;CZUJNIK TEMPERATURY P£YNU-RETARDERA
ROMA82027;SPINKA TAPICERSKA 10SZT
ROMC60363;SPINKA TAPICERSKA FI15 5SZT
ROMC10013;SPINKA TAPICERSKA FI6
6102021232597P;SZK£O LUSTERKA PODGRZEWANE PRAWE
6102021271157P;SZK£O LUSTERKA PODGRZEWANE LEWE
92952740;PRZYCISK REGULACJI K•TA FOTERA ISRI UØ
8045;KPL FILTR”W PALIWA PM805 I PW804
1406000008;OPASKA ZBIORNIKA POWIETRZA
1406000016;ZBIORNIK POWIETRZA 40L
1406000137;ZBIORNIK POWIETRZA 25L
4757NP01;PODUSZKA PNEUMATYCZNA MERCEDES
1102001477;RURA WYDECHOWA FI 89X2000
KOLANKO UK£ADU WYDECHOWEGO FI100 90 ST;KOLANKO UK£ADU WYDECHOWEGO FI100 90 STOPNI
BEZR KAWNIK TRIANGLE;BEZR KAWNIK TRIANGLE
MBD1106;B BEN HAMULCOWY 410X176 O305
43776;DMUCHAWA
C34175/1;FILTR POWIETRZA
043957;LAMPA TYLNA
TR6AP13;åWIECA ZAP£ONOWA
OP629/2;FILTR OLEJU
5802476645;SMOK DO ADBLUE
PODK£ADKA CU FI10;PODK£ADKA CU FI10
PODK£ADKA CU FI14;PODK£ADKA CU FI14
17888;TERMOSTAT
535031410;KO£O PASOWE ALTERNATORA
0002951173;ZAWLECZKA
105786;OLEJ ATF DO AUTOMATYCZNEJ SKRZYNI BIEG”W
NAPRAWA KRATOWNICY AUTOBUSU;NAPRAWA KRATOWNICY AUTOBUSU
6504039506581P;REPERATURKA B£OTNIKA
6504013548580P;REPERATURKA B£OTNIKA
0250202048;åWIECA ØAROWA
PP848/5;FILTR PALIWA
24372707862;LINKA HAMULCA R CZNEGO
215/75R17,5 DUNLOP;OPONA 215/75R17,5 DUNLOP
4613152630;ZAW”R G£”WNY HAMULCA
NAPRAWA STEROWNIKA;NAPRAWA STEROWNIKA
SAMOZAMYKACZ;SAMOZAMYKACZ
PM819;FILTR PALIWA
24372707492;LINKA HAMULCA R CZNEGO
210314;P”£Oå
24372707502;LINKA HAMULCA R CZNEGO
806075963R;KLAMKA DRZWI
806079208R;ELEMENTY DRZWI
STR50359;åRUBA MOCOWANIA RESORU
19522;MOCOWANIE PRZEWOD”W HAMULCOWYCH 10SZT
0002501866;PRZEW”D SI£OWNIKA SPRZ G£A
9XU358039221;SPRZEG£O JEDNOKIERUNKOWE ALTERNATORA TRANSIT
K1150A;FILTR KABINOWY
PP865/5;FILTR PALIWA
TS10340;CZUJNIK TEMPERATURY
3397118996;WYCIERACZKI KPL
6505069531012P;REPERATURA PROGU
6505069531011P;REPERATURA PROGU
N”Ø Z WYMIENNYM OSTRZEM;N”Ø Z WYMIENNYM OSTRZEM
113913;ALTERNATOR
0504000403;£OØYSKO
0058207342;SILNIK ELEKTRYCZNY DRZWI BODE
530009131;ZESTAW ROZRZ•DU KPL
PRZEWOD PALIWA 16X1,5 L-800;PRZEW”D PALIWA 16X1,5 L-800
3397008713;PI”RO WYCIERACZKI
2NE008805037;LAMPA PRZECIWMG£OWA TYP LIONS
6504039506581K;PERERATURKA B£OTNIKA
6PK1215;PASEK WIELOROWKOWY
BUTELKA ECO PE-LD 1000ML Z NAKR TK•;BUTELKA ECO PE-LD 1000ML Z NAKR TK•
31252;ZESTAW NAPRAWCZY SKRZYNI BIEG”W
VS0282;ZESTAW DO T£OCZK”W HAMULCOWYCH
0405000039;POMPA WODY
1801000491;B£OTNIK
KOLANKO UK£ADU WYDECHOWEGO FI127;KOLANKO UK£ADU WYDECHOWEGO FI127
"NASADKA UDAROWA 1/2""";"NASADKA UDAROWA 1/2"" 36MM D£UGA 12 K•TNA"
195/55R15 TRIANGLE;195/55R15 TRIANGLE
0506000067;PRZEW”D SI£OWNIKA SPRZ G£A
SI£OWNIK 195 CZARNY;SI£OWNIK 195 CZARNY
OS£ONKA SI£OWNIKA OS1;OS£ONKA SI£OWNIKA OS1
MECHANIZM KKM 10 153X253;MECHANIZM KKM 10 153X253
MECHANIZM KKM 10 153X220;MECHANIZM KKM 10 153X220
9083815430;WSPORNIK B£OTNIKA
NGKVLINE23;åWIECA ZAP£ONOWA
273336MG;P”£Oå
60531165;SYNCHRONIZATOR SKRZYNI
7000861102;T£OK KOMPRESORA KPL
1501010026;LUSTRO
1403001018;ZESTAW NAPRAWCZY SPR ØARKI
1403000634;T£OK SPR ØARKI
21587;ORING OBUDOWY FILTRA OLEJU
1403000390;P£YTA SPR ØARKI
5513003547920P;ZAåLEPKA W ZDERZAKU PRZ”D
OP£ATA LOGISTYCZNA;OP£ATA LOGISTYCZNA
YT1297;ADAPTER DO BIT”W
0000208098;DMUCHAWA FRONTBOXU
0299001554;CZUJNIK NOX SOLARIS
0004589304;SZYBA DZIELONA 8,6M SOLARIS
0004553571;TAåMA INFORM DO MONTAØU CZUJNIKA SOLARIS
0004043846;ELEMENT MONTAØOWY
RURKA STALOWA 22X2 OCYNK;RURKA STALOWA 22X2 OCYNK
PIERåCIE— 22L;PIERåCIE— 22L
NAKR TKA 30X2 22L;NAKR TKA 30X2 22L
DRABINA ALUMINIOWA BAYERSYSTEM 3X9;DRABINA ALUMINIOWA BAYERSYSTEM 3X9
1159SET;PODNOåNIK SZYBY KIEROWCY
LOC406;KLEJ DO GUMY
USZCZELKI SZYB;USZCZELKI SZYB
FORMA USZCZELEK;FORMA USZCZELEK
SFE65PRS;åWIECA ZAP£ONOWA
4PK855;PASEK WIELOROWKOWY
5PK1432;PASEK WIELOROWKOWY
531030910;ROLKA NAPINACZA
352317101610;TERMOSTAT
0060031;FUTRO DO POLEROWANIA
100088;OS£ONA B BNA HAMULCOWEGO
49007;TAåMA BLOKADY KIEROWNICY
POMPA HAMULCOWA JEDNOSTOPNIOWA;POMPA HAMULCOWA JEDNOSTOPNIOWA
1102002939;CZUJNIK NOX
FF010;FILTR PALIWA
AKC029M20;PIERåCIE— USZCZELNIAJ•CY (blasz.gumka) M20
AKC029M18;PIERåCIE— USZCZELNIAJ•CY (blasz.gumka) M18
KB02232;ZESTAW DO NAPRAWY GWINT”W
REKAWICE SPAWALNICZE;R KAWICE SPAWALNICZE 1228 ARGON
4802051010;ZAW”R PRZEKAèNIKOWY SOLARIS
H64079913;CZUJNIK TEMPERATURY OLEJU RETARDERA
STR50357;STRZEMI  RESORU
460693;PRZYCISK ROZRUSZNIKA
6906001151004;ZBIORNIK PALIWA
DF4273S;TARCZA HAMULCOWA
40420;W£•CZNIK åWIATE£
BHT265;ZACISK HAMULCA
16SKV923;OGRANICZNIK DRZWI
4139298942;ZESTAW USZCZELEK SKRZYNI ZF KPL ORING”W
CZM112308;SILNIK DMUCHAWY 24V
ZESTAW USZCZELNIE— SKRZYNI ZF Z TARCZ•;ZESTAW USZCZELNIE— SKRZYNI ZF Z TARCZ•
BHT264;ZACISK HAMULCA
00SKV501;PODNOåNIK SZYBY Z SILNIKIEM
2447010043;ZESTAW NAPRAWCZY POMPY PALIWA
232002;USZCZELKA POMPY P£YNU CH£ODZ•CEGO
PHS219;POMPKA SPRZ G£A
3397033361;GUMA WYCIERACZKI
577890;PI”RA WYCIERACZEK 500MM + 750MM
JTE169;KO—C”WKA DR•ØKA
"NASADKI D£UGIE 1/2""";"NASADKI D£UGIE 1/2"""
DYSZA PROSTA;DYSZA PROSTA
LAKIER 1090 PO£YSK (RAL1002);LAKIER 1090 PO£YSK (RAL1002)
LAKIER AKRYL;LAKIER AKRYL
BAZA PER£OWA DIAMONT;BAZA PER£OWA DIAMONT
BAZA UNIWERSALNA;BAZA UNIWERSALNA
SPINKA;SPINKA
EURODIESEL TC-OFD00011-001/01/27102011;EURODIESEL TC-OFD00011-001/01/27102011
FILTR PALIWA SOLARIS;FILTR PALIWA SOLARIS
FILTR PALIWA MB;FILTR PALIWA MB
CEWKA DO ZAWORU ECAS 24V;ELEKTROZAW”R (CEWKA) DO ZAWORU ECAS 24V
REGENERACJA FILTRA DPF;REGENERACJA FILTRA DPF
DOMESTOS 5L;DOMESTOS 5L
PUROX PROSZEK 10KG;PUROX PROSZEK 10KG
R KAWICE NITRYLOWE CZARNE;R KAWICE NITRYLOWE CZARNE
R CZNIK ZZ 3000 K/B 2W;R CZNIK ZZ 3000 K/B 2W
R CZNIK SERWIS XXL 2W;R CZNIK SERWIS XXL 2W
PASTA TROCINA 0,5;PASTA TROCINA 0,5
0204814220;POMPA HAMULCOWA FORD
KPL. åRUB ALUMINIOWYCH SKRZYNI KORBOWEJ;KPL. åRUB ALUMINIOWYCH SKRZYNI KORBOWEJ
KPL. åRUB DO G£OWICY SILNIKA;KPL. åRUB DO G£OWICY SILNIKA
POMPA OLEJOWA;POMPA OLEJOWA DO WENTYLATORA
NAPRAWA NASTAWNIKA;NAPRAWA NASTAWNIKA VTG TURBOSPR ØARKI DAF SOLARIS
31792;TULEJA WAHACZA
JGT1056T;AMORTYZATOR TY£
31791;TULEJA WAHACZA
107865;KONWERTER CIåNIENIA
H67331411;CZUJNIK TEMPERATURY RETARDERA OKR•G£A WTYCZKA
34747016002;KLAPA POMIESZCZENIA AKUMULATOR”W
34746014001;MASKA KOMORY SILNIKA
3954352;KLAMKA WEWN TRZNA DRZWI
304;LICZNIK MOTOGODZIN
KLIN USZCZELKI SZYBY PRZEDNIEJ;KLIN USZCZELKI SZYBY PRZEDNIEJ
ZAMEK KLAPKI PALIWA;ZAMEK KLAPKI PALIWA M22X1,5
WSPORNIK RURY WYDECHOWEJ;WSPORNIK RURY WYDECHOWEJ
280402;KLAMKA DRZWI TY£ LEWE
13046027802;KLOCKI HAMULCOWE
13046048692;KLOCKI HAMULCOWE
17114;£•CZNIK STABILIZATORA
17115;£•CZNIK STABILIZATORA
335809;AMORTYZATOR PRZEDNI
KYBSM5445;PODUSZKI AMORTYZATOR”W
4158827;W•Ø CH£ODNICY DOLNY
4178289;W•Ø CH£ODNICY G”RNY
T£UMIK KO—COWY;T£UMIK KO—COWY
TAåMA PAKOWA;TAåMA PAKOWA
WORECZKI STRUNOWE;WORECZKI STRUNOWE
EURODIESEL TC-OFD0001-001/01/27102011;EURODIESEL TC-OFD0001-001/01/27102011
VKM38869;NAPINACZ PASKA KLINOWEGO
3609001;£•CZNIK STABILIZATORA
REKAWICE ROBOCZE;R KAWICE ROBOCZE VERTO ZIELONE
18100061;B£OTNIK
D89HLT8LE;BEMKO TUBA LED T8 1250LM 9W 600K 60CM
D89T8LED1;BEMKO TUBA LED
GXWP504;GREENLUX OPRAWA HERM. TRUST LED 2X120
KANLUX2295;LAMPA LED 13W
OHTLB218;OPRAWA PY£OSZCZELNA LED
02182416003250;WKR TY 4,2X16
089330903712;PREPARAT OCHRONNY DO PODWOZIA CZARNY 1KG
0893309103712;PREPARAT OCHRONNY DO PODWOZIA SZARY 1KG
BOS255754;WIESZAK UK£ADU WYDECHOWEGO
089309037150;KLEJ SUPERSZYBKI KLEBFIX 20G
021901250248;OBEJMA UK£ADU WYDECHOWEGO FI49
6504036609582P;REPERATURA B£OTNIKA TY£
FF5131;FILTR PALIWA
2KA001389107;LAMPA OåWIETLENIA TABLICY REJESTRACYJNEJ
772778;ZACISK HAMULCA
RE0270700;WK£AD REFLEKTORA
D28002TT;TERMOSTAT Z OBUDOW• KPL
24V/1,2W SKRZYDLO OPRAWA;ØAR”WKA 24V/1,2W SKRZYD£O OPRAWA
44243;PODUSZKA SILNIKA
31714413;PRZY£ACZE ZAWORU FOTELA ISRI 6860
91451605;åLIZGI MOCOWANIA SIEDZISKA FOTELA ISRI6860
50634303152;ORING OBUDOWY AV 132 277X2,5
0501321377;åRUBA MOSTU AV132 TORX 14X140
51154080016;CZUJNIK NOX MAN 2020 ZA KATALIZATOREM
UCHWYT MOCOWANIA AKUMULATORA;UCHWYT MOCOWANIA AKUMULATORA
S235JR;PR T G£ADKI S235JR
ZBIORNIK PALIWA;ZBIORNIK PALIWA
OPASKA ZBIORNIKA PALIWA;OPASKA ZBIORNIKA PALIWA
RSGU1.15/15 W1;OBEJMA MOCOWANIA PRZEWOD”W Z GUM•
"NASADKA 21MM 1/2""";"NASADKA SZEåCIOK•TNA 21MM 1/2"""
YT41603;ZESTAW WIERTE£ DO METALU
YT1246;"PRZED£UØKA 50MM 1/2"" UCHYLNA"
TABLICZKA ALUMINIOWA;TABLICZKA ALUMINIOWA
EMBLEMAT PLASTIKOWY;EMBLEMAT PLASTIKOWY
ZESTAW WYBIJAK”W NEO;ZESTAW WYBIJAK”W NEO
YT1247;"PRZED£UØKA 127MM 1/2"""
YT55443;SZCZYPCE SEEGERA KPL
YT1248;"PRZED£UØKA 2254 MM 1/2"""
TR5B13;åWIECA ZAP£ONOWA
GKNP20049;WA£ NAP DOWY
WP132;PRZEW”D HAMULCOWY
51274210359;CZUJNIK CIåNIENIA
245/45R18;OPONA
914022;OS£ONA RAMIENIA WYCIERACZKI SETRA MERCEDES
30X52X10;USZCZELNIACZ PIASTY
ZESTAW PRZEWOD”W MIEDZIANYCH;ZESTAW PRZEWOD”W MIEDZIANYCH
RURA WYDECHU;RURA WYDECHU
ZABEZPIECZENIE KLINA ZACISKU;ZABEZPIECZENIE KLINA ZACISKU
ODPOWIETRZNIK HAMULCA;ODPOWIETRZNIK HAMULCA
RURA GUMOWA WLEWU PALIWA;RURA GUMOWA WLEWU PALIWA
OBEJMA T£UMIKA åRODKOWEGO PODWIESZANIA;OBEJMA T£UMIKA åRODKOWEGO PODWIESZANIA
WIESZAK T£UMIKA KO—COWEGO;WIESZAK T£UMIKA KO—COWEGO
T£UMIK åRODKOWY;T£UMIK åRODKOWY
NAKR TKA DWURURKI;NAKR TKA DWURURKI
USZCZELKA RURY WYDECHOWEJ;USZCZELKA RURY WYDECHOWEJ
80080503;G•BKA POLERSKA 6'' Leap
RSGU1.25/20W1;OBEJMA ZACISKOWA Z GUM• FI 25
LOC319;KLEJ DO LUSTEREK
CHLAPACZ TY£ LEWY;CHLAPACZ TY£ LEWY
CHLAPACZ TY£ PRAWY;CHLAPACZ TY£ PRAWY
1301020100;SZK£O REFLEKTORA
2002000085;NAKR TKA M14X1,5 OCYNK.
1301030088;WK£AD REFLEKTORA
0802040222;TULEJA RESORU 12X54X70
2701002538;M£OTEK åLUSARSKI 2KG DREWNIANY TRZON
2701002684;M£OTEK åLUSARSKI 1KG W£”KNIANY TRZON
2703000326;"KLUCZ PNEUMATYCZNY UDAROWY REDATS P-180 1/2"" 1900NM"
2701003009;SZCZYPCE ZACISKOWE NASTAWNE L=125,170,190,250MM
ZESTAW PALNIK”W GAZOWYCH;ZESTAW PALNIK”W GAZOWYCH
0010199;FARBA PODK£ADOWA
13169ALU;T£UMIK
ZA WYKONANIE ELEMENT”W KRATOWNIC;ZA WYKONANIE ELEMENT”W KRATOWNIC
81996700145;KOSZTY LICENCJI MAN CATS BASIS-SC
81996700146;KOSZTY LICENCJI MAN CATS SMARTCARD
RCFD1210;PRZEWODY ZAP£ONOWE
DF1721;TARCZA HAMULCOWA
GDB107;KLOCKI HAMULCOWE
NAKLEJKI ALTERNATORA;NAKLEJKI ALTERNATORA
NAKLEJKI FILTRA POWIETRZA;NAKLEJKI FILTRA POWIETRZA
MODU£ BEZPIECZNIKOWY PULSAR;MODU£ BEZPIECZNIKOWY PULSAR
SPINKA LISTWY PROGU;SPINKA LISTWY PROGU
YT2218;KLUCZ DO RUR
AKUMULATOR 56AH 480A;AKUMULATOR 56AH 480A L+
35069190;MASA NATRYSKOWA CZARNA K128 310ML
MASA NATRYSKOWA SZARA K128 310ML;MASA NATRYSKOWA SZARA K128 310ML
0XAT3031L;SZYBKOZ£•CZE KLIMATYZACJI NIEBIESKIE ZIMNE
1202040011;OD£•CZNIK PR•DU 24V 250A
089358003710;KLEJ STRUKTURALNY
089020000403712;ODRDZEWIACZ K2 500ML
08914810613;MIESZAD£O DO KLEJU DWUKOMPONENTOWEGO
21310108;LISTWA ZAC. GWINT.
NAM06LHHSS800;NARZYNKA M50X1,5
KLEJ DO LUSTER BEZBARWNY 300ML LAKMA;KLEJ DO LUSTER BEZBARWNY 300ML LAKMA
D TKA 165/13;D TKA 165/13
PP841/10;FILTR PALIWA
55X68X8;USZCZELNIACZ
835018;PRZEGUB NAP DOWY
713667380;£OØYSKO KO£A
K1253;FILTR KABINOWY
1306094;KOPU£KA
1406121R;PALEC ROZDZIELACZA
331261;£OØYSKO KO£A 17X19X45
6PK2170;PASEK WIELOROWKOWY
GUMA WYCIERACZKI 500MM;GUMA WYCIERACZKI 500MM
19018196;PRZEW”D HAMULCOWY
R CZNIK MINI;R CZNIK MINI M 2W B/K
PHB152;PRZEW”D HAMULCOWY
WORKI 60L;WORKI 60L
ONE SHOT NEUTRALIZATOR 600ML;ONE SHOT NEUTRALIZATOR 600ML
CZYSCIWO OP.;CZYåCIWO OP. 10KG
AJ1521;ALTERNATOR
MA120;WZMACNIACZ
0558601005100;KONEKTOR ØE—SKI IZOL. CZER. 2.8-0.5MM
LINKA STALOWA NIERDZEWNA 1,5MM;LINKA STALOWA NIERDZEWNA 1,5MM
MAVARP200;PODK£AD EXPOX 0.8L+UTW. 0.2L SZARY
PAPIER WODOODPORNY;PAPIER WODOODPORNY
REGENERACJA SPRZ G£A;REGENERACJA SPRZ G£A
S-219;USZCZELKA SZYBY PRAWY PRZ”D
51261017353;ALTERNATOR MAN 28V/120A
51261050338;KO£O PASOWE Z ROWKAMI
51968200436;PASEK KLINOWY ØEBROWANY 8PK2628
06032168433;SZEåCIOK•TNA åRUBA KO£NIERZA M10X95-10
81254410579;UCHWYT BEZPIECZNIKA
07933100012;BEZPIECZNIK PASKOWY TOPIKOWY B-125A
04371359936;RURA KARBOWANA 14X50000
04371359947;RURA KARBOWANA 17X50000
65974700006;OPASKA ZACISKOWA 4,6X193/6,5-7
ZP375047360;OPASKI ELEKTRYCZNE ZESTAW
28X38X7;USZCZELNIACZ
81996700006;CENA ROZLICZENIOWA ORYGINALNE OPROGRAMOWANIE
ZPH07VK3762;PRZEW”D NIEBIESKI 35,0
09210010026;MAN ANTI-FREEZE READYMIX 324
763E31039100LH00V;POKRYWA KONSERWACYJNA Z MAT• IZOLUJ•C• WIEØY SILNIKA PO LEWEJ STRONIE Z TY£U WYJMOWANE, MONTAØ
766B160391BR0000V;POKRYWA POD£OGOWA W STREFIE SILNIKA WYJMOWANIE, MONTAØ
061B0056210000000;åRODEK CH£ODZ•CY SPUSZCZANIE, NAPE£NIANIE
512C230391QVH00V;PRZEW”D PNEUMATYCZNY NA SPR ØARCE POWIETRZA Z TY£U WYJMOWANE, MONTAØ
541D010391QV0000V;SPR ØARKA POWIETRZNA (2-CYL) WYJMOWANIE, MONTAØ
094A120391QV0000V;PRZEW”D BYPASOWY PRZY TURBOSPR ØARCE WYJMOWANIE, MONTAØ
094A122391QV0000V;PRZEW”D BYPASOWY NA TURBOSPR ØARCE WYJMOWANIE, MONTAØ
094A010391QV0000V;KOLEKTOR POWIETRZA DO£ADOWUJ•CEGO NA TRUBOSPR ØARCE WYJMOWANIE, MONTAØ
026A310391QV0000V;PASEK KLINOWY ØEBROWANY ALTERNATORA DODATKOWEGO
026A330391QV0000V;PASEK WIELOKLINOWY SPR ØARKI CZYNN. CH£ODN.
1914210000000;CZ åCI MOCOWANIA ALTERNATORA
254I4210000000;WI•ZKA KABLI ALTERNATORA MONTAØ
254I6610000000;WI•ZKA KABLI ALTERNATORA WYKONANIE
260A0154210000000;ALTERNATOR DODATKOWY MONTAØ
0640T000000V;UK£AD CH£ODZENIA
277A005418000000V;SYSTEM DIAGNOSTYCZNY MAN-CATS
277A025881000000V;PLIK DANYCH PRZEZBROJENIA
CT651;PASEK ROZRZ•DU
11110392552;KPL åRUB ALUM. SKRZYNI KORBOWEJ
11412165397;KPL åRUB ALUM. POMPY OLEJOWEJ
MIRKA W£”KNINA åCIERNA 152X229MM;MIRKA W£”KNINA åCIERNA 152X229MM
4PK1125;PASEK WIELOROWKOWY
W717/2;FILTR OLEJU
090827;PRZEW”D INTERCOOLERA PRAWY
SPINKA TAPICERKI;SPINKA TAPICERKI
70X88X10;USZCZELNIACZ
818402;USZCZELKA KOLEKTORA SS•CEGO
178611;USZCZELKA POMPY PR”ØNIOWEJ
503791;USZCZELKA POKRYWY ZAWOR”W
ODB”J POKRYWY SILNIKA STOØEK;ODB”J POKRYWY SILNIKA STOØEK
4326862;CZUJNIK NOX DAF SOLARIS N/TYP PRZED KATALIZATOREM
4326864;CZUJNIK NOX DAF SOLARIS N TYP ZA KATALIZATOREM
48385;ZESTAW £A—CUCHA ROZRZ•DU
36337;£A—CUCH POMPY OLEJU
710301160002;REFLEKTRO PRAWY MERCEDES INTEGRO
NAPRAWA BLACHARSKA AUTOBUSU;NAPRAWA BLACHARSKA AUTOBUSU
205/65R16;OPONA HECTORRA
24V 18W RURKOWA;ØAR”WKA 24V 18W RURKOWA
ZAW”R NAGRZEWNICY;ZAW”R NAGRZEWNICY
YT36704;LUTOWNICA GAZOWA 3 W 1
DP600;TUSZ DO KASOWNIK”W DP 600 BLACK (TAåMA)
103651;CZUJNIK åWIATE£ STOP
940016098000;REGULATOR NAPI CIA
9060170524;KO—C”WKA WTRYSKIWACZA
109024;CZUJNIK SPRZ G£A
SZNUR SILIKONOWY OKR•G£Y 4MM;SZNUR SILIKONOWY OKR•G£Y 4MM
SZNUR SILIKONOWY OKR•G£Y 5MM;SZNUR SILIKONOWY OKR•G£Y 5MM
CEWKA WTRYSKIWACZA + KPL USZCZELNIE—;CEWKA WTRYSKIWACZA + KPL USZCZELNIE— SOLARIS
36751012030;SZYBA BOCZNA 1602X240 4X4
FT7015;PRZEW”D HAMULCOWY TY£
R KAWICE OGRODOWE;R KAWICE OGRODOWE
REKAWICE ROBOCZE SYNTETYCZNE;REKAWICE ROBOCZE SYNTETYCZNE
0209977645;ORING 9,5X2,5MM
814044;CH£ODNICA KLIMATYZACJI
1102002584;RURA WYDECHOWA
51065007050;POMPA WODY MAN D2066
0004334962;ZAMEK HAPPICH 6000577
CZUJNIK PIECA CO;CZUJNIK PIECA CO
F00C000EM00;DRUKARKA KART ZC31 ZEBRA ZC300
62648;CH£ODNICA ATEGO
E425KPD219;FILTR PALIWA
E1907LC;FILTR POWIETRZA
1209000013;SYGNA£ DèWI KOWY PNEUMATYCZNY
11317523891;BEZPIECZNIK
4603220041;WZMOCNIENIE
2400623;KO—C”WKA WTRYSKIWACZA DLLA156P850
WS041;PRZEW”D HAMULCOWY
TERMOSTAT;TERMOSTAT
K1241;FILTR KABINY
ABEX BIA£Y £•CZNIK 1-BIEGUN.;ABEX BIA£Y £•CZNIK 1-BIEGUN.
ENERGIZER BATERIA CR2032 LITOWA 3V;ENERGIZER BATERIA CR2032 LITOWA 3V
TOPEX SZCZYPCE DO PIERåCIENI 180MM;TOPEX SZCZYPCE DO PIERåCIENI 180MM WEW. PROSTE
ROMANIK £OPATA W GLOWA;ROMANIK £OPATA W GLOWA
FREZ U STOØKOWY ZAOKR•GLONY;FREZ U STOØKOWY ZAOKR•GLONY
FREZ U OSTRO£UKOWY;FREZ U OSTRO£UKOWY
FREZ U OSTRO£UKOWY ZAOKR•GLONY;FREZ U OSTRO£UKOWY ZAOKR•GLONY
BETA M£OTEK MIEDZIANY 800G;BETA M£OTEK MIEDZIANY 800G
N”Ø METALOWY 18MM;N”Ø METALOWY 18MM
DEDRA N”Ø 180MM METALOWY;DEDRA N”Ø 180MM METALOWY
FRE-PRO WK£AD DO PISUARU WAVE 2.0;FRE-PRO WK£AD DO PISUARU WAVE 2.0
GDB1516;KLOCKI HAMULCOWE
317131;AMORTYZATOR
PRZEW”D NAGRZEWNICY;PRZEW”D NAGRZEWNICY
YT08280;YATO MATA WARSZTATOWA POD KOLANA
AP139/4;FILTR POWIETRZA
K1278A;FILTR KABINOWY
J09-1028B;WIRNIK POMPY
OE688/2;FILTR OLEJU
BHS334E;ZACISK HAMULCA
6504033476581K;REPERATURA B£OTNIKA
704256;KO—C”WKA WTRYSKIWACZA
6504043476313P;B£OTNIK PRZ”D
6504033476582K;REPERATURA B£OTNIKA
CZM136706;KR”CIEC WLEWU OLEJU
CI10400P;INTERCOOLER
MYD£O W P£YNIE 5L;MYD£O W P£YNIE 5L
0241;AJAX ØEL/P£YN PROSZEK
WORKI NA åMIECI 120L;WORKI NA åMIECI 120L
ZMYWAK KUCHENNY;ZMYWAK KUCHENNY
1250;DOMESTOS 1250ML
BROS GRANULAT/£APKA;BROS GRANULAT/£APKA
R KAWICE LATEX;R KAWICE LATEX A.100
1166;P£YN MYJ•CY 0.75L/0.5L/1L
0214;BRISE/ARWICK ØEL
WC BREF 750ML;WC BREF 750ML
BATERIE PANASONIC/PHILIPS;BATERIE PANASONIC/PHILIPS
BUTY OCHRONNE;BUTY OCHRONNE
UBRANIE ROBOCZE;UBRANIE ROBOCZE
530055831;ROZRZ•D KPL
YT7525;OSTRZA £AMANE DO NOØA 18MM 10SZT
AJAX 5L;AJAX 5L
GLASSREINIGER 5L DO SZYB;GLASSREINIGER 5L DO SZYB
PASTA DO R•K TROCINA Z DOD. MYJ. 10L;PASTA DO R•K TROCINA Z DODATKIEM MYJ•CYM 10L
CZYSCIWO WARSZTATOWE XL NIEBIESKIE;CZYåCIWO WARSZTATOWE XL NIEBIESKIE
PAPIER TOALETOWY;PAPIER TOALETOWY
MOP SZNURKOWY SUPER;MOP SZNURKOWY SUPER
MIOT£A PERFEKTA;MIOT£A PERFEKTA
KIJ DREWNIANY;KIJ DREWNIANY
SANIT SHINE 1L;SANIT SHINE 1L
åCIERKA MIKROFIBRA;åCIERKA MIKROFIBRA
G•BKA ZMYWAK;G•BKA ZMYWAK
WORKI NA åMIECI 35L MOCNE;WORKI NA åMIECI 35L MOCNE
NEUTRALIZATOR ZAPACH”W 600ML NORMATEK;NEUTRALIZATOR ZAPACH”W 600ML NORMATEK
KOLOR GOTOWY BAZA;KOLOR GOTOWY BAZA
90559416;USZCZELKA
AE612;ZAW”R AE612 ZAB. 4-OBW. MAN
0205030535;ROLKA PASKA
0407000954;£•CZNIK GUMOWY FI 50 CH£ODNICY
2404000079;DODATEK DO OLEJU NAP DOWEGO 20L
2701001300;NOØYCE DO BLACHY PRAWE
1302011583;LAMPA TY£ ZESPOLONA LED 200X70
295/80R22,5 LINGLONG;295/80R22,5 LINGLONG
9617011050;ZAW”R HAMULCA R CZNEGO
PIANA AKTYWNA KENOTEK GLOBO 3600 20L;PIANA AKTYWNA KENOTEK GLOBO 3600 20L
"W•Ø DO WODY 2"" 20M";"W•Ø DO WODY 2"" 20M"
ENT110007;POMPA PALIWA MECHANICZNA
SMAR DO PRZEGUBU;SMAR DO PRZEGUBU
4264870;TERMOSTAT
21449;DR•ØEK KIEROWNICZY
185/60R16;OPONA
9617020017;DèWIGNIA R CZNEGO
1EL007700061;REFLEKTOR PRZ”D PRAWY
6504049506313;B£OTNIK PRZ”D
TH137888J;TERMOSTAT
SZCZYPCE DO OPASEK PRZEGUBU;SZCZYPCE DO OPASEK PRZEGUBU
REPERATURKA;REPERATURKA
DF4271;TARCZA HAMULCOWA
PE973/7;FILTR PALIWA
18230;KR”CIEC WODNY
W”ZEK GOSPODARCZY ROMEK II;W”ZEK GOSPODARCZY ROMEK II 800X500 SIATKA
OS£ONA SPIRALNA W ØA 44-50MM CZERWONA;OS£ONA SPIRALNA W ØA 44-50MM CZERWONA
R CZNIK CELULOZA 2W 50MB;R CZNIK CELULOZA 2W 50MB
P£YN DO POWIERZCHNI SILNIE ZABRUDZONYCH;FP-2 P£YN DO POWIERZCHNI SILNIE ZABRUDZONYCH
392440;USZCZELKA KOREKTORA WYDECHOWEGO
BOS256110;USZCZELKA UK£ADU WYDECHOWEGO
AJU00975500;USZCZELKA TURBOSPR ØARKI
OLEJ ATF II BECZKA;OLEJ ATF II BECZKA
TAåMA NOåNA ZIELONA PAS 1,35MM X 50MB;TAåMA NOåNA PAS 50MM 1,35MM X 50MB ZIELONA
680175;PRZEW”D INTERCOOLERA
KLAMRA PLASTIKOWA 50MM;KLAMRA PLASTIKOWA 50MM
GDB1762;KLOCKI HAMULCOWE
MATA KAUCZUKOWA 10MM;MATA KAUCZUKOWA 10MM Z KLEJEM
KLAMKA;KLAMKA KLAPY 60X100
PRZEGUB ELASTYCZNY WA£U;PRZEGUB ELASTYCZNY WA£U
DCF899P2-QW;"KLUCZ UDAROWY 1/2"" 18V 2X5AH ZESTAW"
DCG405;KLUCZ UDAROWY KOMPLET Z BATERIAMI
103253;AUTOMAT WSTECZNEGO - W£•CZNIK åWIATE£
K2K607;ODMRAØACZ DO SZYB W SPRAYU K2 700ML
0986280417;CZUJNIK PO£OZENIA WA£U
23388;AMORTYZATOR KLAPY TY£
VISEE AQUATEC 43;PI”RO WYCIERACZEK
C30482;SPINKA BAGAØNIKA
LINEAR DETECTION WIRE 180C;LINEAR DETECTION WIRE 180C
YT55290;ZESTAW NARZ DZI WARSZTATOWYCH
YT55300;ZESTAW NARZ DZI WARSZTATOWYCH
V08070;ZESTAW TORX 40 ELEMENT”W
BLACHA ALUMINIUM PERFOROWANA;BLACHA ALUMINIUM PERFOROWANA
LM3110;åRODEK DO CZYSZCZENIA STYK”W
ROMA82033;SPINKA TAPICERSKA
04389;PRZEGUB ZMIANY BIEG”W M8 WZMAC PRAWY
BHN709E;ZACISK HAMULCA
F026402745;FILTR PALIWA MAN BOSCH
BHN709E KAUCJA;ZACISK HAMULCA KAUCJA
0065420318;CZUJNIK FILTRA POWIETRZA
OLEJ 80W90 20L;OLEJ PRZEK. WOLF GL5 20L
1403001652;P£YTA ZAWOROWA SPR ØARKI
0103001436;WK£AD FILTRA POWIETRZA
1507080355;OBUDOWA STOPNIA KABINY
1501011147;LUSTRO 255X160
KLUCZ UDAROWY DO PODBIJANIA 24MM;KLUCZ UDAROWY DO PODBIJANIA 24MM
295/80R22,5 KELLY;295/80R22,5 KELLY
0005468701;ADAPTER CZUJNIKA CIåNIENIA POWIETRZA
0019846429;åRUBA MB 702
16512;KLOCKI HAMULCOWE
0340260038;CZUJNIK BIEGU JA£OWEGO (LUZ)
12009028;NASTAWNIK FAZ ROZRZ•DU
12009029;NASTAWNIK FAZ ROZRZ•DU
GCH3023;LINKA HAMULCA R CZNEGO
GCH2623;LINKA HAMULCA R CZNEGO
GCH2618;LINKA HAMULCA R CZNEGO
KR21741;SPR ØYNA GAZOWA
3397007047;PI”RA WYCIERACZEK KPL
12793;POMPKA SPRYSKIWACZY
SET1094;£OØYSKO KO£A 33022
V10080312;DYSZA SPRYSKIWACZA
OE672/2;FILTR OLEJU
ROM50270Z;SPINKA TAPICERSKA
13249044;ZATRZASK POKRYWY SILNIKA
ROMC60396;ELEMENT KLAPY SILNIKA
58X80X10;USZCZELNIACZ
8PK1908;PASEK WIELOROWKOWY
PP990;FILTR PALIWA
3397118325;PI”RA WYCIERACZEK KPL
GDB1700;KLOCKI HAMULCOWE
574151;PI”RO WYCIERACZKI
AP072/2;FILTR POWIETRZA
MMTT014001;WORKI NA OPONY
P£YN DO MYCIA NACZY— ULTRA 5L;P£YN DO MYCIA NACZY— ULTRA 5L
MYD£O NINA 5L;MYD£O NINA 5L
0555923200525;Z£•CZE LUTOWANE UL NIEBIESKIE 4,5MM
0555923100525;Z£•CZE LUTOWANE UL CZERWONE 2.7MM
706117360;ZAW”R ELEKTROPNEUMATYCZNY
0129084819005100;WKR T SAMOGWINTUJ•CY BLACHOWKR T
091504817003250;NIT ZRYWALNY Z DUØYM OKR•G£YM £BEM P£ASKIM
36436006018;PODUSZKA ZAWIESZENIA TY£ MAN NOWY TYP
36436006008;PODUSZKA ZAWIESZENIA PRZ”D MAN NOWY TYP 2020
DF4796;TARCZA HAMULCOWA
AMAN0027ACLSR;SZYBA MAN LION'S CITY A21 PRAWA
46021;CZUJNIK POZIOMU P£YNU
51750030016;WKR T NIERDZEWNY 3X16 STOØKOWY 200SZT
"NASADKA UDAROWA 1"" 32MMX90MM 6-K•T";"NASADKA UDAROWA 1"" 32MMX90MM 6-K•T"
1507080345;OBUDOWA STOPNIA KABINY
3397118995;PI”RA WYCIERCZEK KPL
574375;PI”RA WYCIERACZEK KPL
ARKUSZ WODNY P800;ARKUSZ WODNY P800
PODK£AD 500ML;PODK£AD 500ML
RH3330;SPR ØYNA ZAWIESZENIA
åCIERECZKA ANTYSTATYCZNA;åCIERECZKA ANTYSTATYCZNA
KR•ØEK 150-600;KR•ØEK 150-600
39873;KO—C”WKA DR•ØKA
0891450101061;DYSZA Z MIESZALNIKIEM DO KLEJU
725064;TERMOSTAT
TH687288J;TERMOSTAT
ZASILACZ STABILIZOWANY 12V 1A 1.7X4.8MM;ZASILACZ STABILIZOWANY 12V 1A 12W 1.7X4.8MM
MEMBRANA POMPY PALIWA KPL;MEMBRANA POMPY PALIWA KPL
2011813252;LAMPA PRZ”D PRAWA
VK519;KOPU£KA ROZDZIELACZA ZAP£ONU
VK3601;KOPU£KA ROZDZIELACZA ZAP£ONU
EVL1381;PALEC ROZDZIELACZA ZAP£ONU
EVL088;PALEC ROZDZIELACZA ZAP£ONU
2011813352;LAMPA PRZ”D PRAWA
014030;MATA ROBOCZA SK£ADANA
4603320033;POKRYWKA SWORZNIA ZWROTNICY BEZ OTWORU
3442;PULPIT
13417362;KRATKA NAWIEWU POWIETRZA
V8HFM11/8160;POMPKA ZASILAJ•CA PALIWA + USZCZELKA
535001310;KO£O PASOWE ALTERNATORA
PRONTO 400ML;PRONTO 400ML
MOSTEK OGNIWA BATERII 35MM 2X110;MOSTEK OGNIWA BATERII 35MM 2X110
MOSTEK OGNIWA BATERII 25MM 2X75;MOSTEK OGNIWA BATERII 25MM 2X75
åRUBA MOSTKA BATERII;åRUBA MOSTKA BATERII
ROLSOUND SGP 20MM;MATA WYG£USZAJ•CA ROLSOUND SGP 20MM
WYG£USZENIE MASKI PRZEDNIEJ;WYG£USZENIE MASKI PRZEDNIEJ
20088K;TERMOSTAT
AR001;FILTR POWIETRZA
PS822;FILTR PALIWA
KL130F;FILTR PALIWA
5232226000;Z£•CZKA PRZEWOD”W PNEUMATYCZNYCH VOSS
6K000MN1945050;KASOWNIK BILET”W R&G KRG-6KB3
46527;ZESTAW USZCZELEK
1204990005;CZUJNIK åWIATE£ COFANIA
1301020104;SZK£O REFLEKTORA AXOR
1301020102;SZK£O REFLEKTORA
245/65R16 TRIANGLE;245/65R16 TRIANGLE
577240;USZCZELKA POKRYWY ZAWOR”W
0986356308;ZESTAW PRZEWOD”W ZAP£ONOWYCH
26102;NAKR TKA KO£A
BRB;BUTY OCHRONNE
SPODNIE OGRODNICZKI;SPODNIE OGRODNICZKI
3332;MOP MIDI/MAXI/MEGA SZNUREK
MIOT£A VILEDA;MIOT£A VILEDA
ODåWIEØACZ AIRWICK MATIC;ODåWIEØACZ AIRWICK MATIC
åCIERKA FROTTE MIKROFIBRA;åCIERKA FROTTE MIKROFIBRA
åCIERKA;åCIERKA
R KAWICE GOSPODARCZE;R KAWICE GOSPODARCZE
WIADRO PROF. NIEB.;WIADRO PROF. NIEB.
X800101;åWIAT£O B£YSKOWE POMARA—CZOWE
VLINE41;åWIECA ZAP£ONOWA
NAGRZEWNICA ELEKTRYCZNA;NAGRZEWNICA ELEKTRYCZNA
1305050025;LAMPA B£YSKOWA Ø”£TA 12/24V LED WAå
KR21502;SPR ØYNA GAZOWA
517615;USZCZELKA POKRYWY ZAWOR”W
37508;CZUJNIK OBROT”W WA£U
205348052;LAMPA PRZEDNIA LEWA
596282J;TERMOSTAT
FZB014;BELKA ZAWIESZENIA
441098;AMORTYZATOR
205347052;LAMPA PRZENIA PRAWA
4644N;MIECH ZAWIESZENIA TY£ SETRA PRZYKR CANA
MMTA0400692;DYWANIKI GUMOWE
MGS0001MT;SPR ØYNA GAZOWA
110210;G£OWICA KOMPRESORA
266060;USZCZELKA POKRYWY ZAWOR”W
0250403024;åWIECA ØAROWA
0335200041;PRZEKAèNIK KIERUNKOWSKAZU
15957;åWIECA ØAROWA
ABH4002;SZCZOTKOTRZYMACZ ALTERNATORA
124415;ORING POMPY WSPOMAGANIA MAN
GDB1099;KLOCKI HAMULCOWE
DF1745;TARCZA HAMULCOWA
RAMA KOWAD£O POZYCJONER;RAMA KOWAD£O POZYCJONER
3160604607;£•CZNIK STABILIZATORA
074845;ZESTAW USZCZELEK SILNIKA G”RA
NCA130;CH£ODNICA SOLARIS NOWY TYP SZEROKA
HP347;ZESTAW USZCZELNIACZY SKRZYNI BIEG”W ZF 5HP
PRZEW”D WLEWU PALIWA;PRZEW”D WLEWU PALIWA
D41080C;REPERATURKA ZACISKU
40X58X10;USZCZELNIACZ P”£OSI
FZB003;BELKA ZAWIESZENIA
81274210232;CZUJNIK POZIOMU P£YNU MAN
CZH1128;ZACISK HAMULCA TY£ LEWY
CZH1129;ZACISK HAMULCA TY£ PRAWY
AM462/1;FILTR POWIETRZA
PODK£AD POLIURETANOWY + UTWARDZACZ;PODK£AD POLIURETANOWY + UTWARDZACZ
NADKOLE WEWN TRZNE;NADKOLE WEWN TRZNE
GLAS CARE 1L;GLAS CARE 1L
83255040012;PRZE£•CZNIK MAN NOWY TYP
51063305046;SKRZYNKA ROZDZIELACZA
Q3201;MOCOWANIE PRZEWODU HAMULCOWEGO
2800012021280;AKUMULATOR 65AH 650A
ZESTAW PRZEWOD”W HAMULCOWYCH+ELASTYCZNE;ZESTAW PRZEWOD”W HAMULCOWYCH+ELASTYCZNE
K1133;FILTR KABINOWY
400870;MATA BAGAØNIKA
5901812597038;GRZEJNIK ELEKTRYCZNY Z PILOTEM
46816057;OS£ONA TARCZY HAMULC.
46816058;OS£ONA TARCZY HAMULC.
YT04304;NASADKA TRZPIENIOWA TORX T20
119394;PI”RO WYCIERACZKI
103034;OS£ONA PRZEK£ADNI KIEROWNICZEJ
004014;TAåMA UNIWERSALNA SZARA 50MMX25M
2706014;PODUSZKA SILNIKA
26149;KOSTKA STACYJKI
ABE9021;£OØYSKO
MINI RAPID;STEROWNIK KOT£A ZASYPOWEGO
RA3754;SPR ØYNA ZAWIESZENIA
FAE18101;CZUJNIK CIåNIENIA HAMULCA R CZNEGO
996131;SPR ØYNA ZAWIESZENIA
88637006062;LUSTRO PRAWE KPL MAN LION'S CITY
3053602;£•CZNIK STABILIZATORA
3097697;WI•ZKA SKRZYNI VOITH WEWN TRZNA
4721763160;ZAW”R ELEKTROMAGNETYCZNY SOLARIS
507788J;TERMOSTAT
18167;STACYJKA
1986AE0110;REGULATOR NAPI CIA
YT1918;NOØYCE DO BLACHY
YT1919;NOØYCE DO BLACHY
YT1915;NOØYCE DO BLACHY LEWE
80001355;PODUSZKA SKRZYNI
ST30016;ZAW”R PRZEP£YWOWY 5,5 BAR
USZCZELKA SZYBY 6/6 Z KLINEM KPL;USZCZELKA SZYBY 6/6 Z KLINEM KPL
KAMP6001;PRZEGUB ZEWN TRZNY
0373/05B3;WK£AD LUSTERKA DUØY 405 MOCOWANIE DRUT
6502079539993P;ELEMENT ZDERZAKA
AKUMULATOR 70AH 760A AGM;AKUMULATOR 70AH 760A BOSH
OE682/1;FILTR OLEJU
PE982/1;FILTR PALIWA
119860;PI”RO WYCIERACZKI
119853;PI”RO WYCIERACZKI
AP051/7;FILTR POWIETRZA
6144980029;PRZEGUB ZEWN TRZNY
51091007401;TURBOSPR ØARKA MAN A01
CH£ODNICA OGRZEWANIA;CH£ODNICA OGRZEWANIA
7701050582;RAMI  WYCIERACZKI
7701050584;RAMI  WYCIERACZKI
TC2248;WAHACZ ZAWIESZENIA KO£A
38057;WAHACZ ZAWIESZENIA KO£A
15W40 MOBIL DELVAC 208L;15W40 MOBIL DELVAC 208L
180233152;LAMPA KIERUNKOWSKAZU
Volkswagen Golf GKA70R3, nr VIN: WVWZZZ1;Volkswagen Golf GKA70R3, nr VIN: WVWZZZ1JZ3W058007, rok produkcji 2002
RA3751;SPR ØYNA ZAWIESZENIA PRZEDNIA
3988;PIERåCIE— IZOLACYJNY
4460970000;CZUJNIK TEMPERATURY ZEWN TRZNEJ
A9W008MT;OS£ONA AMORTYZATORA
PNCA021;OBEJMA MOCOWANIA PRZEWOD”W Z GUM• FI 40
PRZEWOD FI 38;PRZEW”D PALIWO+BENZYNA+OLEJ FI 38
6PK955;PASEK WIELOROWKOWY
KONCENTRAT DO MYCIA SZYB 5L;KONCENTRAT DO MYCIA SZYB 5L
PREPARAT PIANOWY DO CI ZKICH ZABRUDZE—;PREPARAT PIANOWY DO CI ØKICH ZABRUDZE— 5L
PREPARAT DO MYCIA SILNIK”W 5L;PREPARAT DO MYCIA SILNIK”W 5L
KLAMKA Z KODEM LEWA;KLAMKA Z KODEM LEWA
KLAMKA Z KODEM PRAWA;KLAMKA Z KODEM PRAWA
LM70169;POMPA HAMULCOWA
BPM7A;åWIECA ZAP£ONOWA
TC2249;WAHACZ
BX11732;MATA GUMOWA AØUROWA
REGENERACJA KOSTKI DRZWI WABCO;REGENERACJA KOSTKI DRZWI WABCO
DO ZAMKOW;ODMRAØACZ DO ZAMK”W
OLEJ CORENA S3 R 68;OLEJ CORENA S3 R 68
FILTR OLEJU EV03/NK60 R32047;FILTR OLEJU EV03/NK60 R32047
SEPARATOR EV03/NK60 R85485 R112104;SEPARATOR EV03/NK60 R85485 R112104
WK£AD FILTRA C1555/6;WK£AD FILTRA C1555/6
FILTR 400X400X20 NK60/E;FILTR 400X400X20 NK60/E
7144980062;P”£Oå NAP DOWA PRZ”D
06569364345;ORING POMPY WTRYSKOWEJ
195/75R16;OPONA
0018300972;CZUJNIK TEMPERATURY P£YNU W PIECU
AKUMULATOR 52AH;AKUMULATOR 52AH
P£YN DO P£UKANIA UK£ADU CH£ODZENIA 1L;P£YN DO P£UKANIA UK£ADU CH£ODZENIA 1L
4603310558;WSPORNIK
460337048564;OS£ONA ELASTYCZNA PRZEGUBU
6738300334;PRZYCISK
101975;ZAW”R ZWROTNY P£YNU SPRYSKIWACZY
0011523210;ELEKTROMAGNES ROZRUSZNIKA
1104000457;PODUSZKA ZAW. UK£. WYD. FI 50X30 M10
1104000008;PODUSZKA ZAW. UK£. WYD. FI 30X20 M8
1104000460;PODUSZKA ZAW. UK£. WYD. FI 40X30 M8
NAKR TKA M14X1,5 SAMOKONTROLUJ•CA;NAKR TKA M14X1,5 SAMOKONTROLUJ•CA
PLANDEKA 4X5 260G;PLANDEKA 4X5 260G
PLANDEKA 5X8 260G;PLANDEKA 5X8 260G
SZCZOTKA DO USUWANIA B£OTA åNIEGU TWARDA;SZCZOTKA DO USUWANIA B£OTA åNIEGU TWARDA
ODKAMIENIACZ DO CH£ODNIC LIQUI MOLY;ODKAMIENIACZ DO CH£ODNIC LIQUI MOLY
6PK962;PASEK WIELOROWKOWY
APV1076;NAPINACZ PASKA
£OPATA DO åNIEGU ERGO METAL NIEBIESKA;£OPATA DO åNIEGU ERGO METAL NIEBIESKA
6509012565994PP;ELEMENT ZDERZAKA
P£YN HAMULCOWY DOT 4 1L;P£YN HAMULCOWY DOT 4 1L
VKMC03318;ROZRZ•D KPL
3986201;£•CZNIK STABILIZATORA
81061019425;CH£ODNICA P£YNU CH£ODZ•CEGO MAN
SMAR 5ML;SMAR DO T£OCZK”W 5ML
FERTAN 1L KONCENTRAT USUWAJ•CY RDZ ;FERTAN 1L KONCENTRAT ZABEZPIECZAJ•CY ZBIORNIK
ZABEZPIECZENIE WN TRZA ZBIORNIKA TAPOX;ZABEZPIECZENIE WN TRZA ZBIORNIKA TAPOX 285ML+TX1
USZCZELKA SZYBY 53X34X28 Z KLINEM;USZCZELKA SZYBY 53X34X28 Z KLINEM
6601012564801Q;NADKOLE PRZ”D LEWE
6601012564802Q;NADKOLE PRZ”D PRAWE
01083900;GA£KA ZMIANY BIEG”W
2702000958;PR”BNIK NAPI CIA 12-24V
713194400;USZCZELKA POKRYWY ZAWORU DAF SOLARIS
GUMA DO PLANDEK 10CM Z HACZYKIEM;GUMA DO PLANDEK 10CM Z HACZYKIEM
SZCZOTKA ULIC”WKA 40CM;SZCZOTKA ULIC”WKA 40CM
LM806610;£OØYSKO SET1227
10W40 TEXACO 208L;10W40 OLEJ TEXACO 208L
15W40 TEXACO 208L;15W40 OLEJ TEXACO 208L
2PS357012001;LAMPA OBRYSOWA POMARA—CZOWA 62X62
KALENDARZ OPOLTRANS;KALENDARZ OPOLTRANS
MOSTEK WZBUDZENIA ALTERNATORA;MOSTEK WZBUDZENIA ALTERNATORA
231756;BENDIX ROZRUSZNIKA
2339402372;AUTOMAT ROZRUSZNIKA SOLARIS N/TYP
6PK2000;PASEK ALTERNATORA 6PK2000
6PK1080;PASEK ALTERNATORA 6PK1080
6PK1613;PASEK ALTERNATORA 6PK1613
198630;KO—C”WKA DR•ØKA
100653;FILTR POWIETRZA ZESTAW
1402000047;OSUSZACZ EAC ELA 1000 DAF KNORR
39760;CZUJNIK ZUØYCIA KLOCK”W
13047154052;ZESTAW NAPRAWCZY ZACISKU
13046002142;ZESTAW MONTAØOWY KLOCK”W
535016810;KO£O PASOWE ALTERNATORA
E410041;WIBROIZOLATOR
ZACISK REGENEROWANY VARIO TY£;ZACISK REGENEROWANY VARIO TY£
OP518;FILTR OLEJU
0120301698;ORING
13044160102;ZESTAW NAPRAWCZY ZACISKU
BOS265119;£•CZNIK RUR WYDECHU
WP6005;PRZEW”D HAMULCOWY MIEDZIANY 6MM 5M
SD6067;SPRZ G£O JEDNOKIERUNKOWE
CM58051;GNIAZDO ELEKTRYCZNE PODW”JNE 12V 15A WODOSZCZELNE
BAD BOYS HARDCORE 5L;BAD BOYS HARDCORE 5L
"NASADKA UDAROWA 1"" 95MMX105 6-KAT";"NASADKA UDAROWA 1"" 95MMX105 6-KAT KR”TKA"
"NASADKA UDAROWA 1"" 80MMX100MM 6-KAT";"NASADKA UDAROWA 1"" 80MMX100MM 6-KAT KR”TKA"
532053510;ROLKA PROWADZ•CA PASKA
532046810;ROLKA PROWADZ•CA PASKA
534027810;NAPINACZ PASKA
532053610;ROLKA PROWADZ•CA PASKA
BEZPIECZNIK BLASZKOWY;BEZPIECZNIK BLASZKOWY
EVERTLC890;MONTAØOWNICA OPON OSOBOWYCH
EVERTCB900B;WYWAØARKA DO K”£ OSOBOWYCH
N90766302;åRUBA KO£A PASOWEGO
ROM10916;SPINKA TAPICERSKA
ROMC60762;ROMC60762
4RD965453041;PRZEKAØNIK UNIWERSALNY
0281006123;CZUJNIK TEMPERATURY OLEJU
121429;KLOSZ LAMPY TY£
AG1085MT;AMORTYZATOR
185009012;LAMPA BOCZNA KIERUNKOWSKAZU
16340;KLOCKI HAMULCOWE
05BCT50;SI£OWNIK HAMULCOWY
05DMT50;OS£ONA GUMOWA
000723180208;PI”RO WYCIERACZKI
H14W27;FILTR OLEJU
S0025;ROZRUSZNIK
K1152;FILTR KABINOWY
174564;ZAMEK DRZWI
0986356988;ZESTAW PRZEWOD”W ZAP£ONOWYCH
0242235663;åWIECA ZAP£ONOWA
103907;CZUJNIK IMPULSOWY TACHO 4PINY 25MM
0486000250;CZUJNIK ABS K•TOWY PROSTOK•TNA WTYCZKA
176960;NAPINACZ PASKA
15W40 VALVOLINE PREMIUM;15W40 VALVOLINE PREMIUM BECZKA
RSDQB3220DZ;ZAW”R PNEUMATYCZNY
TD269W;£•CZNIK STABILIZATORA
EKH003;ESPERANZA KUCHENKA ELEKTRYCZNA
80P670851001;KLAMKA NIKLOWANA
BEZPRZEWODOWY CZYTYNIK KOD”W HD43;BEZPRZEWODOWY CZYTYNIK KOD”W HD43
TAåMA BROTHER DK-22205;TAåMA BROTHER DK-22205 ORYGINALNA
PREPARAT MIKE SANDERS KORROSIONS;PREPARAT MIKE SANDERS KORROSIONSSCHUTZFETT 4KG
0130063042;SILNIK DMUCHAWY
OP647;FILTR OLEJU
BUS0436;LUSTRO PRAWE KPL SOLARIS N/TYP D9502802
240ACC253;W£•CZNIK POCI•GOWY
HIAZAPRZEDLUZKA45;PRZED£UZKA ZAWORU POWIETRZA K•TOWA 45
MB2726-1;ZDERZAK PRZ”D LEWY CONECTO
WSTAWIENIE KO—C”WEK WTRYSKIWACZA;WSTAWIENIE KO—C”WEK WTRYSKIWACZA
DLLA150S548;KO—C”WKA WTRYSKIWACZA
JBJ730;SWORZE— WAHACZA
PRZEW”D HYDRAULICZNY M22 L700;PRZEW”D HYDRAULICZNY M22 L700MM
295/80R22,5 TRIANGLE;295/80R22,5 TRIANGLE/JINYU
G•BKA POLERSKA 150;G•BKA POLERSKA 150 BIA£A
1407000623;"SZYBKOZ£•CZE TEKALANU FI8 1/4"""
4206601;OS£ONA PRZEK£ADNI KIEROWNICZEJ
TA3186;DR•ØEK KIEROWNICZ
PODK£ADKA METALOWA FI12X24;PODK£ADKA METALOWA FI12X24
2759303;KO—C”WKA DR•ØKA KIEROWNICZEGO
1402010104;WK£AD OSUSZACZA SOLARIS NOWY TYP
K1347;FILTR KABINOWY
DF084;PI”RA WYCIERACZEK KPL 600/550
HIACNCZN50000000;CI ØAREK NABIJANY NA FELGI STALOWE 5G 100SZT
HEACN410500500510;CI ØAREK NABIJANY NA FELGI STALOWE 5G 100SZT
HEACNALU100000000;CI ZAREK NABIJANY NA FELGI ALUMINIOWE 10G 100SZT
HEACNALU150000000;CI ØAREJ NABIJANY NA FELGI ALUMINIOWE 15G 100SZT
HEACN200000000000;CI ØAREK NABIJANY NA FELGI STALOWE 20G 100SZT
HEACNALU250000000;CI ØAREK NABIJANY NA FELGI ALUMINIOWE 25G 100SZT
HEACNALU300000000;CI ØAREK NABIJANY NA FELGI ALUMINIOWE 30G 100SZT
HEACNALU350000000;CI ØAREK NABIJANY NA FELGI ALUMINIOWE 35G 100SZT
HEACN400000000000;CI ØAREK NABIJANY NA FELGI STALOWE 40G 100SZT
HEACN450000000000;CI ØAREK NABIJANY NA FELGI STALOWE 45G 100SZT
HEACN500000000000;CI ØAREK NABIJANY NA FELGI STALOWE 50G 100SZT
DLANMBIALA5000000;PPASTA MONTAØOWA K”£ BIA£A 5KG
ARANIWT2100000000;SZCZYPCE DO NABIJANIA CI ØARK”W
13X960;PASEK KLINOWY 13X960
53533350;SZLIFIERKA MIMOSRODOWA
8PK1688;PASEK WIELOKLINOWY 8pk1688
30974;TULEJA BELKI TY£ AUDI A6
30973;TULEJA BELKI TY£ AUDI A6
6292400217;PODUSZKA SILNIKA MERCEDES CITARO
1378588;PODUSZKA SILNIKA SOLARIS DAF
81962100367;PODUSZKA SILNIKA MAN
104051;PODUSZKA SILNIKA VW T4
01477;ZESTAW NAPRAWCZY KO£A ZAMACHOWEGO
DF4454;TARCZA HAMULCOWA
GDB1628;KLOCKI HAMULCOWE
TP6804;POMPA R CZNA DO OLEJU I P£YNU
125P;SI£OWNIK SPRZ G£A FIAT 125P
0007600161;KLAMKA DRZWI MERCEDES G WEW.
2118701310;CZUJNIK åWIAT£A ZMIERZCHU MERCEDES
1169871444;PODK£ADKA ZWROTNICY
GIC172;CZUJNIK KLOCK”W MERCEDES
GIC229;CZUJNIK KLOCK”W HAMULCOWYCH MERCEDES
GIC162;CZUJNIK KLOCK”W HAMULCOWYCH MERCEDES
31140;CZUJNIK TEMPERATURY FIAT
4607270096;PODK£ADKA KLAMKI
51596;TULEJA STABILIZATORA VOLVO
3814600004;STACYJKA ZAP£ONU MERCEDES
171840;PODUSZKA SILNIKA MERCEDES CITARO
PW804;FILTR PALIWA
PU11001;FILTR PALIWA
0212;SPRAY ANTYKOROZYJNY
2134;CIF 500/780/750/1000ML.
CUK27021-2;FILTR KABINOWY
0185;KAMIX 2X75G/50G/500G/1KG
1646;PROSZEK/P£YN DO RUR
0218;P£YN DO NACZY—
PISTOLET DO KONSERWACJI;PISTOLET DO KONSERWACJI PODWOZI
ZACISK ELEKTRYCZNY 800 AMP;ZACISK ELEKTRYCZNY 800 AMP
KOLOR GOTOWY DYNA PRO AKRYL;KOLOR GOTOWY DYNA PRO AKRYL
DYNA UTWARDZACZ FLEXI OP. 2,5L;DYNA UTWARDZACZ FLEXI OP. 2,5L
PREPARAT DO MYCIA REMOVER 400ML;PREPARAT DO MYCIA REMOVER 400ML
MIKROFIBRA SUPER SOFT 40X40 400G/M2;MIKROFIBRA SUPER SOFT 40X40 400G/M2
MIKROFIBRA COYOTE 40X40 380G;MIKROFIBRA COYOTE 40X40 380G
FT5C10;FILTR WLEWU FT5C10
GE25L;£OØYSKO GE25L
09206;£•CZNIK STABILIZATORA
TC686;£•CZNIK STABILIZATORA
3250057;LUSTERKO ZEWN TRZNE PRAWE
H97W07;FILTR OLEJU
10,00R20;OPONA KPL
6718802070;ZDERZAK PRZEDNI åRODKOWY
01770861;KIERUNKOWSKAZ LUSTERKA LEWY TRANSIT
HF6315;FILTR HYDRAULICZNY
1520289;PODPORA P”£OSI NAP DOWEJ TRANSIT
AM475/1;FILTR POWIETRZA
PP879/1;FILTR PALIWA
60531122;ODRZUTNIK OLEJU SKRZYNI BIEG”W
2702001027;PODNOåNIK PENUMATYCZNY 4,5T
PRZEW”D POWIETRZA FI 120X100;PRZEW”D POWIETRZA FI 120X100
1201030266;KO£O PASOWE
ZESTAW NARZ DZI WALIZKA 188 ELEM.;ZESTAW NARZ DZI WALIZKA 188 ELEM.
70X88X8;USZCZELNIACZ
94006;APTECZKA SAMOCHODOWA OSOBOWA
720N;MIECH ZAWIESZENIA
1104000450;PODUSZKA ZAW.UK£.WYD FI50X30 M10
0103000133;PODUSZKA ZAW,UK£.WYD FI24,5X18 M6
01840;CZUJNIK TEMPERATURY ZEWN TRZNEJ
1565MER;KO£O PASOWE ALTERNATORA FI30X92X35WYS
9750010000;REGENERACJA PODUSZKI
B05AG077;ROLKA NAPINACZA DAF SOLARIS 822281-1
1508000126;SP ØYNA GAZOWA 250N 270MM
PODNOåNIK PNEUMA. HYDRAU. 50TON;PODNOåNIK PNEUMATYCZNY HYDRAULICZNY 50TON
5002030088P;MIECHA ZAWIESZENIA AXOR PRZ”D
139698;SZCZOTKOTRZYMACZ
2701002685;M£OTEK åLUSARSKI 2KG W£”KNIANY
0160600002;£•CZNIK STABILIZATORA
1407000584;SZYBKOZ£•CZE TEKALANU FI 6/M12
1211106001;OLEJ ATF T-WS RAVENOL 1L
1211106004;OLEJ ATF T-WS RAVENOL 4L
4286601;ZESTAW NAPRAWCZY WAHACZA CITARO D£UGI SWORZE—
AP152/1;FILTR POWIETRZA
OP699;FILTR OLEJU
OM547;FILTR OLEJU
VKMC91304;ROZRZ•D KPL
3397004667;PI”RO WYCIERACZKI 400MM
TQT108/67;ZDERZAK PRZEDNI BEZ KIERUNKOWSKAZ”W
T168-74;GUMA ZDERZAKA PRZEDNIEGO BEZ KIERUNKOWSKAZ”W
1008918;POMPA PIUSI E120M
4265501;ZESTAW NAPRAWCZY WAHACZA CITARO KR”TKI SWORZE—
YT0342;KLUCZ P£ASKO-OCZKOWY 13MM
"KO£PAKI 15"" KPL. 4SZT.";"KO£PAKI 15"" KPL. 4SZT."
STR10239;DR•ØEK KIEROWNICZY WZD£UØNY L-1358
FE05683;åRUBA KO£A M12X1,5X22/47,5
4635771;PODUSZKA SKRZYNI BIEG”W
ITBNN600X2;TABLICA NARZ DZIOWA WARSZTAT 115X39CM + 55 KUWET
JHB5020;AMORTYZATOR
12X25X7;USZCZELNIACZ 12X25X7
25X47X10;USZCZELNIACZ 25X47X10
28X47X7;USZCELNIACZ
30X52X7;USZCELNIACZ
45X65X10;USZCELNIACZ
65x90x12;USZCELNIACZ
ST202321;"SI£OWNIK HAMULCA JEDNOKOMOROWY 24"" (TARCZA)"
70X90X12;USZCZELNIACZ
80X112X12;USZCZELNIACZ
80X100X15,5;USZCZELNIACZ SKRZYNI
85X110X9,5;USZCZELNIACZ
0433175489;KO—C”WKA WTRYSKU
1K0247043051;HALOGEN
135x175x15;USZCZELNIACZ
145x160x13;USZCZELNIACZ
145x175x15/01;USZCZELNIACZ
145x175x17/21;USZCZELNIACZ
4410320302;CZUJNIK ABS 90 TGA PRZ”D LEWY L = 1 MAN 300
0022604457;ZAW”R SKRZYNI BIEG”W MB 111
"SZNUR MIKRO 23X22""C""";"SZNUR MIKRO 23X22""C"""
112081;AMORTYZATOR
CU10005;PRZEW”D HAMULCOWY MIEDZIANY 10MM 5M
53924;PRZEGUB DR•ØKA REAKCYJNEGO FI75X130
OLEJ PRZEK£ADNIOWY ATF II D 20L;OLEJ PRZEK£ADNIOWY ATF II D JASOL 20L
SZYBKOZ£•CZE FI6/M12 ZEW. KOLANKO;SZYBKOZ£•CZE FI6/M12 ZEW. KOLANKO
SMAROWNICZKA K•TOWA M10X1/45;SMAROWNICZKA K•TOWA M10X1/45
SMAROWNICZKA K•TOWA M6X1/45;SMAROWNICZKA K•TOWA M6X1/45
623309400;SPRZ G£O
RH1722;SPR ØYNA ZAWIESZENIA PRZEDNIA
0070096;KLEJ DO SZYB BOLL SPRINT 600ML
WA923/2;FILTR P£YNU CH£ODNICZEGO
PRZEW”D SANTOPRENE LEKKI 110MM SAN LEKKI;PRZEW”D SANTOPRENE LEKKI 110MM SAN LEKKI110
78358932;ØAR”WKA 2-STYKOWA
60039;PASTA DO MYCIA R•K 440ML
IPRTCH40;ØEL DO MYCIA R•K 500ML
4721726860;ELEKTROZAW”R 24V ODWR”CONY/OBKR CONY
1009550007;POMPKA SPRYSKIWACZY
ROM10551;SPINKA TAPICERSKA
1986AE0124;REGULATOR NAPI CIA
MOT102888;OLEJ SILNIKOWY MOTUL 8100 ECOCLEAN 0W-30 5L
TAåMA IZOLACYJNA 0,15MM X 19MM 20M;TAåMA IZOLACYJNA 0,15MM X 19MM 20M
103173;POMPKA SPRYSKIWACZY
3000951051;SPRZ G£O
£•CZNIK TR”JNIKA 3XM16;£•CZNIK TR”JNIKA 3XM16
15W40 JASOL 60L;OLEJ 15W40 AGRI JASOL 60L
4721950180;MODULATOR ABS WABCO
0702030017;"KO£PAK KO£A 22,5"" CHROM. PRZ”D PUSTY"
0702030007;"KO£PAK KO£A 22,5"" CHROM TY£ PE£NY G£ BOKI"
1101000738;T£UMIK
0505000009;SI£OWNIK SPRZ G£A
0803000371;DR•ØEK REAKCYJNY MAN
0803000006;SIERØANT
AM472;FILTR POWIETRZA
8PK2523;PASEK WIELOROWKOWY
380953129;OPRAWKA ØAR”WKI KIERUNKOWSKAZU
8ET009149471;CZUJNIK MASY POWIETRZA HELLA
80W90 ORLEN PLATINUM GEAR GL5 20L;OLEJ 80W90 ORLEN PLATINUM GEAR GL5 20L
15W40 AGRI JASOL 30L;OLEJ 15W40 AGRI JASOL 30L
1201020164;ELEKTROWY£•CZNIK ROZR.
1201010394;PROSTOWNIK 12/24V 30A BEZ ROZR.
WYG£USZENIE MASKI;WYG£USZENIE MASKI
CX80;PREPARAT KONSERWUJ•CO NAPRAWCZY
L82C/T10;åWIECA ZAP£ONOWA
235/50R17 KLEBER;OPONA LETNIA 235/50R17 KLEBER
5402032001309P;LUSTERKO ZEWN TRZNE
3397014115;ZESTAW PI”R DO WYCIERACZEK
533001719;NAPINACZ PASKA WIELOROWKOWEGO
A6349970172;KR”CIEC PRZEWODU ELAST.
N007604014110;åRUBA ZAåLEPIAJ•CA
A9909970145;PIERåCIE— USZCZELNIAJ•CY 14X20X1,5
A6569970049;USZCZELKA
A9909904000;PODK£ADKA 8-200HV
1304677;KOREK ZBIORNIKA WYR”WNAWCZEGO
"KO£PAK 17"" CALIBER CARBON";"KO£PAK 17"" CALIBER CARBON"
FAE33476;CZUJNIK TEMPERATURY P£YNU CH£ODZ•CEGO
180595;PRZEW”D NAGRZEWNICY
205/60R16 BLIZZAK;OPONA 205/60R16 BLIZZAK
21760;W£•CZNIK åWIATE£ COFANIA
FAE33910;CZUJNIK TEMPERATURY
15W40 PROTEC;OLEJ SILNIKOWY 15W40 PROTEC
332888J;TERMOSTAT
PRZEGUB KULOWY M12;PRZEGUB KULOWY M12
16673;KLOCKI HAMULCOWE
16701;KLOCKI HAMULCOWE
GRILL PRZ”D MERCEDES;GRILL PRZ”D MERCEDES
234SET;LUSTRO LEWE SETRA 315 UL MERCEDES INTEGRO
75934;ZSZYWACZ ELEKTRYCZNY
ROLKA DO BRAMY KR”TKA;ROLKA DO BRAMY KR”TKA
GR222031;GRILL MERCEDES W222 S KLASS BLACK CHROME
KS16NERO;"KO£PAK 16"" NERO"
JHT222T;AMORTYZATOR
1457431723;FILTR PALIWA
1507110110;KLAPA POD TABLICE REJESTRACYJN•
6001KAMOKA;PRZEGUB ZEWN TRZNY
K038PK1920HD;NAPINACZ PASKA MAN
1502040252;ZAWIAS DRZWI
R KAWICE ROBOCZE VIC-TEC;R KAWICE ROBOCZE VIC-TEC Ø”£TO-BIA£E
06011A1003;WIERTARKA UDAROWA BOSCH
ZAW”R KULOWY TEKALANA FI 10;ZAW”R KULOWY TEKALANA FI 10
1457429656;FILTR PALIWA
713644080;£OØYSKO KO£A
87083099;POKRYWA ZACISKU 3 KABLE
A2225007200;SYSTEM REGULACJI POWIETRZA
A2228800164;ZACZEP ZABEZPIECZAJ•CY
87087099;KO£PAK PIASTY KO£A SCANIA
2650102;SWORZE— WAHACZA OPEL CORSA C
22403;TARCZA HAMULCOWA
NGKSB5HS;åWIECA ZAP£ONOWA
16827;KLOCKI HAMULCOWE
701290000;USZCZELKA POKRYWY ZAWOR”W
08090300;CZUJNIK TLENK”W AZOTU NOX
MBAPKOMZ09RW;PRZYSTAWKI KOMUNIKACYJNE DO BILETEREK
TC1004;WAHACZ LEWY
TC1005;WAHACZ PRAWY
3476301;PODUSZKA WAHACZA
0341101;ELEMENTY REFLEKTORA
17902;TERMOSTAT
1507080053;OBUDOWA STOPNIA KABINY
070203004;"KO£PAK KO£A 22,5"" CHROM. PRZ”D PE£NY"
0702030002;"KO£PAK KO£A 22,5"""
1502040129;ZAWIAS DRZWI
3159140004;£OØYSKO WYCISKOWE
YT0708;STRZYKAWKA DO OLEJU 0.5L
3397033375;GUMA WYCIERACZKI 640MM
03L906054A;CZUJNIK CIåNIENIA PALIWA
KR60024SR;åRUBKA DO POKRYWY ZACISKU HAMULCA
WA07000;SI£OWNIK SPRZ G£A
PRZEW”D CH£ODNICY;PRZEW”D CH£ODNICY
1552772000;POMPA WODY DODATKOWA SOLARIS
04814;POMPA OBIEGOWA WEBASTO
NGKSC7HSA;åWIECA ZAP£ONOWA
TAåMA IZOLACYJNA;TAåMA IZOLACYJNA 10SZT KOLOROWE MMTA070129
2227500700;MECHANIZM OBROTU
713644290;£OØYSKO
NAPRAWA REJESTRATORA XVR;NAPRAWA REJESTRATORA XVR
NAPRAWA REJESTRATORA DVR;NAPRAWA REJESTRATORA DVR
1T15T2;MIECH ZAWIESZENIA KPL
TSP0435066;CZUJNIK CIåNIENIA KLIMY
95531072;PIERåCIE— SYNCHRONIZATORA
95570219;SYNCHRONIZATOR
95570220;SYNCHRONIZATOR
95570470;ELEMENT BLOKUJ•CY
95533908;USZCZELKA SKRZYNI BIEG”W
CS260;WA£EK ROZRZ•DU
CS234;åRUBA G£OWICY
CS0141;USZCZELKA MISY CUMMINS/DAF
CS0137;USZCZELKA KOLEKT. WYDECH.
CS151;SZKLANKA POPYCHACZA
CS0087;POMPKA OLEJU CUMMINS
CS316;USZCZELKA
IV1308;USZCZELKA CH£ODNICY OLEJU
CS210;USZCZELKA FILTRA CH£. OLEJU
CS0118;USZCZELKA NASADY G£OWICY
CS783;PANEWKA KORB.
CS180;USZCZELKA G£OWICY
WP102;WK£AD FILTRA OLEJU
CS409;T£OK SILNIKA
LAMPA ULICZNA KOBI LED;LAMPA ULICZNA KOBI LED
0405000068;POMPA WODY
2203000336;POKRYCIE NA FOTEL KIEROWCY
1507110127;KRATKA ZDERZAKA
1800898;NAPINACZ PASKA SOLARIS DAF
0018300660;SPRZ G£O KOMPRESORA KLIMATYZACJI
53825813;CZUJNIK CIåNIENIA OLEJU RETARDERA
977160;USZCZELKA
768804;USZCZELKA
712628430;USZCZELKA POKRYWY ZAWOR”W
499609;USZCZELNIACZ WA£ PRZ”D 65*90*13
CS183;USZCZELNIACZ ZAWORU
CS406;KPL PANEWEK G£”WNYCH
U1NAUTOBUS;NAPRAWA SZYBY
D9700197;LUSTRO PRAWE KPL CONECTO/CITARO
223230098;MIPA LAKIER PUR HS T98 GR. II
237300000;MIPA UTWARDZACZ MS10 O.5L
242910003;MIPA L.BAZOWY VICROM MIRROR GLAZE
00CS90MS1015;MIPA LAKIER BEZB. CS90+MS10 1L
271110000;MIPA 2K ROZC. AKRYL SZYBKI 1L
PROFIL NA SCHODY 1,5M CZARNY;PROFIL NA SCHODY 1,5M CZARNY
51900400007;åRUBA ALTERNATORA
12V T4W;ØAR”WKA 12V T4W
PROFIL ALUMINIOWY 20X9X10X2000;PROFIL ALUMINIOWY 20X9X10X2000
302015100306;PRZEGUB NAP DOWY ZEWN TRZNY
JBJ749;SWORZE— WAHACZA
XER20131;åRODEK DO CZYSZCZENIA FILTR”W
MGZ101036;WAHACZ
00140198;åRODEK DO CZYSZCZENIA FILTR”W
PODSTAWA ADAPTER KBKP0172;PODSTAWA ADAPTER KBKP0172
22239417;HALOGEN HP00101 WESEM
020165;SILENTBLOCK DR•ØKA REAKCYJNEGO KALORYFERA 67,5X80X15
CS0089;USZCZELKA FILTRA DAF CUMMINS
107650;POMPA WODY
2203000284;POKROWIEC NA FOTEL KIEROWCY
9700514317;ZAW”R SI£OWNIKA SPRZ G£A
1204990574;CZUJNIK ED
1507060417;OS£ONA ZDERZAKA
1403002009;G£OWICA SPR ØARKI
LISTWA A38 CZARNA 180CM;LISTWA A38 CZARNA 180CM
SIL.R. 40/50X102;£•CZNIK GUMOWY FI40/50
MGZ101008;WAHACZ
430719101200;SPR ØYNA GAZOWA
335840;AMORTYZATOR
1201021210;ROZRUSZNIK MAN
PROFIL SCHODOWY 1,5M CZARNY;PROFIL SCHODOWY 1,5M CZARNY
SZPACHELKA DO NAK£ADANIA KLEJU;SZPACHELKA DO NAK£ADANIA KLEJU
4326868;CZUJNIK NOX DAF SOLARIS N/TYP D£UGI KABEL
0070032;MASA PIOLURETANOWA KLEJ•CO-USZCZELNIAJ•CA SZARA /BOLL/
916024/3;ZESTAW NAPRAWCZY ZAWORU DRZWI
10100243;SPR ØYNA GAZOWA
10681;TARCZA HAMULCOWA
0501100;ZESTAW NAPRAWCZY ZAWORU
DELIKATNY P DZELEK DETAILINGOWY 24MM;WORK STUFF DETAILING BRUSH CLASSIC 24MM UNIWERSALNY P DZELEK DETAILINGOWY
ADBL TIRE DRESSING 1L;PRODUKT DO PIEL GNACJI OPON, SATYNOWE WYKO—CZENIE
ADBL APLIKATOR ONE SHOT 10SZT.;PIANKOWY APLIKATOR DO DRESSINGU DO OPON - 10 SZTUK
NEW FUSSO COAT 12 MONTHS DARK/LIGHT;WOSK DO CIEMNYCH/JASNYCH LAKIER”W
SUPER SOFT FOAM APLIKATOR;APLIKATOR
åCIERKA 40X40 DETAILING HOUSE;åCIERKA 40X40 DETAILING HOUSE
ADBL QD1 1;ADBL QD1 1L - QUICK DETAILER Z POLIMERAMI I WOSKIEM SYNTETYCZNYM, PO£YSK I OCHRONA
RUPES DA WOOL COARSE 130/145MM;RUPES DA WOOL COARSE 130/145MM - TARCZA POLERSKA Z WE£NY
ADBL ROLLER PAD-DA HARD CUT;ADBL ROLLER PAD-DA HARD CUT - G•BKOWY, MOCNO TN•CY PAD POLERSKI DO MASZYN DA - 125 MM
ADBL ROLLER PAD-DA ONE STEP;ADBL ROLLER PAD-DA ONE STEP - G•BKOWY PAD POLERSKI DO JEDNOETAPOWEJ KOREKTY LAKIERU - 125 MM
B7S;åWIECA ZAP£ONOWA
TARCZA WIDIOWA 125MX60Z;TARCZA WIDIOWA 125MX60Z
PASTA DO POLEROWANIA ALUMINIUM FELG 283G;PASTA DO POLEROWANIA ALUMINIUM FELG 283G
LAMPA KIERUNKOWSKAZU;LAMPA KIERUNKOWSKAZU
KR24158;SPR ØYNA GAZOWA POKRYWY SILNIKA
KLOSZ LAMPY COFANIA ØUK;KLOSZ LAMPY COFANIA ØUK
245/45R19;OPONA
AP183/5;FILTR POWIETRZA
PP986/4;FILTR PALIWA
MODULATOR HAMULC”W ABS 4801030610;MODULATOR HAMULC”W ABS 4801030610
OP616/4;FILTR OLEJU
ELEMENT PLASTIKOWY;ELEMENT PLASTIKOWY
CU49002;FILTR KABINY MAN N/TYP A12
1201030877;ALTERNATOR
1201030501;TULEJA NAPINACZA
2299000843;KO£EK UNIWERSALNY 456 elementÛw
1302990010;WTYCZKA ELEKT. 7 PIN
A6395451907;PRZE£•CZNIK
6284600905;DR•ØEK KIEROWNICZY
6PK1025;PASEK WIELOKLINOWY
F026407157;FILTR OLEJU
FO006;CI GNO, HAMULEC POSTOJOWY
K14069;CI GNO HAMULEC POSTOJOWY
150027310;REGULATOR NAPI CIA
74706132;KOREK WLEWU CH£ODNICY
STR90909;STABILIZATOR TY£ CITARO
208C004;CZUJNIK CIåNIENIA OLEJU
E465KP;FILTR PALIWA MAN A12 N/TYP
535012410;SPRZ G£O ALTERNATORA
86880751670;OBUDOWA LEWA
06771;UZIN KE 2000 MOCNY KLEJ DO WYK£ADZIN
4023130300;SZYLDZIK ZAMKA MA£Y
6102021231911P;SZK£O LUSTERKA ZEWN TRZNEGO
ORELN OIL PILAROL 5L;ORELN OIL PILAROL 5L
VKPC88867;POMPA WODY
24V H11 70W;ØAR”WKA 24V H11 70W
SA117MT;SPR ØYNY ZAWIESZENIA
ME60511;JARZMO DO ZACISKU MERITOR
A2035;ALTERNATOR
1305011213;LAMPA OåWIETLENIA STOPNIA KABINY
WYMIANA PANELI SEGMENTOWEGO;WYMIANA PANELI SEGMENTOWEGO
NAPRAWA I SERWIS BRAMY;NAPRAWA I SERWIS BRAMY
WD940/14;FILTR OLEJU
F00R00647;ELEMENTY WTRYSKIWACZA
10X150X150;KOLANKO SILIKONOWE 10X150X150
12,5X150X150;KOLANKO SILIKONOWE 12,5X150X150
2212000116;W•Ø PNEUMATYCZNY ZBROJONY 14MM 30M
2205000036;RADIO CB MIDLAND
EL122981;USZCZELKA POMPY PALIWA
0530160012;CH£ODNICA KLIMY
55464MG;ROLKA NAPINACZA
TPALUFEECO2C;CI ØAREK ALU KLEJONY SLIM
W814/80;FILTR OLEJU
2000744;AMORTYZATOR TYLNY GAZOWY
47SKV011;ZWROTNICA LEWA
47SKV261;ZWROTNICA LEWA
YT0468;UCHWYT SZYBKOMOCUJ•CY 60MM DO GROT”W
YT44740;WIERT£O STOPNIOWE 6-38MM
YT44739;WIERT£O STOPNIOWE 6-35MM
107151;CH£ODNICA WODY
19740;£OØYSKO WISKO
VKMC01942;ROZRZ•D + POMPA WODY
PROFIL NA SCHODY 1,5M OSTRZEGAWCZY;PROFIL NA SCHODY 1,5M OSTRZEGAWCZY CZARNY
TAåMA KLEJOWA 30MM/10M;TAåMA KLEJOWA 30MM/10M
8PK2092;PASEK WIELOKLINOWY 8PK2092
AS03/P;ANTENA SAMOCHODOWA
AS09;ANTENA SAMOCHODOWA SMA-A 3M
260407;PAPIER åCIERNY DO USUWANIA NAKLEJEK I TAåM
FE174681;MOCOWANIE CH£ODNICY
97560;KAMERA COFANIA
EL051950;USZCZELKA OBUDOWY FILTRA OLEJU
PISTOLET DO KOTEW CHEMICZNYCH;PISTOLET DO KOTEW CHEMICZNYCH
OPONA LETNIA 145/17R12;OPONA LETNIA 145/17R12
296608;ZESTAW NAPRAWCZY ZAWORU POWIETRZA
LAM9800EX;ZDERZAK PRZ”D
M0049;AMORTYZATOR PRZ”D SOLARIS
CASTROL GTX ULTRA 10W40 4L;CASTROL GTX ULTRA 10W40 4L
105047;CZUJNIK ZUØYCIA KLOCK”W HAMULCOWYCH
D9610515;MIECH KOMPLETNY VARIO
CS0237;USZCZELKA 3963824
CS104;USZCZELKA KOL.WYDECH.
CS798;USZCZELKA KOL. SS•CEGO
IV1302;WA£ KORB. PRZ”D
CS0121;USZCZELKA ODMY
FE27698;TARCZA HAMULCOWA
YT47695;SZCZOTKA DRUCIANA CYLINDRYCZNA YATO
CH2400;CH£ODNICA KLIMY
2302000168;P£YN DO MYCIA SILNIK”W BROXIL 10L
0205030748;ROLKA PASKA
1305010020;LAMPA OBRYSOWA Ø”£TA 65X65
0802010235;PI”RO II 70/670X670
15W40 JASOL 30L;15W40 JASOL 30L
0201030130;KPL. PIERåCIENI FI108
711122800;USZCZELKA KOL. WYD. DAF EURO 6
0202050051;KPL. åRUB G£OWICY
SS10905;CZUJNIK PO£OØENIA WA£U
33264016001;SILNIK WYCIERACZEK
36466106051;DR•ØEK KIEROWNICZY POD£UØNY
36466106053;DR•ØEK KIEROWNICZY POD£UØNY
81953016331;PRZEGUB KULOWY GWINT PRAWY
06020990192;åRUBA Z £BEM WALCOWYM M10X65
36744452078;SZYBA DRZWI
611809520;ZMYWACZ DO HAMULC”W K2
0306430000000;PAMI ∆ DIAGNOSTYCZNA CA£EGO POJAZDU
010800000000;SILNIK CZYSZCZENIE
01640000000;SILNIK KONTROLA POD K•TEM UTRATY OLEJU
08920000000;SILNIK DOPROWADZENIE DO TEMP. ROBOCZEJ
29A0000000V;KONTROLA STANU LAKIERU
0456610000000;KONTROLA TECHNICZNA ODBI”R WYKONANIE
RH5535;SPR ØYNA ZAWIESZENIA
13104059;ZACISK HAMULCA
VKMC05701;ZESTAW ROZRZ•DU
CV52001;FILTR ODMY SOLARIS 2020
196476;KO£O ZAMACHOWE DWUMASOWE
Karnet 75-minutowy lub jednoprz. 2x3,00;Karnet 75-minutowy lub jednoprzejazdowy 2x3,00
Karnet 24-godzinny 2x11,00;Karnet 24-godzinny 2x11,00
ENT096006;MECHANICZNA POMPA PALIWA
EL002071;USZCZELKA POMPY PALIWA
"PRZEW”D A1""P£/B3/4";"PRZEW”D A1""P£/B3/4"
TEKALAN Q16;PRZEW”D TEKALAN Q16
32706;CZUJNIK TEMPERATURY WODY
REGULOWANY WYLOT POWIETRZA;REGULOWANY WYLOT POWIETRZA
PODK£ADKA SAMOKLINUJ•CA M8;PODK£ADKA SAMOKLINUJ•CA M8
FE45547;O-RINGI GUMOWE
545401;O-RINGI GUMOWE
LE124990;USZCZELKA OBUDOWY FILTRA
I58018YMT;PODUSZKA SILNIKA
LIM20457;PREPARAT USZCZELNIAJ•CY UK£AD CH£ODZENIA
CASTROL GTX ULTRA 10W40 1L;CASTROL GTX ULTRA 10W40 1L
BATERIA DO PANASONIC CF-52 84WH;BATERIA DO PANASONIC CF-52 84WH
AKUMULATOR PANASONIC NCR18650B 3400MAH;AKUMULATOR PANASONIC NCR18650B 3400MAH
028021801;PRZEP£YWOMIERZ POWIETRZA
A0028104520;ROLETA ELEKTRYCZNA SZYBY CZO£OWEJ
0986479294;TARCZA HAMULCOWA
PROGRAMATOR TL866A;PROGRAMATOR TL866A
ZESTAW KONEKTOR”W SAMOCHODOWYCH;ZESTAW KONEKTOR”W SAMOCHODOWYCH
PODK£ADKA SAMOKLINUJ•CA M8 POSZERZONA;PODK£ADKA SAMOKLINUJ•CA M8 POSZERZONA
AS31;Z£•CZE TERMOKURCZLIWE Z CYN• DO PRZEWOD”W 1,8MM - 4,5MM OP.100SZT.
AS21;Z£•CZE TERMOKURCZLIWE Z CYN• DO PRZEWOD”W 1,3MM - 2,7MM OP. 100SZT.
92796S;ELEMENT PNEUMATYKI
1878003657;TARCZA SPRZ G£A
455001;ZBIORNIK WYR”WNAWCZY
1429709;KO£O PASOWE ALTERNATORA
D9490208;ELEKTROZAW”R DRZWI MERCEDES
3662000305;KO£O PASOWE
D9390242;LUSTRO LEWE MAN LION'S
AR304/1;FILTR POWIETRZA
W933/1;FILTR OLEJU
241055;P”£Oå
45867;TULEJA STABILIZATORA
053384;PRZEW”D CH£ODZENIA
1667/23S;SI£OWNIK KASETY PNEUMATYCZNEJ FI 4MM
4719152122275;ZESTAW NOØY I SKROBAK”W JONNESWAY
109450;LINKA KLAMKI LEWA
109346;CZUJNIK ABS TRANSIT PRZ”D N/TYP
1441804961;ZAMEK DRZWI KIEROWCY L
KT103114R;KLUCZ OCZKOWY
RCP0187;CH£ODNICA REGENEROWANA
PK06691;ZESTAW ROZRZ•DU Z POMP• WODY
1111445012;LAMPA TY£ PRAWA SPRINTER
1111446012;LAMPA TY£ LEWA
316941;AMORTYZATOR
WPS3016;POMPA WODY
578575;PI”RO WYCIERACZKI 530MM
1211119004;OLEJ ATF RAVENOL 4L
601001022409PP;KLAMKA WEWN TRZNA LEWA PRZ”D
6502079533915P;ELEMENT ZDERZAKA
MLS33781001;PI”RO RESORU SPRINTER
104494;TARCZA HAMULCOWA TY£
529413600;PRZEW”D PALIWOWY CUMMINS
DIN54219;RURA WYDECHOWA PRZ”D SETRA 315
3378106519;PI”RO RESORU
F026407047;WK£AD FILTRA OLEJU
6429050200;CZUJNIK CIåNIENIA SPALIN
1987473037;CZUJNIK ZUØYCIA KLOCK”W
PP840/4;FILTR PALIWA
3397004080;PI”RO WYCIERACZKI
TRI313338;KOREK ZBIORNIKA WYR”WNAWCZEGO
6502079533910P;ELEMENT ZDERZAKA
175/70R14;OPONA
C38007ABE;TARCZA HAMULCOWA
C18003ABE;KLOCEK HAMULCOWY
FAE32428;CZUJNIK TEMPERATURY P£YNU CH£ODZ•CEGO TRANSIT
059103175F;ZAW”R PODTRZYMUJ•CY CIåNIENIE OLEJU
PENDRIVE 8GB;PENDRIVE 512GB
1430/1640;LINKA HAMULCOWA
200X50;D TKA
O6089;CZUJNIK PRZECIWSZRONIENIOWY KLIMATYZACJI
NIS67184;CH£ODNICA CITARO/ SETRA 415NF BEZ RAMY
5856819;RESOR
GDB1698;KLOCKI HAMULCOWE
940113480228;SZCZOTKI ROZRUSZNIKA
SBU9010;TULEJA WA£KA ROZRUSZNIKA
AB0001;SZCZOTKA W GLOWA ALTERNATORA KPL
SBH0024;MOCOWANIE SZCZOTKI W GLOWEJ
SRS0058;ZESTAW NAPRAWCZY ROSZUSZNIKA
KONEKTOR 3MM;KONEKTOR RADIA 3MM 50SZT
5W40 ELF 4L;5W40 ELF 4L
171762;ZESTAW DO WYMIANY OLEJU W SKRZYNI
515024;"FELGA STALOWA 15"""
1305010580;LAMPA OBRYSOWA LD097 Ø”£TA 65X65
834430;USZCZELKA G£OWICY DAF
15W40 JASOL 20L;15W40 JASOL 20L
1407000973;SZYBKOZ£•CZE TEKALANU FI8/10
0204010030;USZCZELKI SILNIKA D”£ KPL DAF CF75
0204060353;USZCZELKA KOLEKTORA DAF CF75
0204060211;USZCZELKA KOLEKTORA WYDECHOWEGO DAF CF75
105764;FILTR OLEJU ZESTAW
A3C0972910020;IMPULSATOR SPRINTER
215/65R16C;OPONA
17X1050;PASEK KLINOWY
1102305000;ZAW”R ZWROTNY SOLARIS
0120303270;RURA PALIWOWA
0120303250;USZCZELKA
0000296893;SPRZ G£O ELEKTROMAGNETYCZNE SPR ØARKI KLIMATYZACJI
1131346;REPERATURKA ZACISKU HAMULCA
BHN318;ZACISK HAMULCA
2500700010;CHLAPACZ PRZ”D LEWY SPRINTER
AKUMULATOR 9AH 120A;AKUMULATOR 9AH 120A
TC2850;SWORZE— WAHACZA
10819;£OØYSKO AMORTYZATORA
13107648;OS£ONA TARCZY HAMULCOWEJ
91473211;FILTR SKRZYNI BIEG” VOITH DIVA 5
500221;PRZEKAèNIK
101901;£•CZNIK STABILIZATORA
37160600043;£•CZNIK STABILIZATORA
TA2917;KO—C”WKA DR•ØKA KIEROWNICZEGO
TA2918;KO—C”WKA DR•ØKA KIEROWNICZEGO
6ZF358169011;CZUJNIK CIåNIENIA POWIETRZA MAN HYDRAULIKI
541105;ORING 130X3,45 DAF 708
2306110;USZCZELKA BLOKU SILNIKA DAF 212
2168010;USZCZELKA KOLEKTORA WYDECHOWEGO DAF 212
2626500;USZCZELKA PRZEWODU OLEJU DAF 212
409330;USZCZELKA TURBINY DAF 212
170261;TULEJA WAHACZA
23SKV033;ZACISK HAMULCA
23SKV034;ZACISK HAMULCA
15070;SWORZE— WAHACZA G”RNY
41278;KO—C”WKA KIEROWNICZA
1302010767;LAMPA ZESPOLONA TY£ LED
1305010911;LAMPA POZYCJA KIERUNEK LED PRZ”D
0602020351;PRZEGUB ZMIANY BIEG”W M12/M12
11018;OS£ONA TARCZY HAMULCOWEJ
11019;OS£ONA TARCZY HAMULCOWEJ
BX185;SZCZOTKI ALTERNATORA 2SZT 5X8X15
6508013548170P;REPERATURKA DRZWI
6504033548582P;REPERATURKA B£OTNIKA TY£
C11100;FILTR POWIETRZA
1102002458;KOLANKO WYDECHU FI 60 90STOPNI
1102002478;KOLANKO UK£ADU WYDECHOWEGO FI 90 KAT60
D42764;REPERATURKA ZACISKU
10X864;PASEK KLINOWY
GDB1768;KLOCKI HAMULCOWE
GDB1814;KLOCKI HAMULCOWE
75614970;PRZEKAèNIK CZASOWY WYCIERACZEK
J300260EM;åRUBA MOCOWANIA WAHACZA TY£
SW133MT;SPR ØYNA ZAWIESZENIA
ZACISK SB6;ZACISK HAMULCA REGENEROWANY SB6
160030;DR•ØEK KIEROWNICZY
180031;DR•ØEK STABILIZATORA PRZ”D INTEGRO
24372704752;LINKA HAMULCA R CZNEGO
9062030615;£•CZNIK GUMOWY POMPY WODY FI45X33
AR265;FILTR POWIETRZA
1886014;KLAMKA DRZWI
AD2702191;LINKA HAMULCA R CZNEGO
261860;RURA WYDECHOWA FI60 2M
AKUMULATOR 7AH;AKUMULATOR 7AH
6PN358186061;CZUJNIK SPALIN NOX PRZED KATALIZATOREM DAF E5
6PN358186071;CZUJNIK SPALIN NOX ZA KATALIZATOREM DAF E5
541180;USZCZELKA DAF 212
RDZEN;WTRYSKIWACZ ADBLUE RDZE—
26391;DR•ØEK KIEROWNICZY WZD£UØNY
78X94X8;USZCZELNIACZ
2608551102;KLUCZE NASADOWE DO FELG ALUMINIOWYCH KPL BOSH
81521550044;WK£AD OSUSZACZA MAN 2020
DF6471;TARCZA HAMULCOWA
GDB1003;KLOCKI HAMULCOWE
0440020121;POMPA PALIWA Z BATA 240
0034308681;ZAW”R HAMULCA R CZNEGO WYJåCIA W D”£
LATKA OWALNA DO DETEK 150X70 19;LATKA OWALNA DO DETEK 150X70 19
1406000139;ZBIORNIK POWIETRZA 251 FI276X495
497600;USZCZELKA BLOKU SILNIKA DAF212
713138410;USZCZELKA KOLEKTORA WYDECHOWEGO DAF212
GDB3508;KLOCKI HAMULCOWE
245/45R17;OPONA MICHELIN
0041534928;CZYJNIK CIåNIENIA OLEJU
24071163973;CZUJNIK ABS TY£ PRAWY
ROMC10119;SPINKA TAPICERSKA
973011001;ZAW”R PRZEKAèNIKOWY
P£YN DO MYCIA STRONG ACTIVE;P£YN DO MYCIA STRONG ACTIVE
KL23;FILTR PALIWA
112250;G£OWICA KOMPRESORA
ASM02021;RURA WYDECHOWA
RA3516;SPR ØYNA ZAWIESZENIA
PIST0101;ZSZYWACZ PNEUMATYCZNY
SS9018;WY£ACZNIK WE10 SS9018 R17P4
1697695;åRUBA MOCOWANIA KO£A WA£U KORBOWEGO
VAN21104;RURA WYDECHOWA
WAR280;KO£O ROZRZ•DU
0320Z1/MG;OS£ONA ROZRZ•DU
24011601331;TARCZA HAMULCOWA
46152;USZCZELKA WTRYSKIWACZA 7X15X2
BKR8EIX;åWIECA ZAP£ONOWA
568860;USZCZELKA POKRYWY ZAWOR”W
534030810;NAPINACZ PASKA
VKM34708;ROLKA ZWROTNA PASKA
VKM34714;ROLKA PASKA WIELOROWKOWEGO
16637;KLOCKI HAMULCOWE
ALC6215;FELGA DEZENT
EVERTCLEAN 20L;P£YN DO MYCIA CZ åCI EVERTCLEAN MULTI PRO 20L
275/40R19;OPONA Bridgestone Turanza 6
ARANIVT04P0000000;PRZECI•GACZ ZAWOR”W
SET1302;£OØYSKO PIASTY TY£ INTEGRO 100X157X42
5224323;POKRYWKA SWORZNIA ZWROTNICY
8PK1766;PASEK WIELOROWKOWY
0420170014;CH£ODNICA WODY
18604;GUMA STABILIZATORA PRZ”D
998797;SPR ØYNA ZAWIESZENIA
GDB400;KLOCKI HAMULCOWE
713630840;£OØYSKO KO£A
5W40 CASTROL EDGE 4L;5W40 CASTROL EDGE 4L
531004910;ROLKA PASKA ROZRZ•DU
10W40 MOTUL 1L;10W40 MOTUL 1L
7307;£OØYSKO
7306;£OØYSKO
50X80X10;USZCZELNIACZ
LATARKA BERNER;LATARKA BERNER CZO£OWA Z £ADOWARK•
DMUCHAWA FI110X1000;DMUCHAWA FI110X1000
TLENEK CERU ZESTAW;TLENEK CERU ZESTAW
CZM111499;NAPINACZ PASKA
1795871;USZCZELKA WTRYSKIWACZA
2705001170;ZESTAW DO WCISKANIA T£OCZK”W
0803010113;PRZEGUB DR•ØKA REAKCYJNEGO 75X130
1204990381;CZUJNIK TLENKU NOX ZA KATALIZATOREM MAN 2020
1204990345;CZUJNIK TLENKU NOX PRZED KATALIZATOREM MAN 2020
8R0827505A;ZAMEK KLAPY BAGAØNIKA
17X1325;PASEK KLINOWY
0000007636;FILTR KABINOWY KF40132
RURA WYDECHU FI60 KOLANKA;RURA WYDECHU FI60 KOLANKA
9815631580;ZAW”R CIåNIENIA OLEJU
ADC43629;SI£OWNIK SPRZ G£A
774301050;PRZEW”D SPIRO 50X1000
SS11121;CZUJNIK PO£OZENIA WA£U
105977;GUMA STABILIZATORA
504115825;PODUSZKA SILNIKA
M93R3059SE;ROZRUSZNIK SOLARIS N/TYP CUMINS
STAR DIAGNOSA;URZ•DZENIE PROGRAMUJ•CE STAR DIAGNOSA
02190130436P;RURA WYDECHOWA
023290;USZCZELNIACZ PIASTY/SKRZYNI 75X94,3X11,5
239240;ORING SKRZYNI BIEG”W FI24
722066410;£OØYSKO SKRZYNI BIEG”W
SS20138;CZUJNIK ABS
1367702;WAHACZ
256283;USZCZELKA RURY WYDECHOWEJ
JTF32714;Z BATKA PRZEDNIA
JTR27344;Z BATKA TYLNA
82055980;HANDYMAX 600ML PISTOLET DO KLEJU
102263;WA£EK WEJåCIOWY SPRZ G£OWY
DID520110;£A—CUCH
1008900011;WY£•CZNIK åWIATE£
774300550;PRZEW”D SPIRO ALUMINIOWY 50X500
POMPA HYDRAULICZNA JEDNOSTRONNA;POMPA HYDRAULICZNA R CZNA JEDNOSTRONNA 25CM3 Z R•CZK•
0602029;DETEKTOR NIESZCZELNOåCI HYDROGENEM
82445;SZCZOTKA DO KLEM
CB1812;AKUMULATOR 18AH235A
LZ0345;CZUJNIK ZUØYCIA KLOCK”W
40AH330A;AKUMULATOR
018999907M;PROSTOWNIK/£ADOWARKA AKUMULATORA
D4846K;REPERATURKA ZACISKU
WP006;PRZEW”D HAMULCOWY
1210000217;WTYCZKA OKR•G£A 4 PIN £AMANA BEZ KABLI
0601050319;PIERåCIE— SYNCHRONIZATORA SKRZYNI BIEG”W MERCEDES
0601050247;NAKR TKA WA£KA SKRZYNI BIEG”W M30X1,5
0601050236;£OZYSKO SKRZYNI BIEG”W
3369701;SWORZE— WAHACZA
F026407238;FILTR OLEJU
1509552000;PRZEW”D PRZY£•CZENIOWY CZUJNIKA ZUØYCIA
22406;KO—C”WKA KIEROWNICZA
22469;DR•ØEK KIEROWNICZY
22470;DR•ØEK KIEROWNICZY
0261230302;CZUJNIK CIåNIENIA
DF2806;TARCZA HAMULCOWA
AP133/5;FILTR POWIETRZA
1501020461;SZK£O LUSTRA MAN
79207;DèWIGNIA ROZPIERACZA
111204;ZABEZPIECZENIE SKRZYNI BIEG”W
530587;£OØYSKO WA£KA POåREDNIEGO
109333;PRZEW”D WENTYLACJI SKRZYNI
119112;PIERåCIE— SYNCHRONIZATORA ZEW.
109348;STOØEK SYNCHRONIZATORA
111259;PIERåCIEN ZABEZPIECZAJ•CY SKRZYNI BIEG”W
139749;KOLEKTOR OLEJU SKRZYNI BIEG”W
130550;£OØYSKO SKRZYNI BIEG”W
1201020762;ROZRUSZNIK MERCEDES SETRA 11Z NOWY
600860;SPR ØYNA ZAWIESZENIA
2702000776;PRZYRZ•D DO ODPOWIETRZANIA UK£ADU HAMULCOWEGO
491025;USZCZELNIENIA PIASTY KO£A KPL 145X175X13 ATEGO/ACTROS
567401;USZCZELNIACZ TRZONKA ZAWORU OM457
0008212492;MIKROW£•CZNIK Z PRZEWODEM DO OTWIERANIA DRZWI ZEW
HUB USB 2.0;HUB USB 2.0
258190;åCI•GACZ DO PIAST I B BN”W
875183;USZCZELKA MISKI OLEJOWEJ
801038;£OØYSKO AMORTYZATORA
0241245673;åWIECA ZAP£ONOWA
VKML84005;ROZRZ•D KPL
PHA294;PRZEW”D HAMULCOWY
9050318;WAHACZ
22982;TULEJA BELKI
190971;OS£ONA WA£U P DNEGO
10W40 OLEJ K2 5L;10W40 OLEJ K2 5L
3400710002;ZESTAW SPRZ G£A
0025404417;CZUJNIK POZIOMU P£YNU INTEGRO
76138;PRZE£•CZNIK PODNOSZENIA SZYBY
22984;TULEJA BELKI
6006017189;PRZE£•CZNIK ZAKRESU JAZDY
1367602;WAHACZ
15068;SWORZE— WAHACZA
15069;SWORZE— WAHACZA
86701;WAZELINA TECHNICZNA
CR7EIX;åWIECA ISKROWA
01750;PODUSZKA SKRZYNI BIEG”W
09075;TARCZA HAMULCOWA TY£
MGS13805;ZESTAW ORING”W DO KLIMATYZACJI
YT06879;ZESTAW ORING”W 419EL
056181128010;KONDENSATOR APARATU ZAP£ONOWEGO
060690002010;CEWKA ZAP£ONOWA
1457429263;FILTR OLEJU
E970LB01-2;FILTR KABINY 2SZT
VKBA3455;£OØYSKO KO£A
YT2802;WKR TAK UDAROWY
1402710080;USZCZELKA MISKI OLEJOWEJ SKRZYNI BIEG”W
YT6351;ZESTAW SZCZOTEK DRUCIANYCH
P£YN DO MYCIA HARDCORE;P£YN DO MYCIA HARDCORE 5L ZESTAW
ST1156;GUMA ZACISKU HAMULCOWEGO
2932300;WTRYSKIWACZ STAR
12X18X5,6;USZCZELNIACZ WA£U KORBOWEGO
4T SAE30;OLEJ DO SILNIK”W 4T
6685000500;CH£ODNICA
896489;USZCZELKA POD CH£ODNIC 
124870;USZCZELKA POD WTYSKIWACZ
1677713;ZESTAW NAPRAWCZY AMORTYZATORA
08004;ZESTAW NAPRAWCZY ZWOLNICY
16412;KORPUS SYNCHRONIZATORA
006662;USZCZELKA MISKI OLEJOWEJ
WK1080/6X;FILTR SEPARATORA PALIWA
1704000116;PRZEW”D ELASTYCZNY M14X2500
36332;WTYCZKA AUTOMATYCZNEJ SKRZYNI BIEG”W
APV2455;ROLKA NAPINACZA PASKA FI80 P£ASKA
GDB1478;KLOCKI HAMULCOWE
86069;LEJEK METALOWY SKOåNY
713649370;£OØYSKO KO£A
21175;åRUBA KO£A
2100922;POMPA SPRZ G£A
MCB602;KLOCKI HAMULCOWE
D8569;OS£ONA PRZEGUBU
ME60133R1L;åRUBA MECHANIZMU Z BATEGO ZACISKU - LEWA
696290J;TERMOSTAT
30151;SWORZE— WAHACZA
33078;DR•ØEK KIEROWNICZY
2098203410;PANEL PRZE£•CZNIKA SZYB
36772010138;SZYBA åCIANY DZIA£OWEJ 583X1448X5
MD004;ODB”J WAHACZA
270366;SPR ØYNA SZCZ K HAMULCOWYCH
94199;PASEK ROZRZ•DU
11NWP0010;PODNOåNIK HYDRAULICZNY 20T NISKI H=160-350
87544;CZUJNIK OBROT”W WA£U
897N;MIECH ZAWIESZENIA
8800001559401P;UCHWYT ZAMYKANIA DRZWI PRZ”D L
8800001581201P;UCHWYT ZAMYKANIA DRZWI CZARNY
05750;SZCZ KI HAMULCOWE
132003027;ZAMEK DRZWI PRZ”D PR
EZCAU016;SI£OWNIK ZAMKA CENTRALNEGO PRZ”D
6016;£OØYSKO
JHM299T;AMORTYZATOR PRZ”D
4462;CYLINDEREK HAMULCOWY
ABM73P;PRZEWODY ZAP£ONOWE
601025016434P;ZAMEK DRZWI PRAWY
0501328626;USZCZELKA SKRZYNI BIEG”W ZF
0769150206;åRUBA MECHANIZMU SKRZYNI BIEG”W ZF
0501328636;USZCZELKA SKRZYNI BIEG”W ZF
VKMCV51022;NAPINACZ PASKA
F248601;FILTR POWIETRZA
OP618;FILTR OLEJU
LPR5003;CYLINDEREK HAMULCOWY
08771;PRZEGUB ZMIANY BIEG”W M14X1,5/M10X1,5
LPR5004;CYLINDEREK HAMULCOWY
16SKV862;ZAMEK DRZWI PRAWY PRZ”D
2299000262;LEJEK - KO—C”WKA
2299000203;LEJEK PROSTOK•TNY
1302010037;LAMPA TY£ ATEGO LEWA CZERWONA
2299000202;LEJEK DWUCZ åCIOWY
9753034720;ZAW”R REGULACJI CIåNIENIA
51094130029;ZAW”R REGULUJ•CY CIåNIENIE DO£ADOWANIA TURBINY
LW01903;LUSTERKO UNIWERSALNE
00177;USZCZELKA DRZWI
MOT104256;OLEJ SILNIKOWY 5W40 4L
600NEWAGE;PLECIONKA MASY 420MM
ACFY94AA;PLECIONKA MASY 315X17
17475;PODUSZKA SPR ØYSTA POD RESOR
491026;ZESTAW NAPRAWCZY PIASTY KO£A
8E0260749D;ORING KLIMATYZACJI 14X1,8
8E0260749A;ORING KLIMATYZACJI 16,7X1,82
36748016135;KLAPA INSPEKCYJNA
36058250004;ZBIORNIK OLEJU
510237;ZESTAW NAPRAWCZY ZACISKU
YT07511;"KLUCZ DYNAMOMETRYCZNY 1/4"" 2,5-20NM"
YT07607;"KLUCZ DYNAMOMETRYCZNY 1/2"" 10-110NM"
57350;"KLUCZ DYNAMOMETRYCZNY 1/2"" TENGTOOLS"
V20037005;KONEKTOR M SKI RADIOWY 3MM
V20015905;KONEKTOR ØE—SKI RADIOWY 1-2MM
1205000085;BEZPIECZNIK P£YTKOWY 30A
1205000082;BEZPIECZNIK P£YTKOWY 25A
MOSTEK OGNIWA BATERII 35/110;MOSTEK OGNIWA BATERII 35/110
MOSTEK OGNIWA BATERII 35/75;MOSTEK OGNIWA BATERII 95X50MM2
åRUBA CELI BATERII M10X18;åRUBA CELI BATERII M10X18
6906003782009P;ZBIORNIK PALIWA
HP114775;ORING KLIMATYZACJI
1457431270;FILTR PALIWA
USZCZELKA;USZCZELKA
YT0530;KLUCZE OCZKOWE TORX 4SZT
PM802;FILTR PALIWA
KLAMKA DRZWI;KLAMKA DRZWI
6PK1670;PASEK WIELOROWKOWY
6PK1380;PASEK WIELOROWKOWY
81471016031;POMPA WSPOMAGANIA MAN
MP0489;TAåMA SMOWULKANIZUJ•CA 38MMX10M
62AH/540A;AKUMULATOR 62AH/540A
50X250;Z£•CZE ELASTYCZNE WYDECHU 50X250
HDPE SKW 110;SPR ØYNA OCHRONNA 99-120MM
H68218405;SWORZE— WAHACZA PRZ”D VOITH
XPA1180;PASEK KLINOWY
251414;PRZEGUB
3397007706;PI”RA WYCIERACZEK KPL
207118586;WAHACZ KPL
TA1951;KO—C”WKA DR•ØKA KIEROWNICZEGO
37142;CZUJNIK TEMPERATURY POWIETRZA
713610430;£OØYSKO KO£A
55776;ROLKA NAPINACZA PASKA
713610470;£OØYSKO KO£A
BTNH10;GENERATOR OZONU BTNH10 AC230V
SDS12;SYGNA£ DèWI KOWY DWUTONOWY
YT07609;"KLUCZ DYNAMOMETRYCZNY 1/2"" 65-350Nm"
EX600/A-600;TESTER AKUMULATOR”W
HIANI300006637000;KR•ØEK DO USUWANIA KLEJU Z ADAPTEREM
WS2598;CZUJNIK TEMPERATURY P£YNU CH£ODZ•CEGO
107083466;REPERATURKA ZACISKU HAMLUCA
713610220;£OØYSKO KO£A
JTS387;£•CZNIK STABILIZATORA
95535324;KO£O Z BATE SKRZYNI BIEG”W
8932266832;REDUKCJA METALOWA VOSS M22X1,5
455005;ZBIORNIK WYR”WNAWCZY P£YNU
15W40 JASOL AGRI 20L;15W40 JASOL AGRI 20L
0034600980;POMPA WSPOMAGANIA
30631;PODUSZKA SILNIKA
6298200140;ZESTAW DO MYCIA REFLEKTOR”W
6338850014;WSPORNIK SPRYSKIWACZA REFLEKTOR”W
0028200821;KIERUNKOWSKAZ PRZEDNI PRAWY
6329900016;BOLEC GWINTOWANY ZAMKA KLAPY
6327570001;ZAMEK KLAPY
2003000028;PODK£ADKA METALOWO GUMOWA FI10
874700;WYSPRZ GLIK
410328;PRZEW”D WYSOKIEGO CIåNIENIA INTEGRO
MB2579;PANEWKI KORBOWODOWE KPL OM457
MA424;PANEWKI G£”WNE SILNIKA KPL OM457
284010;PODPORA WA£U FI45
1507100161;SPOILER ZDERZAKA
AE4422;ZAW”R CZTEROOBWODOWY
2215000110;KOSZULKA
VA03-BP70/LL-37S;WENTYLATOR OSIOWY
E1014L;FILTR POWIETRZA
H140WK02;FILTR PALIWA
60AH540A;AKUMULATOR
CEWKA LANG;CEWKA KOMPRESORA LANG Z PRZEWODEM 145X195
0005400063;HALOGEN PRZECIWMGIELNY LEWY INTEGRO/SETRA
AP063;FILTR POWIETRZA
5W40 MAGNATEC 5L;5W40 CASTROL MAGNATEC 5L
12V 75/70W;ØAR”WKA 12V 75/70W
529007510;ZESTAW ROLEK Z PASKIEM
ORING 11X3;ORING 11X3
097770;USZCZELKA CH£ODNICY OLEJU
462203;USZCZELKA G£OWICY OM457
153497001;ZESTAW ORING”W TULEI OM457
437507;ALTERNATOR
32A/16A;PRZEJåCI”WKA WTYCZKA 32A/ GNIAZDO 16A
21015206060;KLIN SZYBY CZO£OWEJ
21063712010;LAMPA POSTOJOWA KIERUNKOWSKAZU
21063716011;LAMPA TY£ LEWA
21063716010;LAMPA TY£ PRAWA
YT7527;OSTRZA TRAPEZOWE 10SZT
YT7528;OSTRZA £AMANE 9MM 10SZT
KR60800T;URZ•DZENIE TESTOWE CZUJNIK”W ZUØYCIA KLOCK”W
55489225;USZCZELKA POMPY PR”ØNIOWEJ
TC2075;WAHACZ LEWY
TC2076;WAHACZ PRAWY
010370;USZCZELKA POKRYWY ZAWOR”W
2702000442;PODNOåNIK PNEUMATYCZNY 3,5T BA£WANKOWY 150-400MM
743381;USZCZELKA POKRYWY ZAWOR”W
6504035078583P;REPERATURKA B£OTNIKA
6504035078584P;REPERATURKA B£OTNIKA TY£ P
SM5379;PODUSZKA KOLUMNY ZAWIESZENIA
420018110;POPYCHACZ
713994;PANEWKI KORBOWODOWE
F00RJ01029;KRUCIEC CIåNIENIOWY
F00RJ02175;PODK£ADKA WTRYSKIWACZA
0445120217;WTRYSKIWACZ KPL
0014312486;OS£ONA GUMOWA
KR23080;SPR ØYNA GAZOWA
KR24407;SPR ØYNA GAZOWA
20429;AMORTYZATOR TY£ SETRA 400 379X617
504349108;MISKA OLEJOWA SOLARIS
5801645677;USZCZELKA MISKI OLEJOWEJ SOLARIS
MOT106376;OLEJ SILNIKOWY 5W30 MOTUL 8100 X-CLEAN 1L
11010154072;TULEJA PROWADZENIA ZACISKU
11817100081;SWORZE— PROWADZENIA ZACISKU
BT039;USZCZELKA KOMPRESORA OKR•G£A
6504033720582P;REPERATURKA B£OTNIKA TY£
6504033720581P;REPERATURKA B£OTNIKA TY£
8U0864207L8E1;POD£OKIETNIK
2014119;KLOCKI HAMULCOWE FORD MONDEO N/TYP
16W840 LED 220-240V;16W840 TUBA LED 1800LM 220-240V
24674;KO£O WA£U KORBOWEGO
ZASILACZ;ZASILACZ LED 12V 150W
671515;LAMPA KIERUNKOWSKAZU PRZ”D
BATERIA;BATERIA GREEN CELL A32-K72
ROY11223;PODK£ADKA GUMOWA POD AKUMULATOR
CH2110;CH£ODNICA
1055437184;WYKRYWACZ METALU
M6X1 MIEDZ;NAKR TKA MIEDZIANA M6X1 10SZT
0XPTJC0017;PISTOLET SMAROWY
7453A9;LISTWA NADWOZIA
0002400118;PODUSZKA SILNIKA INTEGRO
0008330650;CZUJNIK NISKIEGO CIåNIENIA PRESOSTAT KLIMATYZACJI PSC-AJS 02-04 BAR
1022547623;NIT SKR CANY 10SZT
WYLOT POWIETRZA 60MM;WYLOT POWIETRZA 60MM
MOT107050;OLEJ SILNIKOWY 0W30 MOTUL SPECIFIC
PE973/9;FILTR PALIWA
KR21358;SPR ØYNA GAZOWA
5402041191221P;LUSTERKO ZWN TRZNE
2XPB2100;PASEK KLINOWY PODW”JNY
0281002471;CZUJNIK TEMPERATURY P£YNU SOLARIS SILNIK DAF
0604010187;KRZYØAK WA£U FI 48X135MM
3463560027;PIERåCIE— DYSTANSOWY PIASTY INTEGRO
03687;NAKR TKA MIEDZIANA M8
C015599787;ZESTAW NAPRAWCZY MAGLOWNICY
AK73SPG;GRZEBIE— DO GWINT”W
6505065088041P;REPERATURKA POSZYCIE PROGU
540204046361P;LUSTERKO ZEWN TRZNE LEWE
C38002;FILTR POWIETRZA
470280;USZCZELKA POKRYWY ZAWOR”W
MEA2222;CH£ODNICA P£YNU CH£ODZ•CEGO
PN20213040;MECHANIZM WYCIERACZEK
DRL403M;LAMPY DO JAZDY DZIENNEJ KPL
1207017 Opona turystyczna;1207017 Opona turystyczna
1805517 OPONA TURYSTYCZNA MICHELIN 18/55;OPONA TURYSTYCZNA DUNLOP GPR300
38475;CEWKA KOMPRESORA
43012;"BIT KRZYØAKOWY 1/4"" PH2"
51065007128;POMPA CIECZY CH£ODZ•CEJ Z WISKO MAN 2020 N/TYP
CB50;OLEJ AGRI CB50 200L BECZKA
2360006;PRZEW”D KLIMATYZACJI
D9411373;CZUJNIK NOX
0986337402;SILNIK WYCIERACZEK
152810480;SZK£O LUSTERKA CITARO SETRA 409X168MM
SS20110;CZUJNIK ABS
17114A;T£UMIK KO—COWY
02010307;T£OK OM457 FI 128
AM20A97;SILIKON SILNIKA AMTRA 200ML
KS4;T£OK SILNIKA OM457
293140;USZCZELKA MIEDZIANA WTRYSKIWACZA 7,6X15X1,53
59115281;P£YWAK ZBIORNIKA PALIWA 55L
215022;CZUJNIK TEMPERATURY P£YNU
81154036161;FILTR ADBLUE EURO 6
DSF284G;AMORTYZATOR TY£
0917274;CZUJNIK CIåNIENIA KLIMATYZACJI
17X1340;PASEK KLINOWY
55080;PRZEGUB DR•ØKA REAKCYJNEGO FI75X152
1507050079;OWIEWKA SZYBY KPL
YT06031;ZESTAW WYKR TAK”W NASADOWYCH
460894SP;G£OWICA KOMPRESORA
7000941500;T£OK Z TULEJ• KOMPRESORA
KR23547;SPR ØYNA GAZOWA
RP150805;OS£ONA SILNIKA
008355001;LAMPA KIERUNKOWSKAZU BOCZNA SOLARIS
FOXFLASH ECU;PROGRAMATOR KOMPUTER”W SILNIKA
Q45X700MM;PRZEW”D PAPIEROWY Q45X700MM
5300009593;USZCZELKA DOLNA DRZWI
226118;TULEJA DR•ØKA REAKCYJNEGO 85X130X23 (cukierek)
62043A;CH£ODNICA P£YNU CH£ODZ•CEGO
80X100X13;USZCZELNIACZ
0000285354;POMPA ADBLUE SOLARIS N/TYP
YT1255;"REDUKCJA 1/2""-3/8"""
004947;£•CZNIK RURY WYDECHOWEJ 45X95
256063;USZCZELKA WYDECHU
YT0682;ZESTAW DO ZACISK”W HAMULCOWYCH
DCAD1212;SZCZYPCE DO PIERåCIENI SEEGERA WEW. 85-140MM
KOLANKO 60/70;KOLANKO SILIKONOWE 60/70
KR60009SR;åRUBY KORPUSU ZACISKU SB7 KPL
MR2100003;KORBOW”D KOMPRESORA
M18FHIWF12-502X;KLUCZ UDAROWY MILWAUKEE
M18CBLPD-422C;WIERTARKO WKR TARKA ZESTAW
M18ONEFSAG125XB-0X;SZLIFIERKA K•TOWA 125MM + BATERIA 5AH
EL7320112;ZABIERAK 112 ELMAX
0433171436;KO—C”WKA WTRYSKIWACZA OM457
D4X013TT;CH£ODNICA OLEJU
DRL902;åWIAT£A DZIENNE LED 70/90 OKR•G£E 12/24V
5W30 MOTORCRAFT 5L;OLEJ SILNIKOWY 5W30 MOTORCRAFT 5L
233009;ELEMENT POMPY RZ DOWEJ
743450;USZCZELKA KOLEKTORA WYDECHOWEGO
100284;USZCZELNIACZ WA£U KORBOWEGO
38470;CEWKA KOMPRESORA 12V
004949;£•CZNIK RURY WYDECHOWEJ 48-52MM
TSP0435064;CZUJNIK CIåNIENIA KLIMATYZACJI
6139510021;OS£ONA BOCZNA FOTELA LEWA
6329510521;OS£ONA BOCZNA FOTELA PRAWA
58X80X13;USZCZELNIACZ
301098;CZUJNIK CIåNIENIA KLIMATYZACJI
KTT130042;CZUJNIK CIåNIENIA KLIMATYZACJI
6144980021;PRZEGUB ZEWN TRZNY
H414WKD421;FILTR PALIWA
77012900;ZESTAW USZCZELEK PODSTAWY FILTRA
0242229648;åWIECA ZAP£ONOWA
KR60079R1;åRUBA JARZMA ZACISKU M16X50X1,5
7X535234;ZBIORNIK BP50 DO ODKURZACZA PRZEMYS£OWEGO ISARD1250
7X408347;K”£KA STA£E KPL
7X443133;K”£KA SKR TNE KPL
449818;LAMPA SETRA TY£ PRAWA Z KABLAMI
YT73200;PIROMETR
5802150003P;LINKA POKRYWY SILNIKA
460542;UCHWYT OTWIERANIA POKRYWY SILNIKA
55587352;USZCZELKA TURBOSPR ØARKI
TP-LINK TL-WPA4220 AV600;TP-LINK TL-WPA4220 AV600
9050339;WACHACZ LEWY PRZ”D
9050340;WACHACZ PRAWY PRZ”D
340470;USZCZELKA KOLEKTORA SS•CEGO KPL
NE00567;SZNURKI DO OPON
YT23733;PISTOLET DO DMUCHANIA
YT2373;PISTOLET DO PIASKOWANIA
YT23732;PISTOLET DO DMUCHANIA
1212000006;PRZETWORNICA 12V-230V
1050680;ZESTAW MONTAØOWY SZCZ K HAMULCOWYCH
07013;SZCZ KI HAMULCOWE
1301010723;REFLEKTOR PRZEDNI LEWY ACTROS
0407000539;£•CZNIK GUMOWY FI90X124
NAPRAWA REJESTRATORA MOBILNEGO;NAPRAWA REJESTRATORA MOBILNEGO
150/70R18;OPONA
90/90R21;OPONA
50064;PRZEW”D HAMULCA ELASTYCZNY PRZ”D
59993;PRZEW”D HAMULCA ELASTYCZNY TY£
19524;MOCOWANIE PRZEWODU HAMULCOWEGO
WP023;PRZEW”D HAMULCOWY 105/105 1,8M
WP049;PRZEW”D HAMULCOWY 105/105 1,9M
WP192;PRZEW”D HAMULCOWY 105/106 3,4M
WP479;PRZEW”D HAMULCOWY 104/105 1,2M
WP491;PRZEW”D HAMULCOWY 104/105 1,8M
WP5600150;Z£•CZE PRZEWODU HAMULCOWEGO
WP563;PRZEW”D HAMULCOWY 105/106 2,5M
0103002357;FILTR POWIETRZA
2215458532;MODU£ TYLNY
0139976946;USZCZELNIACZ PIASTY
0103002916;FILTR POWIETRZA ACTROS N 6X4
0392023004;POMPA OBIEGOWA WODY ELEKTRYCZNA
05314905;LAMPA PODåWIETLENIA TABLICY REJESTRACYJNEJ
WP599;PRZEW”D HAMULCOWY 104/106 2,1M
0008204764;LAMPA TY£ LEWA SETRA 415 UL
45457;STRZEMI  RESORU
9063560401;PIASTA TY£ SPRINTER
5856813;RESOR TYLNY
1689065;SPR ØARKA
761559;ORING 11X3
GDB1403;KLOCKI HAMULCOWE
M66799;PENSETY PRECYZYJNE
MATA SILIKONOWA;MATA SILIKONOWA DO LUTOWANIA
2003000213;PODK£ADKA FI26
0899000017;åRUBA M16X120X1,5
3372106819;PI”RO RESORU
24071163963;CZUJNIK ABS SPRINTER
33200141;WK£AD LUSTRA
2290601011N;SPRZ G£O KPL. SPRINTER
746400;USZCZELNIACZ WA£U
9411373;RDZE— WTRYSKIWACZ
LAMPA LUPA LED;LAMPA LUPA LED
V102562;USZCZELKA POMPY
NE00781;ZESTAW SZCZOTEK I KAMIENI
B5HS;åWIECA ZAP£ONOWA
K9087;FILTR KABINY KLIMATYZACJI
2701000164;KLUCZ DO K”£ 32/33
47726;ZAW”R ODPOWIETRZAJ•CY ODMA
150100238BP;OS£ONA SILNIKA CONECTO
6286833708BP;OS£ONA SILNIKA CONECTO
DCW156TT;PRZEW”D CH£ODNICY
0007608378ZSBP;ZESTAW NAPRAWCZY ZAWORU DRZWI
WA07067;SI£OWNIK SPRZ G£A 9700514320
24SKV858;PRZEW”D POWIETRZA
DCP015TT;PRZEW”D POWIETRZA
CO19027828;USZCZELNIACZ
535019410;KO£O ALTERNATORA
VLINE53;åWIECA ZAP£ONOWA
210103003057;KO—C”WKA DR•ØKA
212103114138;KO—C”WKA DR•ØKA
210103004305;£•CZNIK DR•ØK”W
210102905402;AMORTYZATOR PRZ”D
21060682601;POD£OKIETNIK
210102905448;TULEJA AMORTYZATORA
51274210331;CZUJNIK CIåNIENIA SPALIN MAN N/TYP
AP023/4;FILTR POWIETRZA
JTS393;£•CZNIK STABILIZATORA
0009058104;CZUJNIK RADAROWY
HDDSAGATE;DYSK TWARDY DO MONITORINGU 1TB
K602X0,5;PRZEW”D DO SYSTEM”W MONITORINGU
LZ1;£•CZNIK ZASILANIA
ML121;REDUKCJA ELEKTRYCZNA
D43039;ZESTAW MONTAØOWY
WA4760055;G£OWICA KOMPRESORA KOMPLETNA 4123520260
43455;ZESTAW NAPRAWCZY DR•ØKA REAKCYJNEGO
YT0140;KLUCZ P£ASKI P”£OTWARTY 22X24MM
E1017L;FILTR POWIETRZA
026407023;FILTR OLEJU
H281WK01;FILTR PALIWA
314717;AMORTYZATOR PRZ”D
29828;KO—C”WKA DR•ØKA KIEROWNICZEGO
29829;KO—C”WKA DR•ØKA KIEROWNICZEGO
9064230112;TARCZA HAMULCOWA
32501225;POMPA PODCIåNIENIA
1120215;ROZRUSZNIK REGENEROWANY
D4008;REPERATURKA ZACISKU
RWB08P;PRZERYWACZ KIERUNKOWSKAZU 24V
ATC536;PODK£ADKI METALOWO GUMOWE 150SZT ZESTAW
OLEJ ATF III 60L;OLEJ ATF III 60L
105906;MECHANIZM PODNOSZENIA SZYBY ACTROS MP2/3 LEWY
TWS006;PRZE£•CZNIK POD. SZYBY AXOR
861201;ELEKTROMAGNES ROZRUSZNIKA
66391600;ZAMEK SZAFY METALOWY SISO X44/D
0000039273;OS£ONA SILNIKA SOLARIS MA£Y
3182654192;£OØYSKO SPRZ G£A
9063500135;ZESTAW NAPRAWCZY PIASTY KO£A TY£
6505069534011;REPERATURKA PROGU
IP000145;LINKA PR DKOåCIOMIERZA
IP000040;PRZEKAèNIK ROZRUSZNIKA
2302000430;CZYåCIWO ROLKA 26CMX200M
D43045;ZESTAW MONTAØOWY KLOCK”W
D4080;REPERATURKA ZACISKU
YT01385;KLUCZ P£ASKI P”£OTWARTY 17X19MM
09143;KLUCZ OCZKOWY P”£OTWARTY 9X11MM
09145;KLUCZ OCZKOWY P”£OTWARTY 10X12MM
SXANI090363100000;P DZEL DO NAK£ADANIA PASTY MONTAØOWEJ 40MM/200MM
31002381;WK£AD LUSTRA
D4015;REPERATURKA ZACISKU
YT82223;URZ•DZENIE WIELOFUNKCYJNE
80AH800A;AKUMULATOR
XPB2360;PASEK KLINOWY XPB2360
AM14027;SMAR MIEDZIANY 50G
AM20A10;SMAR MIEDZIANY 400ML
32927;OLEJ SILNIKOWY FEBI 15W40 5L
MGS01073B;ZESTAW DO NAPRAWY GWINT”W M6X1
VKBA6575;£OØYSKO KO£A
34880;POMPA HYDRAULICZNA SPRZ G£A
VTG SOLARIS N/TYP;USZCZELKA NASTAWNIKA VTG SOLARIS N/TYP CUMMINS
HCANS119;CZUJNIK ABS
15000334922;CZUJNIK IMPULSOWY SKRZYNI BIEG”W VOITH N/TYP
33972010004;ZAWIAS DRZWI KABINY KIEROWCY
0281006005;CZUJNIK CIåNIENIA R”ØNICOWEGO DPF
1457070008;FILTR PALIWA
530055032;ROZRZ•D
PRZEWOD POWIETRZA FI44;PRZEW”D POWIETRZA WZMOCNIONY SPIRAL• FI44
MR3507;ZAWIAS DRZWI ATEGO
POKROWIEC NA UKUMULATOR;POKROWIEC NA AKUMULATOR 29X20X18
GDB3549;KLOCKI HAMULCOWE
OP617/1;FILTR OLEJU
AP122/9;FILTR POWIETRZA
K1314;FILTR KABINY
JTE457;KO—C”WKA DR•ØKA KIEROWNICZEGO
JTE458;KO—C”WKA DR•ØKA KIEROWNICZEGO
GDB3582;KLOCKI HAMULCOWE
JBU129;TULEJA WAHACZA
MILWAUKEE 14,4V;REGENERACJA BATERII MILWAUKEE 14,4V
314606;AMORTYZATOR
OE649/6;FILTR OLEJU
2800011514180;PI”RO WYCIERACZKI 330MM
G12+;KONCENTRAT DO CH£ODNIC G12+ 1L
OM614;FILTR OLEJU
180605012;KIERUNKOWSKAZ BOCZNY
12V WY5W;ØAR”WKA 12V 5W KIERUNKOWSKAZU POMARA—CZOWA
MERSE028;CZUJNIK POZIOMU OLEJU SILNIKOWEGO
145666;KO£O Z BATE SKRZYNI BIEG”W
8JA003526002;PODSTAWA PRZEKAØNIKA
182334;RAMIE WYCIERACZKI ACTROS
3892622123;SYNCHRONIZATOR
3872681680;USZCZELKA SKRZYNI
9452624834;PIERåCIE— SKRZYNI
9452625134;SYNCHRONIZATOR
0129813705;£OØYSKO SKRZYNI
50295333;BEZPIECZNIK 40A KWADRATOWY FORD
YT38791;ZESTAW KLUCZY 108EL
8932209212;SZYBKOZ£•CZE VOSS M22X1,5 NG12 S/TYP
6504033505581;REPERATURKA B£OTNIKA TY£ LEWY
4410501000;CZUJNIK POZIOMU ZAWIESZENIA SOLARIS 2020
PANEL STEROWANIA NAWIEWU;PANEL STEROWANIA NAWIEWU
SET45;£OØYSKO 501349
75X94X11,5;USZCZELNIACZ
38X500;PRZEW”D OLEJOWY/BENZYNA 0,5M
HACZYK;HACZYK DO PLANDEKI
1104000463;PODUSZKA ZAW.UK£.WYD 28X20 M8
4613074790;ZAW”R PEDA£U HAMULCA
111205;ZABEZPIECZENIE SKRZYNII BIEG”W
CJ1952;AKUMULATOR 6V 195AH/1000A
15300134211;ZAW”R RETARDERA VOITH SETRA
119161;PIERåCIE— SYNCHRONIZATORA WEW.
130554;£OØYSKO SKRZYNI BIEG”W
109349;PIERåCIE— SYNCHRONIZATORA
1102002095;RURA WYDECHU PROSTA FI75X2000
1102003408;RURA WYDECHU PROSTA FI65X2000 BOS261863
A2524G;AMORTUZATOR UK£ADU KIEROWNICZEGO
DF1833;TARCZA HAMULCOWA
675510;USZCZELKA POKRYWY ZAWOR”W
LUX10;OLEJ LUX-10 5L
0986475744;CYLINDEREK HAMULCOWY TY£
109328;ZESTAW MONTAØOWY AMORTYZATORA TY£
GUM001;TAåMA IZOLACYJNA Ø”£TA
111253;PODNOåNIK SZYBY L
6PK1733;PASEK WIELOROWKOWY
1091855;ZESTAW MONTAØOWY ZACISKU
WP051;PRZEW”D HAMULCOWY
4341001310;ZAW”R PRZEP£YWOWY 7,3 BAR
1407000015;SZYBKOZ£•CZE TEKALANU FI6/6 PLASTIK
0045400917;CZUJNIK POZIOMU P£YNU INTEGRO N/TYP
CT20;£ATA RADIALNA CT-20 75MMX125MM 170
KS00001609;POMPA PALIWA
TABORET;TABORET ROBOCZY
80AH/740A;AKUMULATOR
532061810;ROLKA PROWADZ•CA
4PK1708;PASEK WIELOROWKOWY
LED 24V IP68 NIEBIESKA;TAåMA LED 24V IP68 NIEBIESKA
LED 24V IP68 ZIELONA;TAåMA LED 24V IP68 ZIELONA
13X2018;PASEK KLINOWY
2AVX13X1155;PASEK KLINOWY PODW”JNY
1862980;CZUJNIK CIåNIENIA POWIETRZA W KOLE
713690760;£OØYSKO KO£A
91451404;ZAW”R OPUSZCZANIA FOTELA
NAA043;KO—C”WKA OCZKOWA M8,5X35
HIACEH53015000000;CI ØAREK NABIJANY DO FELG STALOWYCH 150G 10SZT
4410435041;CZUJNIK CIåNIENIA ZAWOR”W 6 OBWODOWYCH
109351;STOØEK SYNCHRONIZATORA
6508013548150;REPERATURKA DRZWI
143023310;DOCISK SPRZ G£A
343022110;"TARCZA SPRZ G£A 430 2"" 10 Z B”W"
MMTA048191220;POKROWCE NA FOTELE
5002030177P;MIECH ZAWIESZENIA TY£ AXOR
1506280021;PRZYCISK DRZWI SZARO-NIEBIESKI
KR60051R4;SAMOREGULATOR ZACISKU SL7/SM7/ST7
WA6300070;G£OWICA KOMPRESORA KPL 9125102000
MR2400030;P£YTA ZAWOROWA KOMPRESORA KPL 5411300620
MR2400055;USZCZELKI + ZAWORY KOMPRESORA 5411311119
3892628534;PIERåCIEN SYNCHRONIZATORA
4900MB;LAMPA TY£ POZYCJA G”RNA INTEGRO
115302;PIERåCIE— ZABEZPIECZAJ•CY SWORZNIA ZWROTNICY
DN22L3500;PRZEW”D KLIMATYZACJI DN22L3500
0008220227;KLOSZ LAMPY WEWN TRZNEJ INTEGRO
9433300856;POKRYWKA SWORZNIA ZWROTNICY
DML305;FILTR OSUSZACZA KLIMATYZACJI
2201041351;SZYBA PRZEDNIA PRAWA SOLARIS U8,6
1501001582;DYSZA NAWIEWU POWIETRZA SOLARIS FI75
0004010511;PRZEW”D PO£•CZENIOWY TESTERA TEXA T18A
1990090950;WYK£ADZINA SIRIUS NT6782 DUNE
1792529001;OS£ONA PRZYCISKU OTWIERANIA DRZWI
0120303308;ZAåLEPKI ZESTAW
0120303310;PIERåCIE— USZCZELNIAJ•CY ORING
0004008794;SKLEJKA BRZOZOWA 2XINTEGRA
001009;åRODEK DO KONSERWACJI PODWOZIA BURSZTYNOWY
28141;£OØYSKO KO£A Z PIAST•
623304400;SPRZ G£O KPL
0010101;åRODEK DO KONSERWACJI BIA£Y
98530204;£OØYSKO SKRZYNI BIEG”W
150165;LINKA HAMULCA R CZNEGO
0299001376;OBEJMA V BAND
0004316304;USZCZELKA 93X110 PRZEWODU ELASTYCZNEGO WYDECHU CUMMINS
0004316300;OBEJMA V FI 177 WEW CUMMINS
2200002431;SZYBA BOCZNA NAROØNIK TY£
004327339;SZYBA BOCZNA
0004068763;SZYBA TYLNA
FCL694443;ZACISK HAMULCA
CZH1286;ZACISK HAMULCA
1210000322;WTYCZKA 7 PIN 24V
131000322;LINKA HAMULCOWA
GCH113;LINKA HAMULCOWA
GCH3028;LINKA HAMULCOWA
EVAC097;ZAW”R REGULACJI CIåNIENIA DO£ADOWANIA TRANSIT
A120420;FILTR PALIWA
EKWA3110A;ZESTAW NAPRAWCZY ZAWORU RETARDERA
REDUKCJA 60/70;REDUKCJA SILIKONOWA 60/70
YT1430;"PRZED£UØKA 1/4"" 76MM"
YT1429;"PRZED£UØKA 1/4"" 51MM"
YT1431;"PRZED£UZKA 1/4"" 102MM"
2290601098;SPRZ G£O KPL
KR23145;SPR ØYNA GAZOWA
KR24432;SPR ØYNA
24032002041;TARCZA HAMULCOWA
10W40 MOTUL 6100;OLEJ SILNIKOWY 10W40 MOTUL 6100
PE815/5;FILTR PALIWA
28X42,5X8;USZCZELNIACZ
19X37X10;USZCZELNIACZ
81251010041;MODU£ åWIATE£ DIODA åWIETLNA
51050007230;OBUDOWA FILTRA OLEJU Z CH£ODNIC• KPL
75W80 TOTAL;OLEJ PRZEK£ADNIOWY 75W80 TOTAL
F026400088;FILTR POWIETRZA
105AH950A;AKUMULATOR 105AH 950A
6283200289;£•CZNIK DR•ØKA STABILIZATORA PRAWY CONECTO
MGS100;SPR ØYNA GAZOWA
JBC0223;ZACISK HAMULCA
JBC0224;ZACISK HAMULCA
32491;£•CZNIK STABILIZATORA
143987J;TERMOSTAT
11092600;USZCZELKA POKRYWY ZAWOR”W
11R3032;ZESTAW NAPRAWCZY OSUSZACZA
81962100601;PODUSZKA SILNIKA MAN A12 2020 PRAWA
81962100577;PODUSZKA SILNIKA MAN A12 2020 LEWA
67157A;CH£ODNICA
696082;WENTYLATOR
709269290;CH£ODNICA OLEJU
94917;CH£ODNICA KLIMATYZACJI
21906;WACHACZ PRZEDNI PRAWY G”RA
VKPC88864;POMPA WODY
696083;WENTYLATOR CH£ODNICY
320401;LINKA HAMULCA R CZNEGO
9065050455;OS£ONA WENTYLATORA
9068800003;PRZEDNI PAS G”RNY
6502073547210P;PAS PRZEDNI POD REFLEKTRORAMI
6504049523311Q;B£OTNIK PRZ”D LEWY
2011814152;REFLEKTOR PRZEDNI LEWY
5510003547902Q;ZDERZAK PRZEDNI BEZ HALOGEN”W
6803003547280Q;MASKA PRZEDNIA POKRYWA SILNIKA
ROM52030;TR”JNIK SPRYSKIWACZY FI6
W”ZEK TRANSPORTOWY ROZK£ADANY;W”ZEK TRANSPORTOWY ROZK£ADANY
ROM15001;SPINKA TAPICERSKA
ROM91015;SPINKA TAPICERSKA NADKOLA ZESTAW
6504043547332K;REPERATURKA NADKOLA PRZ”D PRAWY
6504043547312P;B£OTNIK PRAWY PRZ”D
9064662224;RURKI CH£ODZENIA P£YNU WSPOMAGANIA
532016010;KO£O PASOWE
876661;USZCZELNIACZ POMPY PODCIåNIENIA
879280;USZCZELKA KOLEKTORA SS•CEGO
VKM38020;NAPINACZ
YT068671;ZESTAW KOSZULEK TERMOKURCZLIWYCH
124555;DRABINA WOLNOSTOJ•CA KRAUSE STABILO
VKMC012501;ZESTAW PASKA ROZRZ•DU Z POMP• WODY
103022;GUMA STABILIZATORA
20X8.00/10.00;D TKA
C510400300;P£YN DO SPRYSKIWACZY LETNI 30L
C512002000M;P£YN DO SPRYSKIWACZY ZIMOWY 200L
27524;£ACZNIK STABILIZATORA
VKHC5932;PIASTA PRZ”D INTEGRO KPL Z £OØYSKIEM
02ME026;TARCZA HAMULCOWA PRZ”D INTEGRO
ROM90204;SPINKI MOCOWANIA OS£ONY SILNIKA KPL
TEG222AT;LISTWA WTRYSKOWA
6297502893;KLAMKA BAGAØNIKA ZE åWIAT£EM OBRYSOWYM SETRA/MERCEDES
535020810;ROLKA ALTERNATORA
ABH6004S;SZCZOTKOTRZYMACZ
6601050000004Q;OS£ONA SILNIKA
6601020015874Q;OS£ONA SILNIKA/SKRZYNI
6601020015873Q;OS£ONA SILNIKA/SKRZYNI
T38600;NAPINACZ PASKA
K108;MASA USZCZELNIAJ•CA SZYBY 310ML K108
YT1067;"REDUKCJA 1/2"" NA 3/4"""
BOS185627;T£UMIK KO—COWY
YT0620;WYKR TAKI DO SZPILEK KPL
9065051355;OS£ONA WENTYLATOR”W PODW”JNA
9068110107;OS£ONA LUSTERKA TR”JK•T PRAWY
9068170016;ZNACZEK MERCEDES PRZ”D
906850011;STOPIE— NAK£ADKA ZDERZAKA PRZ”D
626309333;SPRZ GLO KPL
415056210;KO£O DWUMASOWE
19036539B;USZCZELNIACZ SKRZYNI 106X196X215X15,5
YT19767;NOØYCZKI 300MM
9433340115;PIERåCIE— ABS INTEGRO PRZ”D
D7107C;ZESTAW NAPRAWCZY ZACISKU
108643;ZAW”R ZWROTNY FILTRA PALIWA Z PODGRZEWACZEM
5402041122552P;LUSTERKO ZEWN TRZNE
1929202;DR•ØEK KIEROWNICZY
38X56X10;USZCZELNIACZ
29625;KOREK WLEWU OLEJU
YT19765;NOØYCZKI 215MM
YT19766;NOØYCZKI 245MM
T221;P£YN DO P£UKANIA UK£ADU CH£ODZACEGO 250G
104523111;KARTA PLASTIKOWA PVC ZEBRA 500SZT
BERNER;LATARKA CZO£OWA + PENLIGCHT LED ZESTAW
530558;£OØYSKO SKRZYNI BIEG”W
063721202010;ROZRUSZNIK
HAK;HAK KLUCZ DO WIND
102442;WA£EK SPRZ G£OWY SKRZYNI
0069887178;SPINKA LISTWY BOCZNEJ MERCEDES
215810010600;CZUJNIK CIåNIENIA POWIETRZA
3397009016;PI”RA WYCIERACZEK KPL
85W140 SPIRAX;85W140 OLEJ PRZEK£ADNIOWY SPIRAX 20L
5504003547936P;MOCOWANIE ZDERZAKA
60532707;POMPA OLEJU
235/55R17;OPONA
AP124;FILTR POWIETRZA
187611;NAKR TKA M30X1,5
0018264082;OPRAWKA ØAR”WKI LAMPY TYLNEJ 2-PINY 5W
64793/1;ORING 100X3
60532211;ORING 138X3
56X72X8;USZCZELNIACZ
041201A4Z;TABLICA DO REKLAM ALUMINIOWA PRZYMYKANA A4 KASETON
041201A2Z;TABLICA DO REKLAM ALUMINIOWA PRZYMYKANA A2 KASETON
OLEJFI50;PRZEW”D OLEJOWY/PALIWO FI50
20X8.25;D TKA
0229974048;ORING
0279973048;ORING
3892623555;PODK£ADKA
3892623055;PODK£ADKA REGULACYJNA
0139811105;£OZYSKO39,7X40,4
0129813605;£OØYSKO 45X110X12
0129812705;£OØYSKO 65X140X13,5
AUG15183;DR•ØEK REAKCYJNY
LFR5AP11;åWIECA ZAP£ONOWA
51018047061;SEPARATOR OLEJU MAN N/TYP A12 (odma)
2507000006;SMAR CENTRALNY 10 KG
455/45R22,5;OPONA MICHELIN 455/45R22,5
13046071172;KLOCKI HAMULCOWE
24012201501;TARCZA HAMULCOWA
409180586;PRZEW”D GUMOWY SERWO G-KLASA
713615030;£OØYSKO KO£A
CAS026 4L;OLEJ SILNIKOWY 5W30 CASTROL GTX 4L
14056;FILTR POWIETRZA
PS974/1;FILTR PALIWA
77408524;DYWANIKI GUMOWE KPL
DZ548515;WYK£ADZINA BAGAØNIKA
MC99612;PRZEW”D CH£ODNICY
5500116;PIASTA KO£A
242905004;AMORTYZATOR PRZ”D
242915006;AMORTYZATOR TY£
REGA£;REGA£
5002030140P;MIECH ZAWIESZENIA TY£ INTEGRO
4721706360;ZAW”R ELEKTORMAGNETYCZNY
40247;NAKR TKA KO£A
24SKV211;PRZEW”D INTERCOOLERA
51541009381;KOMPRESOR SZEREGOWY DWUCYLINDROWY
1131434X;ZESTAW NAPRAWCZY ZACISKU
OBD2;PRZED£UØKA AT FLEX 30CM OBD
DF4253;TARCZA HAMULCOWA
339852;AMORTYZATOR PRZ”D
23226;PRZE£•CZNIK KOLUMNY KIEROWNICZEJ
3397014421;PI”RA WYCIERACZEK KPL
23SKV013;ZACISK HAMULCA LEWY
23SKV014;ZACISK HAMULCA PRAWY
11352;WAHACZ LEWY
22512;PIASTA KO£A
PR171046;POMPKA SPRYSKIWACZY
C9411373;KAUCJA ZA NOX
9067500021;ZAWIAS POKRYWY SILNIKA LEWY
9067500121;ZAWIAS POKRYWY SILNIKA PRAWY
1305060047;LAMPA KABINY NIEBIESKA LED
45765;CZUJNIK BIEGU JA£OWEGO SETRA MERCEDES (D£UGI)
NE00313;PRZYSSAWKA DO SZYB
AC984665;CH£ODNICA
30354;CH£ODNICA INTERCOOLER
1170306300;LINKA HAMULCA R CZNEGO
454067;ZBIORNIK WYR”WNAWCZY
DRABINA PLASTIK;DRABINA PLASTIK
84129080;SI£OWNIK SPRZ G£A
0205030956;ROLKA NAPINACZA PASKA
1403001653;ZESTAW NAPRAWCZY SPR ØARKI
260320002;PRESOSTAT NISKIEGO CIåNIENIA
260320251;PRESOSTAT WYSOKIEGO CIåNIENIA
1205000023;ZESTAW BEZPIECZNIK”W P£YTKOWYCH MINI
45597;PRZERYWACZ KIERUNKOWSKAZU 24V
112410755;MOCOWANIE CH£ODNICY
U007;PRZYSSAWKA PR”ØNIOWA DO SZK£A MANOMETR 100KG
42669;WAHACZ
42670;WAHACZ
NE00695;PRZYSSAWKA DO SZYB PODW”JNA
1234640043;ELEMENT KONTAKTOWY SYGNA£U DèWI KOWEGO
1269810025;£OØYSKO KULKOWE KOLUMNY KIEROWNICZEJ
MMTA042TM548515;WYK£ADZINA BAGAØNIKA
EPDM39X23X13,5;USZCZELKA DRZWI
9433301225;PIASTA KO£A PRZ”D INTEGRO
0004772016;ODSTOJNIK SEPARATORA PALIWA
1105030055;POMPKA R CZNA DO ADBLUE
H7091WK10;FILTR PALIWA SEPARATOR
5A 10MM;BEZPIECZNIK P£YTKOWY MINI 5A 10MM
702256240;ZAW”R CIåNIENIA
0061538328;CZUJNIK TEMPERATURY SPALIN
1987482230;LINKA HAMULCOWA
1987482231;LINKA HAMULCOWA
1050621;ZESTAW MONTAØOWY SZCZ K
DPOWER40;åWIECA ØAROWA
0986016980 KAUCJA;ROZRUSZNIK KAUCJA
DPOWER24;åWIECA ØAROWA
D7MA010TT;CH£ODNICA SILNIKA
STR90354;STABILIZATOR PRZ”D INTEGRO
0289BOV;KO£O PASOWE
395437;PODUSZKA ZAWIESZENIA SKRZYNI BIEG”W
171036;PODPORA WA£U
72570;POMPA HYDRAULICZNA 50T
172100000010;CZUJNIK ABS
LTD1174E6;MIARKA OLEJU
LTD6X0959455A;WENTYLATOR CH£ODNICY
SQ22200100;POMPA PALIWA
JTE1897;KO—C”WKA DR•ØKA
ALD6125;DRABINA ALUMINIOWA 5 STOPNIOWA
LATARKA BERNER PENLIGHT;LATARKA BERNER PENLIGHT
533055;PAPIER åCIERNY RZEP 70X420 P80
533062;PAPIER åCIERNY RZEP 70X420 P120
559413;PAPIER åCIERNY RZEP 70X420 P80
ROMC50468;SPINKA TAPICERSKA
MERMR008;SZK£O LUSTERKA
LCC7016;SAMOREGULATOR KPL
C5G040ABE;CYLINDEREK HAMULCOWY
VIC910NR;KO—C”WKI KIEROWNICY
A3C0641700020;CZUJNIK TACHOGRAFU
0986594590;CZUJNIK ABS PRZ”D SPRINTER
SBH6011;SZCZOTKOTRZYMACZ ROZRUSZNIKA
RH6575;SPR ØYNA TY£
3397011353;PI”RO WYCIERACZEK
3397004671;PI”RO WYCIERACZEK
0009985205;GUMA MOCOWANIA GRILA PRZ”D
6395060050;TULEJA MOCOWANIA OS£ONY WENTYLATOR”W
0010102;åRODEK DO KONSERWACJI PROFILI SPRAY BIA£Y
E154HD48;FILTR OLEJU
39605;USZCZELKA SZYBY Z KLINEM
F14761000;PISTOLET NALEWOWY ADBLUE
DWX058TT;PRZEW”D CH£ODNICY
509885;CH£ODNICA INTEGRO/ SETRA 415
1986AE0105;REGULATOR NAPI CIA
180423;TERMOSTAT Z OBUDOW• KPL
GIC164;CZUJNIK ZUØYCIA KLOCK”W
86X105X5/6;USZCZELNIACZ PIASTY PRZ”D SETRA 415
JTS0016;£•CZNIK STABILIZATORA PRZ”D L SETRA L-148MM
JTS0017;£•CZNIK STABILIZATORA PRZ”D P SETRA L-148MM
C83192ABE;PRZEW”D HAMULCOWY
26053;FILTR HYDRAULIKI SKRZYNI
BK315560LF0019;RESOR
07856;SILENTBLOCK WAHACZA
07847;SILENTBLOCK WAHACZA
1005010025/S;TULEJE BELKI TY£ ZESTAW
0135424217;CZUJNIK OBROT”W SKRZYNI
49362336;PIERåCIE— ABS PRZ”D SETRA 415 16X188X12
12974;KO—C”WKA DR•ØKA
29934;OLEJ ATF 1L
471G0245BTA;NAKR TKA PIASTY
101161;OLEJ ATF 5L
WYKRYWACZ;WYKRYWACZ LOKALIZATOR GPS
ZESTAW BIT”W;ZESTAW BIT”W SHOCKWAVE MILWAUKEE BOX 75SZT
KL180F;FILTR PALIWA
U00572;STRZEMI  RESORU
0216002509470P;MISKA OLEJOWA TRANSIT
27290;SILENTBLOCK BELKI
MMTA0400078205;DYWANIKI GUMOWE
03583;KO—C”WKA KIEROWNICZA
02238;KO—C”WKA KIEROWNICZA
1987474584;CZUJNIK ZUØYCIA KLOCK”W
488N1P05;MIECH ZAWIESZENIA KPL
64130415;WA£EK WEJåCIOWY SKRZYNI VOITH
0520130545;USZCZELNIACZ
100CR6;TULEJA 60/50X10
74AH750A;AKUMULATOR
MGS01663;STRZYKAWKA WILOP£YNOWA
MGS1025B;ZESTAW DO SPRAWDZANIA SZCZELNOåCI
YT38841;ZESTAW NARZ DZI
MMTA040D00741;DYWANIKI GUMOWE
27982;£•CZNIK STABILIZATORA
1004980011;PRZEGUB
3011101;OS£ONA PRZEK£ADNI KIEROWNICZEJ
KRATKA WENTYLACYJNA 40CMX40CM;KRATKA WENTYLACYJNA 40CMX40CM
VKBA3532;£OØYSKO KO£A
KOREK;NAKR TKA KOREK DO ZBIORNIK”W
L18/865;åWIETL”WKA
1050794;ZESTAW DO SZCZ K
53833A;NAGRZEWNICA
103501;KOREK CH£ODNICY
106507;TERMOSTAT
001405;åRODEK DO MYCIA PISTOLET”W
109625756;PRZEW”D POMPY WODNEJ
PP836/3;FILTR PALIWA
0003300607;ZESTAW NAPRAWCZY ZWROTNICY PRZ”D D”£
2701002757;ZESTAW WYKR TAK”W
1406000127;ZBIORNIK POWIETRZA FI310 L605
0301070211;åRUBA PRZELEWU PALIWA M12X1,5
1407000086;SZYBKOZ£•CZE TEKALANU FI6/6 METALOWE PROSTE
4460910040;ZAW”R NAGRZEWNICY DWUDROØNY KAT90
2702000021;KO—C”WKA PISTOLETU NALEWAKA P£YNU
1010457080;SEPARATOR KPL Z PODGRZEWACZEM
1101000034;T£UMIK AXOR
0038268790;SZK£O REFLEKTORA PRAWE MERCEDES INTEGRO
0038268690;SZK£O REFLEKTORA LEWE MERCEDES INTEGRO
10039I;PISTOLET DO NALEWAKA P£YNU
52AH/470A;AKUMULATOR
0040060;TAåMA DWUSTRONNA 6MMX10M
0040064;TAåMA DWUSTRONNA 19MMX10M
0040077;TAåMA DWUSTRONNA 9MMX5M
CC61640;POKROWIEC NA AKUMULATOR
CH2220;CH£ODNICA KLIMATYZACJI
YT2245;ZESTAW DO ZACISKANIA KONEKTOR”W
M18X1,5-1D;SPR ØYNKA DO NAPRAWY GWINT”W M18X1,5
KR60042K3;KABEL POKRYWY ZACISKU SB/SN 8M
153553601;USZCZELKA MISKI OLEJOWEJ
175/70R13;OPONA
175/65R14 T;OPONA
ZFI2600003;SZYBA HARTOWANA
36174;W£•CZNIK åWIATE£ COFANIA
0261230224;CZUJNIK PODCIåNIENIA KOLEKTORA DOLOTOWEGO
AF1025512B1;PRZEP£YWOMIERZ POWITRZA
575006;PI”RO WYCIERACZKI
C43S015371;TONER CZARNY
C43S015376;TONER CZERWONY
0008204864;LAMPA TY£ SETRA 415 PRAWA
1305011723;LAMPA OBRYSOWA BIA£O CZERWONA TY£ LED
DF1538;TARCZA HAMULCOWA PRZ”D
GDB1658;KLOCKI HAMULCOWE PRZ”D
9617230280;DØWIGNIA HAMULCA R CZNEGO
YT75121;N”Ø Z WYMIENNYM/£AMANYM OSTRZEM 18MM
0002009523;WENTYLATOR CH£ODNICY +WISKO KPL
225/75R16 TRIANGLE;OPONA
38935;OLEJ AUTOMATYCZNEJ SKRZYNI BIEG”W 5L
S22H41600;"POKR T£O PRZEGUBOWE 1/2"" L=600"
MKS27;ZESTAW SKROBAK”W DO SZYB
0501220297;FILTR HYDRAULIKI SKRZYNI BIEG”W
113842;ROZRUSZNIK
MD76385;ELEKTRYCZNA POMPA PALIWA
205079082;REFLEKTOR PRZEDNI
205080082;REFLEKTOR PRZEDNI
1804001349;PROFIL ALUMINIOWY OS£ONA BOCZNA
9065012782;PRZEW”D GUMOWY P£YNU (TR”JNIK)
6PK1480;PASEK WIELOROWKOWY
HAMHTSA68BM;CZUJNIK CIåNIENIA POWIETRZA W KOLE
ATF III 1L JASOL;OLEJ ATF III 1L JASOL
DPM66MPK;ZAW”R HAMULCA R CZNEGO
YT08802;LEØANKA
YT17211;PODNOåNIK 3T ØABA
DDF485RFJ;WKR TARKA KPL
70MMX400MM;KLOCEK SZLIFIERSKI REGULOWANU 70MMX400MM
12V W21W;ØAR”WKA 12V W21W
RC1695;SPR ØYNA ZAWIESZENIA
7791550;KLOSZ REFLEKTORA INTEGRO LEWY
111861;LAMPA KANA£OWA LED 20W
6144980004;PRZEGUB NAP DOWY
6144980010;PRZEGUB NAP DOWY
YT10564;NASADKI DO FELG ALUMINIOWYCH KPL 10SZT
SBU9028;TULEJA ROZRUSZNIKA
AP152/2;FILTR POWIETRZA
220149S;KOREK SPUSTU MISKI OLEJOWEJ M12X1,5
GDB2056;KLOCKI HAMULCOWE
DF4863S;TARCZA HAMULCOWA
284040;PODPORA WA£U MERCEDES FI70
26960;ZAW”R PALIWA
22379;£•CZNIK STABILIZATORA
LPRKVW808;PRZEGUB
1004980117;PRZEGUB
463118;CZUJNIK POZIOMU OLEJU MERCEDES 2 PINY
105AH/950A;AKUMULATOR
000051016010;W£ACZNIK AWARYJNYCH
2701003025;PRZECINAKII WYBIJAKI
1301010434;REFLEKTOR AXOR PRAWY
2701000163;KLUCZ DO K”£
1301010431;REFLEKTOR AXOR LEWY
BUS222;LAMPA KIERUNKOWSKAZU LED PRZ”D SETRA 415
116472;ZABEZPIECZENIE ZAWORU FILTRA PALIWA
70468083;PRZYCISK OTWIERANIA DRZWI ZEWN TRZNY OKR•G£U 2 PINY
DF4323;TARCZA HAMULCOWA
GDB1326;KLOCKI HAMULCOWE
GDB1538;KLOCKI AMULCOWE
AP183/4;FILTR POWIETRZA
DF4208;TARCZA HAMULCOWA
C18/PCG/600A;PISTOLET DO KLEJU 600ML MILWAUKEE
2701002106;ZESTAW PRZECINAK”W
1565592000;TRANSFORMATOR åWIETL”WEK 15-30W Z PRZYCIEMNIENIEM
0001539932;CZUJNIK CIåNIENIA OLEJU ACTROS
100861;SILNIK PODNOSZENIA SZYBY
22976;PODPORA WA£U
2/E/100402;KLUCZ KWADRAT 8MM DO KLAP 2302.552.02
GDB3456;KLOCKI HAMULCOWE KPL
218218;P”£Oå
AP074/5;FILTR POWIETRZA
E2954LC03;FILTR KABINY
ARAZOTUVTR4140000;ZAW”R TYP 414 WENTYL GUMOWY
2701002687;M£OTEK åLUSARSKI 4KG
235/65R16C;OPONA
225/55R17;OPONA
7137200092;SILNIK KROKOWY KLIMATYZACJI SOLARIS N/TYP
339720;AMORTYZATOR
339721;AMORTYZATOR
6102021232128P;SZYBKOZ£•CZE TEKALANU FI 10
115166;ZAMEK
8RA002016121;åWIAT£O ODBLASKOWE CZERWONE FI 95
GDB3337;KLOCKI HAMULCOWE
003463;ZAMEK CENTRALNY
19604;KO—C”WKA DR•ØKA KIEROWNICZEGO
19605;KO—C”WKA DR•ØKA KIEROWNICZEGO
22865;TULEJA WAHACZA
39646;TULEJA STABILIZATORA PRZ”D
JBJ721;SWORZE— WAHACZA
JBU727;TULEJA WAHACZA
JTS433;£•CZNIK STABILIZATORA
DF2772;TARCZA HAMULCOWA
GDB1415;KLOCKI HAMULCOWE
620311933;SPRZ G£O KPL
C2G016ABE-P;KLOCKI HAMULCOWE
703159800;PODK£ADKA WTRYSKIWACZA
LX1686/1;FILTR POWIETRZA
719800;USZCZELKA POKRYWY ZAWOR”W
532057110;ROLKA PROWADZ•CA PASEK WIELOROWKOWY
534033610;NAPINACZ PASKA
532057010;ROLKA PROWADZ•CA PASKA
SW10944971;ROZRZ•D KPL
ENT120162;PRZEW”D PRZELEWOWY
507990;USZCZELNIACZ WA£U
1001040441;ZESTAW NAPRAWCZY ZACISKU H-CA
1001021076;TARCZA HAMULCOWA TY£ Q335
1001020039;TARCZA HAMULCOWA PRZ”D Q335
90X110X15;USZCZELNIACZ WA£U KORBOWEGO
DWPK500A;PRZEKAèNIK KOMPAKTOWY 450A
AUG79806;PIERåCIEN ABS
4750155120;ZAW”R OGRANICZAJ•CY CIåNIENIE
2003000218;ZESTAW PODK£ADEK MIEDZIANYCH
4183NP24;MIECH PNEUMATYCZNY ACTROS 2/3 2 WLOTY NISKI
BCR120A;TARCZA HAMULCOWA MERCEDES O350/O404
SMD5630;TAåMA LED CZERWONA 24V IP65
6146150005;TULEJA STABILIZATORA
TD1897W;TULEJA BELKI SILNIKA
171772;ZESTAW DO WYMIANY OLEJU W SKRZYNI
30057;PODUSZKA SKRZYNI
6160100017;SWORZE— WAHACZA
MB4606;PRZYCISK OTWIERANIA DRZWI WEW. OKR•G£Y (kulka)
81466116067;DR•ØEK KIEROWNICZY WZD£UØNY MAN L-905MM
17319;TAåMA LED 24V IP65 NIEBIESKA 5M
17320;TAåMA LED 24V IP65 ZIELONA 5M
6504045078314P;B£OTNIK PRZ”D
H05976241L;OLEJ PRZEK£ADNIWY ATF SPIRAX S6 VM/ZM PLUS 209L
2702000291;SUWMIARKA ELEKTRONICZNA 200MM
1301020154;SZK£O REFLEKTORA
A3C0642020020;PR•DNICZKA TACHO / CZUJNIK OBROT”W SKRZYNI 90MM 4PINY
44AH/420A;AKUMULATOR
113853;OBUDOWA TERMOSTATU
E2A5717BTA;ROLKA NAPINACZA
TX3092D;TERMOSTAT
530017933;NAPINACZ KPL + POMPA WODY
KR31881;SPR ØYNA GAZOWA
HIACEH53007500000;CI ØAREK NABIJANY DO FELG CI ØAROWYCH 75G 20SZT
HIACEH53020000000;CI ØAREK NABIJANY DO FELG CI ØAROWYCH 200G 10SZT
13046001422;ZESTAW MONTAØOWY KLOCK”W
NAA253/50A;BEZPIECZNIK MIDI 50A
37169;W£•CZNIK åWIATE£ COFANIA
0415172;BENZYNA EKSTRAKCYJNA 5L
1131458;ZESTAW NAPRAWCZY ZACISKU
D7171C;REPERATURKA ZACISKU
29397;PODUSZKA SILNIKA
SM1511;ZESTAW MONTAØOWY AMORTYZATORA
ARAZRTR4150000000;ZAW”R TYP TR415 15,7MM 100SZT
491100;ZESTAW NAPRAWCZY ZWROTNICY 50X223
PN10439;ZAW”R SKRZYNI BIEG”W
T29;USZCZELKA GUMOWA T29 ZBROJONA UNIWERSALNA
USZCZELKA KRAWEDZIOWA;USZCZELKA KRAW DZIOWA
333001;PRZERYWACZ KIERUNKOWSKAZ”W 24V 21W 9PIN
3397014116;£OØYSKO 6207
JTE1087;KO—C”WKA DR•ØKA
374036042;D£AWICA SPR ØARKI BITZER 4 UFC-4 NFC ECO2
75730;CZUJNIK CIåNIENIA POWIETRZA MERCEDES ACTROS 5V
13046058782;KLOCKI HAMULCOWE
1304000368;ZAåLEPKA PROFILU
MOT111056;P£YN DO CH£ODNIC R”ØOWY G13 5L
APV2691;NAPINACZ PASKA SOLARIS N/TYP
60530890;BLOKADA SYNCHRONIZATORA
1645408745;STEROWNIK åWIATE£ TYLNYCH
10771048;REGULATOR NAPI CIA
225/55R16;OPONA D BICA FRIGO 99 H XL
720299755;POMPKA SPRYSKIWACZY
B467CW;SZCZYPCE DO OPASEK
CC42660;SKROBAK JONNESWAY
YT04620;ZESTAW KO—C”WEK DO åRUBOKR T”W
YT09803;"KLUCZ PNEUMATYCZNY BOCZNY 80NM 1/2"""
AP139/6;FILTR POWIETRZA
PE993/2;FILTR PALIWA
KWD1169;£OØYSKO KO£A ZESTAW
51091017351;WYMIANA TURBOSPR ØARKI ORAZ DIAGNOZA
S7803;DRABINA SK£ADANA 3 STOPNIOWA
81255040003;POKRYWA PRZE£•CZNIKA MAN CZERWONY N/TYP
81255040002;POKRYWA PRZE£•CZNIKA MAN N/TYP
83255040005;POKRYWA PRZE£•CZNIKA MAN CZARNY N/TYP
390161;GUMA WYCIERACZKI 600MM
58431 CAR;R KAWICE ROBOCZE OLEJOODPORNE
70X100X16;USZCZELNIACZ WA£U KORBOWEGO
LMI43455;ZESTAW NAPRAWCZY G”RNY WAHACZ SETRA/ INTEGRO 245/254MM
215/65R16;OPONA
390160;GUMA WYCIERACZKI
10/14X1,5 OCZKO;PRZEW”D PALIWA OCZKO 10/14X1,5 L600
T38505;NAPINACZ PASKA WIELOROWKOWEGO
WLOT 60;WLOT POWIETRZA OKR•G£Y FI60
32212;£OØYSKO KO£A
44AH/440;AKUMULATOR
0986628567;FILTR KABINY
30309;£OØYSKO
D6M011TT;NAGRZEWNICA
MB4617-1;LAMPA OåWIETLENIA REJESTRACJI LED
0018209521;LAMPA KIERUNKOWSKAZU LED LEWA SETRA
WA6400001;G£OWICA KOMPRESORA
81154056010;DYSZA WTRYSKOWA MOCZNIKA ADBLUE MAN 2020
7.00-12 16PR;OPONA
7.00-12 V3.02.18;D TKA
7.00-12 C12;OCHRANIACZ
51154080018;CZUJNIK NOX MAN 2020
6148000057;CZUJNIK TEMPERATURY SPALIN
LOCTITE 4850 20G;KLEJ SZYBKOSCHN•CY ELASTYCZNY 20G
52X78X8;USZCZELNIACZ
NU311EW;£OØYSKO
NE00553;WENTYL DO FELG ALUMINIOWYCH
0206052033005P;BELKA PRZ”D
PE1861938;REGULATOR NAPI CIA
1986A00974;ALTERNATOR
62080600;PREPARAT ANTYKOROZYJNY KORROPLEX
YT82827;SZLIFIERKA K•TOWA BEZ AKUMULATORA
KN28031B1;SI£OWNIK SPRZ G£A
48226107;SZCZYPCE DO KABLI 180MM MILWAUKEE
YT2036;SZCZYPCETN•CE BOCZNE 160MM
98003125600;KLUCZ DO NAKR TEK OSI ZF WA£EK ATAKU
704205400;USZCZELNIACZ TRZONKA ZAWORU OM547
1986AE0104;REGULATOR NAPI CIA MAN
28932JD000;DYSZA DO SPRYSKIWACZY
KR24599;SPR ØYNA GAZOWA
20701028;Düwignia spryskiwacza prze≥πcznik wycieraczek
461982;TERMOSTAT DAF Z TULEJ•
12V/16W/G4;øarÛwka
0242235668;åWIECA ZAP£ONOWA
03990210012;smar do t≥oczkÛw
2156-2;pompa paliwa
NATR25-PP-A;ROLKA TOCZNA £OZYSKO 25X52X25
1986AE0100;REGULATOR NAPI CIA SOLARIS DAF
145400;PODUSZKA SILNIKA MAN OKR•G£A
3310-2RS;£OØYSKO 50X110X44
821071710;WAHACZ
80W90 20L TRANSMAX;OLEJ CASTROL 80W90 20L TRANSMAX
1407000550;KOLANKO M10 ZEW/4 TEK.
LL/504102VS;Z£•CZKA CENTRALNEGO SMAROWANIA KOLANKO
LL/504202VS;Z£•CZKA CENTRALNEGO SMAROWANIA M10X1
103122;DR•ØEK KIEROWNICZY WZD£UØNY L-888MM
26881;DR•ØEK KIEROWNICZY WZD£UØNY L-895MM
6288852703;NAROØNIK PRZEDNI ZDERZAKA CONECTO PRAWY
1987482817;LINKA HAMULCA R CZNEGO LEWA
1987482819;LINKA HAMULCA R CZNEGO PRAWA
103461;MOCOWANIE SPR ØYNY
32240;FILTR POWIETRZA
1986AE0191;ZESTAW SZCZOTEK W GLOWYCH
AUG78917;PRZE£•CZNIK ZESPOLONY WYCIERACZEK
110574;ROZRUSZNIK
0018265782;OPRAWKA ØAR”WKI
9404200530;PRZEW”D POWIETRZA
9404200830;PRZEW”D POWIETRZA
9404200930;PRZEW”D POWIETRZA
6288852603;NAROØNIK PRZEDNI ZDERZAKA CONECTO LEWY
M27X2 L600;PRZEW”D ELASTYCZNY M27X2 L-600
83751030342;SZYBA BOCZNA
83751010485;SZYBA BOCZNA
P550562;FILTR OLEJU
36061299;RURA WYDECHOWA OGRZEWANIA FI24 1M
26150201JA;KO—C”WKA DO LUTOWANIA DREMEL 2SZT
95AH830A;AKUMULATOR
GDB2016;KLOCKI HAMULCOWE
5513005078923;ELEMANT ZDERZAKA
5513005078924;ELEMENT ZDERZAKA
1406061;MOCOWANIE ZDERZAKA
TECH925;SZYD£O DO SAMOCHOD”W OSOBOWYCH 925
TECH926;KO—C”WKA SZYD£A OSOBOWEGO 926
0801002621;AMORTYZATOR SCANIA
PE860710;ALTERNATOR
T90;KOREK ZBIORNIKA WYR”WNAWCZEGO
EG1040412B1;ZAW”R EGR
575004;PI”RO WYCIERACZKI
5W30 ELF 1L;OLEJ 5W30 ELF 1L
AR131/1;FILTR POWIETRZA
0241135520;åWIECA ZAP£ONOWA
RE0096;B BEN HAMULCOWY
YT73413;PALNIK GAZOWY
07620500A;BARY£KA TEKALANU FI 18
46045;ZAW”R ELEKTROMAGNETYCZNY / CEWKA DRZWI
DDMA002TT;SILNIK DMUCHAWY Z WIATRAKIEM
B8689;SUWMIARKA DO TARCZA
4720703390;ELEKTROZAW”R MAGNETYCZNY
2299000322;GAZ
883670;USZCZELKI WTRYSKIWACZA KPL
1987302905;ØAR”WKA D1S
ARAZABLE153TP0000;PRZED£UØKA ZAWORU POWIETRZA KO£A PLASTIKOWA 170MM
35563;PRZEW”D WYSOKIEGO CIåNIENIA MERCEDES
25330116504;£•CZNIK STABILIZATORA TY£ CITARO/CONECTO L-260MM
0099874051;USZCZELKA DRZWI DOLNA CITARO
WT/WSK5811T;ZESTAW NAPRAWCZY HAMULCA PNEUMATYCZNEGO
230386;ELEKTROMAGNES ROZRUSZNIKA 3 KABLE
1986SE3564;ELEKTROMAGNES ROZRUSZNIKA 4 åRUBY
ZRZPE009;BELKA ZAWIESZENIA PRZ”D
23113;POMPKA SPRYSKIWACZY
774301038;PRZEW”D POWIETRZA ELASTYCZNY 38X1000
2270013;USZCZELKA POKRYWY ROZRZ•DU DAF
22498;£OØYSKO AMORTYZATORA
7181LM;åRODEK DO OCHRONY SILNIKA
PJ4085;PODNOåNIK HYDRAULICZNY PJ4085 R CZNY 400KGX850MM
493351;UZCZELNIACZ WA£U PRZ”D DAF
497390;USZCZELKA POKRYWY ZAWOR”W DAF
2060025;USZCZELKA POKRYWY ZAWOR”W DAF
27E24;PI”RA WYCIERACZEK 650MM/400MM KPL
2701002910;ZESTAW NAPRAWCZY ZERWANYCH GWINT”W
0204990029;USZCZELKA POKRYWY ROZRZ•DU
0205030501;ROLKA PASKA 75X33
530062430;ROZRZ•D KPL
5W30 FEBI;5W30 OLEJ SILNIKOWY FEBI 5L
HU711/4;FILTR OLEJU
PU723;FILTR PALIWA
45AH/400A;AKUMULATOR VOLTARO
1404060008;ZESTAW NAPRAWCZY ZAWORU 472260
H7062WK30;FILTR PALIWA
43446;åREUBA REGULACYJNA DR•ØKA KIEROWNICZEGO M30X1,5/M38X1,5
03387;KO—C”WKA DR•ØKA KIEROWNICZEGO LEWA
KX23D;FILTR PALIWA
3256914110;ZDERZAK PRZEDNI SETRA Z OTWORAMI NA HALOGEN
HF655;FILTR OLEJU
11376;KO—C”WKA DR•ØKA
0219060049P;USZCZELKA WYDECHU
BOS256020;USZCZELKA WYDECHU
02190108221P;RURA WYDECHU
0219060213P;USZCZELKA WYDECHU
2XA008221027;LAMPA TY£ STOP MA£A OKR•G£A
37497;W£•CZNIK åWIATE£ STOP
270748;P”£Oå
440089;åRUBA KOL. WYDECHOWEGO
EPDM55X41X38;GUMA NADKOLA
464850SP;ZAMEK KABINY ACTROS/AXOR
1501030419;POKRYWA LUSTRA
463320;PRZE£•CZNIK POD KIEROWNIC 
100AH/830A;AKUMULATOR
0250001016;åWIECA ØAROWA
21784;PRZE£•CZNIK WYCIERACZEK
YT2951;GWINTOWNIK MASZYNOWY M4
81061016500;CH£ODNICA MAN
WL028;CZUJNIK ZUØYCIA KLOCK”W
1202040003;OD£•CZNIK PR•DU 24V 100A MA£Y
1202040002;OD£•CZNIK PR•DU 24V 200A
6684210192;ZESTAW MONTAØOWY SZCZ K HAMULCOWYCH VARIO
0004206883;ZESTAW NAPRAWCZY ZACISKU HAMULCOWEGO VARIO
8124031;OS£ONA CYLINDERKA MAN
SP8963;ZESTAW MONTAØOWY SZCZ K HAMULCOWYCH MAN
G9U041BTA;KRZYØAK 18X47
G9G034BTA;KRZYØAK 30X82
11854;KRZYØAK 22X55
UJ47132;KRZYØAK 47X132
AUG65142;KRZYØAK 47,6X135,17
WAHACZ BEZ SWORZNIA;WAHACZ BEZ SWORZNIA
19822;WAHACZ
YT1054;ZESTAW NASADEK D£UGICH 11SZT
YT10643;ZESTAW PRZEGUB”W UDAROWYCH 3SZT
YT17312;PODSTAWKI POD SAMOCH”D 6T 2SZT
YT5038;ZESTAW KLUCZY Z GRZECHOTK•
K17628;LINKA HAMULCOWA
29131;KLOCKI HAMULCOWE
03007100A;PRZE£•CZNIK POD KIEROWNICE MAN Z KABLAMI
81255090013;PRZE£•CZNIK POD KIEROWNIC  WYCIERACZEK MAN
03002300;PRZE£•CZNIK POD KIEROWNICE
0035458324;PRZE£•CZNIK POD KIEROWNIC 
2707000006;WIERT£O 4
2707000050;WIERT£O 4,5
2707000004;WIERT£O 3
2799000177;WIERT£O 3,5
2799000185;WIERT£O 6
WIERT£O 5,5;WIERT£O 5,5
2707000009;WIERT£O 5
2799000184;WIERT£O 5,5
2800012018280;AKUMULATOR 50 AH 500A
271262;P”£Oå NAP DOWA
0205030033;ROLKA PASKA SPRINTER
1305050362;LAMPA B£YSKOWA P£ASKA
45AH/400A BOSH;AKUMULATOR
V01044;PIASKARKA PNEUMATYCZNA 10L
TLME017R;LAMPA TY£ SETRA 415 PRAWA
099750360064;UCHWYT ODBLOKOWUJ•CY
0433271471;KO—C”WKA WTRYSKIWACZA
51065996091;ZESTAW NAPRAWCZY POMPY WODY MAN
4253070012;ZESTAW NAPRAWCZY CYLINDERKA HAMULCOWEGO
0005017015;KOREK ZBIORNIKA WYR”WNAWCZEGO
0005016415;KOREK ZBIORNIKA WYR”WNAWCZEGO
0730150630;PIERåCIE— SKRZYNI BIEG”W ZF
ST20030;"SI£OWNIK HAMULCOWY JEDNOKOMOROWY 30"""
19X32X7;USZCZELNIACZ
0004048507;LAMPA TYLNA STOP SOLARIS PROSTOK•TNA
94640001252432;TULEJKA SZLIFIERKI
ST600;PODNOåNIK DO SKRZYNI BIEG”W 600KG
WA42000171;T£OK KOMPRESORA
KR5080056;ZESTAW USZCZELEK KOMPRESORA
MR2000055;ZESTAW USZCZELEK KOMPRESORA
79350610;PANEWKA KORBOWODU 0,25MM
226076;TULEJA DR•ØKA REAKCYJNEGO Q100
466016355178;SONDA LAMBDA
HD5/15C;MYJKA KARCHER
4932471588;ZESTAW BIT”W UDAROWYCH MILWAUKEE
PODNOSNIK;PODNOåNIK HYDRAULICZNY ØABA 3,5T
3397007640;PI”RO WYCIERACZKI
RG3068;SPR ØYNA ZAWIESZENIA
333334;W£•CZNIK åWIATE£ MAN DWUSTOPNIOWY
YT1713;PODNOåNIK 10T NISKI
YT2535;åCI•GACZ DO SPR ØYN
HEATER;PODGRZEWACZ INDUKCYJNY 230V 3kW
DCG409H2T;SZLIFIERKA K•TOWA 125MM 18V ZESTAW
DWE6423;SZLIFIERKA MIMOåRODOWA 280W 125MM
0817740000;ZESTAW PIERåCIENI T£OKOWYCH KOMPRESORA 94X2,5 STD
KR5080012SM;ZESTAW PERåCIENI KOMPRESORA 92,00 MM
KR5400010SM;ZESTAW PIERåCIENI KOMPRESORA 88,00 MM
KR5400011TR;ZESTAW PIERåCIENI KOMPRESORA 88,25 MM
MN5800017;PANEWKA WA£U KORBOWEGO KOMPRESORA
MN2000006;PANEWKA KORBOWODU KOMPRESORA
20060208261;KORBOW”D MAN
8125106;PROWADNICA ZAWODU
KR5100001;G£OWICA KOMPRESORA
KR5500004;KORBOW”D KOMPRESORA
MN2000005;WA£ KORBOWY KOMPRESORA
1759HD/3;PRZYRZ•D DO KONTROLI SZCZELNOåCI UK£DU CH£ODZENIA
83255045013;PRZE£•CZNIK ZEZWOLENIA NA DRZWI MAN NOWY TP
83255045105;PRZE£•CZNIK DRZWI KABINY KIEROWCY MAN NOWY TYP 2020
DCD996P2;WIERTARKO WKR TARKA UDAROWA DEWALT
DCW210N;SZLIFIERKA MIMOåRODOWA AKUMULATOROWA DEWALT
YT1055;"NASADKI UDAROWE D£UGIE 1/2"""
HL425-50;KOMPRESOR OLEJOWY 50L 230V
DCF414NT;NITOWNICA AKUMULATOROWA 18V DEWALT
95107;W”ZEK NARZ DZIOWY SATA 299el.
0103000117;FILTR POWIETRZA VDL
1501030430;POKRYWA LUSTRA ACTROS MP3
121150;G£OWICA KOMPRESORA
WA5900010;FLANSZA WA£U
1200090100;ZESTAW USZCZELEK KOMPRESORA
1100075750;ZESTAW USZCZELEK KOMPRESORA
1200020500;ZESTAW USZCZELEK KOMPRESORA
5205020052;ZESTAW USZCZELEK KOMPRESORA
WA6200062;ZESTAW USZCZELEK KOMPRESORA
WA5900017;KORBOW”D KOMPRESORA
7000941300;TULEJA CYLINDRA KOMPRASORA
KLEMA;KLEMA MA£A KPL
0XPTPL0021;PODPORA POJAZDU 25T
47218;PIERåCIEN ABS SPRINTER / VARIO
84977939663;ZAW”R OGRZEWANIA 3 DROØNY
D41970C;ZESTAW NAPRAWCZY ZACISKU
DF6743S;TARCZA HAMULCOWA
03604;PODSTAWA GAèNIKA
GDB1695;KLOCKI HAMULCOWE TY£
T38604;NAPINACZ PASKA ACTROS
22907NO;PIERåCIENIE T£OKA FI108 KPL NOMINA£
RL3520;REGULATOR SI£Y HAMOWANIA
1407000737;SZYBKOZ£•CZE TEKALANU 6/8 METALOWE
GIC224;CZUJNIK ZUØYCIA KLOCK”W
0002540147;SI£OWNIK SPRZ G£A INTEGRO
21758;W£•CZNIK åWIATE£ COFANIA
01741900;LAMPKA OåWIETLENIA TABLICY REJESTRACYJNEJ
KR60042K;KABEL POKRYWY ZACISKU SB 200CM
ME60054RP;ZESTAW NAPRAWCZY ZACISKU PRAWY PRZ”D
KR60023R;DèWIGNIA ZACISKU HAMULCOWEGO
KR60006R2;ZESTAW NAPRAWCZY ZACISKU
KR60009R2;ZESTAW NAPRAWCZY ZACISKU
KR60008R;ZESTAW NAPRAWCZY ZACISKU
KR60006R1;ZESTAW NAPRAWCZY ZACISKU
2049058402;PRZE£•CZNIK
004500917;CZUJNIK POZIOMU P£YNU SETRA 415
2/13X1150;PASEK KLINOWY 13X1150 PODW”JNY
81437040077;TULEJA STABILIZATORA MAN 50/75X50MM
01267;PODUSZKA SILNIKA MAN
3397118905;PI”RA WYCIERACZEK KPL
1305050339;LAMPA B£YSKOWA LED
51433;TULEJA STABILIZATORA MAN 55/83X70MM
51116;GUMA DR•ØKA STABILIZATORA MERCEDES 20/49X40MM
04913;TULEJA WAHACZA PRZ”D 14X35/38X60
127416;TULEJA AMORTYZATORA 20X47X55
127414;TULEJA AMORTYZATORA 22X45X55
D50985;WIESZAK UK£ADU WYDECHOWEGO
53134;TULEJA AMORTYZATORA 16X42X50
209757;TULEJA AMORTYZATORA 16X45X55
KR60045R;POKRYWA ZABEZPIECZAJ•CA PROWADZENIE ZACISKU STALOWA
KR4300027;PANEWKA WA£U KORBOWEGO KOMPRESORA
2/13X1155;PASEK KLINOWY PODW”JNY
08802;ZESTAW NAPRAWCZY ZWROTNICY
2704000222;LATARKA CZO£OWA AKUMULATOROWA
2702000944;IMAD£O 200MM
2208000014;OPASKA ODBLASKOWA 2SZT
6505069507011K;REPERATURKA PROGU
38031110001;PODK£ADKA M11
WP6700;SZK£O LUSTRA 370X190 MAN
MET050;TULEJA MOSI ØNA LAGI PRZ”D MERCEDES O405
161200;KO—C”WKA SI£OWNIKA SKR TU
480855;MIECH PNEUMATYCZNY MB
3397008537;PI”RO WYCIERACZKI 550MM
10590;PRZEGUB ZMIANY BIEG”W M6X1 L
WA01037;ZAW”R G£”WNY HAMULCA
81255056454;PRZE£•CZNIK KLAWISZOWY WYWIETRZNIKA DACHOWEGO MAN
3PK740;PASEK WIELOROWKOWY
D2R005TT;TERMOSTAT
AS0009;UZWOJENIE ALTERNATORA
KG2302801;POMPKA SPRZ G£A 404
SS5054;ELEKTROMAGNES
24372701732;LINKA HAMULCA R CZNEGO
PZEM015;AMPEROMIERZ 100A
1905024068;SZK£O LUSTRA SOLARIS LEWE 402X179
2502000540;OLEJ PRZEK£ADNIOWY ECOFLUID M 75W80 ZF MAN 6AP1200 20L
413NAA;WTYK ZAPALNICZKI
75W80 ZF;OLEJ PRZEK£ADNIOWY 75W80 ZF 20L
0022950407;SI£OWNIK SPRZ G£A MERCEDES O303
54AH/530;AKUMULATOR
007014;APLIKATOR DO PRIMERA
DS0065;CZUJNIK ABS
6504032509592P;REPERATURKA B£OTNIKA TY£ P
6505062509002P;REPERATURKA PROGU
CQ1080503;P£YTKA DIODOWA ALTERNATORA
SBU9012;TULEJA ROZRUSZNIKA 19,1X23,1X12,5
SBU9004;TULEJA ROZRUSZNIKA 12,57X16,55X18
SRS0034;POKRYWKA
CQ202000;TULEJA ROZRUSZNIKA 12X14X14
133554;ELEKTROMAGNES ROZRUSZNIKA
ARC0107;P£YTKA DIODOWA ALTERNATORA
2004125078;STOJAN ROZRUSZNIKA - UZWOJENIE
1000301072;TULEJA ROZRUSZNIKA
CQ2010004;BENDIKS ROZRUSZNIKA
CQ2010440;BENDIKS ROZRUSZNIKA
03820900;LAMPA PODåWIETLENIA TABLICY REJESTRACYJNEJ
26953;KO—C”WKA DR•ØKA M30X1,5
YT2865;PR”BNIK 6-24
ME60168R;P£YTA ZACISKU HAMULCOWEGO
WA07R11;ZESTA NAPRAWCZY SI£OWNIKA SPRZ G£A
KR60061R;ZESTAW NAPRAWCZY ZACISKU
KR60024R;POKRYWA ZACISKU PLASTIKOWA
121015600;åWIAT£O OBRYSOWE OWALNE LED 44X124MM 12V
DYSZA PALIWA 1,25 60ST;DYSZA PALIWA 1,25 60ST
2208000557;R KAWICE ROBOCZE PREMIUM
2208000707;R KAWICE ROBOCZE OCIEPLANE
1407000088;SZYBKOZ£•CZE TEKALANU FI8 METAL
WP5100105;Z£•CZKA PRZEWODU HAMULCOWEGOM10X17MM
255025;WIESZAK UK£ADU WYDECHOWEGO
0034601805;DR•ØEK KIEROWNICZY WZD£UØNY ACTROS 733MM
175/65R14 UNIROYAL;OPONA
6505062509042P;PR”G P
6DD010966421;CZUJNIK PO£OØENIA PEDA£U SPRZ G£A
1301104;KOREK ZBIORNIKA WYR”WNAWCZEGO
80AH740;AKUMULATOR
4932480311;NASADKA UDAROWA 17 6-K•TNA
PROBNIK;PR”BNIK SAMOCHODOWY 6-24V
2KA001378041;LAMPA OåWIETLENIA TABLICY REJESTRACYJNEJ SETRA
1305050231;LAMPA B£YSKOWA NA MAGNES/GNIAZDO ZAPALNICZKI
OEI232000898;LAMPA PRZECIWMGIELNA OKR•G£A SOLARIS
1305050223;TRZPIE— MOCUJ•CY LAMPY B£YSKOWEJ
711305621979;SZK£O REFLEKTORA PRZ”D P SETRA 315
0242240649;åWIECA ISKROWA
0986452058;FILTR OLEJU
AP142/5;FILTR POWIETRZA
K1323;FILTR KABINY
441517M;NASADKA UDAROWA 17 D£UGA
6DD008 622-861;W£•CZNIK åWIATE£
EVAC090;NASTAWNIK TURBINY TRANSIT
WB30XT;POMPA WODNA KPL
9700514540;SI£OWNIK SPRZ G£A Z CZUJNIKIEM SETRA
1210000127;GNIAZDO ZAPALNICZKI
YT28631;PR”BNIK NAPI CI
1407000632;SZYBKOZ£•CZE TEKALANU FI8/12
1407001328;KOLANKO TEKALAN FI8/M12
KR60024R3;POKRYWA ZACISKU HAMULCOWEGO Z CZUJNIKIEM
0434250014;KO—C”WKA WTRYSKIWACZA
466235;LAMPA PRZECIWMGIELNA PRZ”D LEWA SETRA 415
LIN030146;LINKA HAMULCA R CZNEGO
0223;POMPA HYDRAULICZNA R CZNA JEDNOSTRONNA 25CM3 Z R•CZK•
TECHCHEK 945;KONCENTRAT DO SPRAWDZANIA SZCZELNOåCI OPON
765718;USZCZELKA MISKI OLEJOWEJ
179606;SI£OWNIK EGR MAN
30727;LINKA HAMULCA R CZNEGO
11357;POMPA WODY
DPOWER57;åWIECA ØAROWA
36720100527;OS£ONA SKRZYNI BIEG”W MAN N/TYP
81521309304;ZAW”R HAMULCA G£. ZE STEROWANIEM MAN
1203030184;PRZEKAèNIK UNIWERSALNY 24V 20A
3521550050;TULEJA ALTERNATORA 10X22X33WYS
8677;T£OCZEK POMPKI R CZNEJ 54MM
1605;T£OCZEK POMPKI 20MM
8670;T£OCZEK POMPKI 25MM
RP05001;RURA WYDECHU FI50 1000MM
19020555;OPONA
3000990517;ZESTAW SPRZ G£A
4721951080;MODULATOR ABS KWADRATOWA WTYCZKA SOLARIS
2ZR008221051;LAMPA POZYCYJNA SOLARIS PRZ”D - OTWIERANIA KLAPY
K000945;ZESTAW NAPRAWCZY ZACISKU - ZAåLEPKA SAMOREGULATORA
0120301378;CZIJNIK CIåNIENIA OLEJU CUMMINS ISB6
MS754;ROZRUSZNIK MERCEDES CITARO 12Z
51981030072;OCZKO PALIWA PRZELEWOWE Q-6
T85475;T£OCZEK POMPKI 35MM
NAKRETKA IBC;NAKRETKA MAUZERA IBC
1102905330;CZUJNIK ABS K•TOWY LEWY SOLARIS N/TYP 2020 L-2500
4410328630;CZUJNIK ABS K•TOWY PRAWY SOLARIS N/TYP 2020 L-2500
57694;£•CZNIK GUMOWY POMPY WODY FI32/41,5
315043;£ACZNIK GUMOWY RETARDERA FI 32
0102037;£ACZNIK GUMOWY RETARDERA FI 35
9520030310;ZAW”R OTWIERANIA DRZWI WIELODROØNY
265459;£•CZNIK RURY WYDECHOWEJ FI50
4139347195;ELEMENT SKRZYNI BIEG”W ZF
72689;DèWIGNIA ROZPIERACZA
81503010225;WA£EK ROZPIERACZA PRZ”D L FI98 223MM
81503010272;WA£EK ROZPIERACZA MAN TY£
0005440257;ZAåLEPKA SPRYSKIWACZA LAMPY LEWA
3606914110010;ZDERZAK PRZEDNI INTEGRO
YT0208;KLUCZE P£ASKO OCZKOWE Z GRZEVHOTK•
1830278;CZUJNIK TEMPERATURY WODY
114417;KR”CIEC WODNY
135230;USZCZELKA KOLEKTORA WYDECHOWEGO
05SKV008;MECHANIZM WYCIERACZEK
1802000352;LINA HOLOWNICZA
1403000896;ZESTAW USZCZELEK KOMPRESORA 112510
2203000097;POKROWCE NA FOTEL KPL
1305010115;LAMPA OBRYSOWA BIA£O CZERWONA
174862;PODUSZKA SKRZYNI BIEG”W FORD TRANSIT CUSTOM 2012 -
23016;PODUSZKA SILNIKA
597870010;PODK£ADKA MIEDZIANA 12X20X1,5
537870100;PODK£ADKA MIEDZIANA 10X20X1
173622;PODUSZKA SKRZYNI BIEG”W
0141350211;ZESTAW DO WYMIANY OLEJU W SKRZYNI
BW366;SPRAY ANTYKOROZYJNY
APCV60012BLK-100;LAMPA LED 12V 4X100CM
2701001278;"NASADKA 1/2"" IMBUS"
110450;G£OWICA SPR ØARKI
0099971345;ORING PIASTY TY£
0086336763;ZAWOREK D£AWI•CY DRZWI MERCEDES
0159971348;ORING POMPY WSPOMAGANIA MERCEDES
C0402;ZESTAW SPR ØYNEK UNIWERSALNYCH
2003000032;PODK£ADKA METALOWO GUMOWA FI26
0399000054;PODK£ADKA MIEDZIANA PODW”JNA M8
3562400117;PODUSZKA SILNIKA MERCEDES
1104000453;PODUSZKA ZAWIESZENIA UK£ADU WYDECHOWEGO 50X45 M10 PODW”JNY GWINT
120210;G£OWICA KOMPRESORA MAN
E830HD366;FILTR OLEJU CUMMINS MX11
E126KPD303;FILTR PALIWA CUMMINS DAF SOLARIS MX11
242610;PIERåCIE— USZCZELNIAJ•CY DAF
972560;USZCZELKA DAF
083250;USZCZELKA EGR DAF
475600;USZCZELKA EGR DAF
878930;USZCZELKA KOLEKTORA DAF
283990;USZCZELKA MISKI OLEJOWEJ DAF MX11
711132000;USZCZELKA POKRYWY ZAWOR”W DAF
053484;£•CZNIK POMPY WODY DAF
6504033505582P;REPERATURKA B£OTNIKA TY£
RP150302;OS£ONA SILNIKA/SKRZYNI
RP111228;OS£ONA SILNIKA/SKRZYNI
LRTK953;KOLEKTOR WYDECHOWY
110714755;MOCOWANIE G”RNE AMORTYZATORA
634812;AMORTYZATOR PRZ”D
SM1708;ZESTAW MONTAØOWY AMORTYZATORA PRZ”D
AP104/1;FILTR POWITRZA
TIP5060007;ZESTAW NAPRAWCZY DO D TEK
1917870;USZCZELKA ZAWORU EGR
4410140880;CZUJNIK CIåNIENIA POWIETRZA W£•CZNIK 2BAR
878310;USZCZELKA KOLEKTORA SS•CEGO DAF
269000;USZCZELKA POKRYWY ZAWOR”W
FRG3D427174;DYWANIKI POD£OGOWE A KLASA
47714350000;PODUSZKA CH£ODNICY SETRA
4421800520;PRZEW”D SMAROWANIA TURBINY V8
4422000252;PRZEW”D SMAROWANIA MERCEDES V8
9061801420;PRZEW”D OLEJOWY MERCEDES OM906
10W40 TRAVOL 1L;10W40 TRAVOL 1L
01157875;ORING SKRZYNI BIEG”W
6PT009107161;CZUJNIK TEMPERATURY P£YNU
GDB1402;KLOCKI HAMULCOWE
SILNIK;SILNIK
0004367942;OS£ONA ZAWORU DRZWI NOTHAN Z OTWORAMI SOLARIS
5300017393;TERMOSTAT SOLARIS N/TYP
1209000061;SYGNA£ DèWI KOWY PNEUMATYCZNY 24V
2104599;WI•ZKA ELEKTRYCZNA SILNIKA
1920584;ORING DAF
0120302758;USZCZELKA TURBOSPR ØARKI DAF
1932478;WI•ZKA SILNIKA DAF
044404229Z;MOD”£ PLAS. POMPY ADBLUE
OM441;ZESTAW PRZEWOD”W WTRYSKOWYCH MERCEDES V6
4220707533;PRZEW”D WTRYSKOWY WYSOKIEGO CIåNIENIA MAN/MERCEDES
82032000;NITOWNICA
MT31412;KO£O NAPINACZA
SDTG2400501;£ADOWARKA SKYLLA TG24/50
2101055;WI•ZKA ELEKTRYCZNA DAF
27404;ZESTAW åRUB G£OWICY DAF/SOLARIS
3563200311;STABILIZATOR TOURISMO O350
619308900;SPRZ G£O KPL
YT20401;SZCZYPCE WYGI TE D£UGIE
150162;USZCZELKA POD G£OWIC 
430190;USZCZELNIACZ WA£U KORBOWEGO
530821;USZCZELKA PODSTAWY FILTRA
SD6057;BENDIX
85242;OBEJMA
51044015175;WA£EK ROZRZ•DU MAN 2020
51042015078;DèWIGIENKA ZAWOROWA SS•CA
51042015079;DèWIGIENKA ZAWOROWA WYDECHOWA
51039050204;USZCZELKA POKRYWY ZAWOR”W MAN 2020
1001990214;ZABEZPIECZENIE KLOCK”W MERITOR
1502010177;ZAMEK DRZWI WEW.
0009945848;ZABEZPIECZENIE
0019843529;åRUBA
0019880725;SPINKA
94372701717;NAK£ADKA
01138300;ZESTAW USZCZELNIACZY PIASTY MERCEDES BEZ NAC. ABS
2031670;ZESTAW USZCZELEK DAF
BUS0668;PIERåCIE— USZCZELNIAJ•CY
8200762572;WA£EK KOUMNY KIEROWNICZEJ
1863266;£•CZNIK GUMOWY
0120302760;USZCZELKA DAF
D0210;ORING DAF
0004056586;ORING SPR ØARKI DAF
0120302700;USZCZELKA TURBOSTR ØARKI DAF
L28311;ZAW”R PNEUMATYCZNY KOSTKA ALU. DRZWI
ENT120032;Z£•CZKA PALIWOWA
S214710042S;ELEKTROMAGNES ROZRUSZNIKA CEWKA
103448;åRUBA MOCOWANIA ZWOLNICY MERCEDES M12X1,5
DF6186;TARCZA HAMULCOWA
150172;USZCZELKA G£OWICY
GDB2018;KLOCKI HAMULCOWE
0500005002 KNORR;ZAW”R POZIOMUJACY PODUSZEK LEWY KNORR
34559;£•CZNIK STABILIZATORA
34560;£•CZNIK STABILIZATORA
K1250;FILTR KABINOWY
TIPDEZ4;PASTA DO MONTAØU OPON
64154911;USZCZELKA MISKI OLEJU VOITH
12V 10W RURKA;ØAR”WKA 12V 10W RURKA BA15S
12V 18W;ØAR”WKA 12V 18W RURKA SV8,5-8
28V 1,1W;ØAR”WKA 28V 1,1W T5
12V H11;ØAR”WKA 12V H11 55W
12V 3W RURKA;ØAR”WKA 12V 3W RURKA SV7-8
12V 5W W2.1;ØAR”WKA 12V 5W WY5W POMARA—CZOWA CA£OSZKLANA
ROM16037;BLASZKA MONTAØOWA
ROM20001;KO£EK TAPICERSKI
ROM15507;KOSTKA KO£EK TAPICERSKI
A13011;KO£EK TAPICERSKI ROZPOROWY
57121Z;KO£EK TAPICERSKI KOSTKA 8X8
B23327;MOCOWANIE CI GNA
ROM16041;BLASZKA TAPICERSKA MONTAØOWA 3,5MM
ROM15012;KOSTKA TAPIECERSKA MONTAØOWA
ROM15514;MOCOWANIE ATRAPY
0141350305;ZESTAW DO WYMIANU OLEJU W SKRZYNI
C60478;BLASZKA MOCUJ•CA M8
0242235914;åWIECA ISKROWA 4SZT
ABM65;PRZEWODY ZAP£ONOWE
026400468;FILTR POWIETRZA
026402261;FILTR PALIWA
ROM16308;BLASZKA MONTAØOWA M6
2/13X1075;PASEK KLINOWY 2/13X1075
6284601105;DR•ØEK KIEROWNICZY POD£. MERCEDES CITARO 1271MM
T5361;AMORTYZATOR MERCEDES PRZ”D
2511000055;SMAR STP 18KG
1102000370;£•CZNIK ELASTYCZNY WYDECHU SCANIA
OE651/8;FILTR OLEJU MERCEDES OM470
2705001497;POMPA NA WIERTARK 
F026402103;FILTR PALIWA
2701000995;"NASADKA UDAROWA 1/2"" IMBUS H14"
2701000235;KLUCZ RUROWY 60
16SKV917;OGRANICZNIK DRZWI OPEL
12V C5W LED;ØAR”WKA 12/24V C5W RURKA LED
12V 1,2W;ØAR”WKA 12V 1,2W Z SZAR• OPRAWK•
0008241449;OS£ONA RAMIENIA WYCIERACZEK
3398699067;DYSZA SPRYSKIWACZA SZYBY NA WYCIERACZCE
3568600264;DYSZA SPRYSKIWACZY MERCEDES CONECTO
0079889678;KLAMRA PRZEWODU DO SPRYSKIWACZY
0008692994;PRZEW”D SPRYSKIWACZY
0005451219;OPRAWA ØAR”WKI
0049977589;WTYCZKA KO—C”WKA PRZEWODU NOX
6110700130;PRZEW”D RURKA
3017550147;KO£EK
3017550236;SPR ØYNA KLAPKI PALIWA
81637336014;SZK£O LUSTRA NEOPLAN MAN
3573300603;DR•ØEK KIEROWNICZY MERCEDES O405 1725MM
3397008998;PI”RO WYCIERACZKI
OL10510000;LAMPA PODåWIETLENIA REJESTRACJI
BEZPIECZNIK SZKLANY;BEZPIECZNIK SZKLANY RURKA
10A MINI;BEZPIECZNIK P£YTKOWY MINI 10A
15A MINI;BEZPIECZNIK P£YTKOWY MINI 15A
20A MINI;BEZPIECZNIK P£YTKOWY MINI 20A
20A MAXI;BEZPIECZNIK P£YTKOWY MAXI 20A
30A MAXI;BEZPIECZNIK P£YTKOWY MAXI 30A
ST-H7;KOSTKA ØAR”WKI H7
N-2,5;KONEKTOR CYLINDRYCZNY OKR•G£Y N-2,5MM
TKH51KBM;KONEKTOR ØE—SKI H7,7
0332019213;PRZEKAèNIK 24V
571;PRZEKAèNIK UNIWERSALNY 24V
AKC232;WTYCZKA LAMPY OBRYSOWEJ 2 PINY
1404060750;ZESTAW NAPRAWCZY ZAWORU E-CAS 4729000092
00002533;PRZE£•CZNIK NAPI CIA 12/24 STAR 28 200 JELCZ
06084;POMPKA SPRYSKIWACZA FORD TRANSIT
34863;POMPKA SPRYSKIWACZY
5902060002P;POMPKA SPRYSKIWACZY UNIWERSALNA 12V
3922718;PRZEP£YWOMIERZ CNG CUMMINS
5506005024952Q;ZDERZAK TY£
ENT120251;POPMA PALIWA POMOCNICZA R CZNA
057260;åRUBY G£OWICY KPL
F-CORE PS22 BLUE;POKROWCE NA FOTELE
AP186/2;FILTR POWIETRZA
E3939LC-2;FILTR KABINOWY 2SZT
PE817/3;FILTR PALIWA
TL115MS27;ZAW”R DO K”£ BEZD TKOWYCH TL115MS27 V3.20.6
5642827;NOØYKI DO NACINANIA K”£ R3/R4 20SZT
317471;TURBOSPR ØARKA MERCEDES
35050;PRZEW”D CH£ODNICY ACTROS
9065282224;PRZEW”D POWIETRZA SPRINTER
145X180X18;USZCZELNIACZ WA£U KORBOWEGO
77410;FILTR POWIETRZA AM446/7
5002030269P;MIECH ZAWIESZENIA PNEUMATYCZNEGO
006000;KLOCEK DO SZLIFOWANIA
00600211;KLOCEK DO SZLIFOWANIA
006001;KLOCEK DO SZLIFOWANIA
MS18;åRUBY KO£A PASOWEGO KPL
082430;ZESTAW USZCZELEK FILTRA
2102390;ORING WTRYSKIWACZA
2290127;ORING DAF
1922081;ORING DAF
1858039;PIERåCIE— USZCZELNIAJ•CY
SMME007;LAMPA OBRYSOWA Z PRZEWODEM Z WTYCZK•
0120390440;ROLKA PROWADZ•CA SOLARIS
245085;P”£Oå
5506005024950Q;ZDERZAK TY£
MT31172;KO£O NAPINACZA
YT0512;KLUCZE TORX ZESTAW 9CZ
UD0662;T6R”JNIK MIEDZIANY FI 4
1209000050;SYGNA£ COFANIA 12/24V
1406000057;ZBIORNIK POWIETRZA 20L FI246 L497
6505069558001P;POSZYCIE åCIANY BOCZNEJ
6505069558041K;REPERATURA PROGU
54182;SILENTBOCK DR•ØKA REAKCYJNEGO FI75X130
2001000859;åRUBA M16X1,5 60MM Z KO£NIERZEM
30260102;POKROWCE NA FOTEL JEDNORAZOWE 820X1350 500SZT
10021291;MAGNES SPAWALNICZY Z WY£ACZNIKIEM UDèWIG55KG
10021296;K•TOWNIK SPAWALNICZY MAGNETYCZNY 20-200 STOPNI 22KG
10021300;UCHWYT SPAWALNICZY K•TOWNIK UDèWIG 50KG
DIN22041;CZUJNIK TEMPERATURY SPALIN
51141;SILENTBLOCK DR•ØKA REAKCYJNEGO FI85X152
MERFP014;ATRAPA - GRILL PRZ”D
9909900501;åRUBA Z £BEM 6-KATNYM FI18 L-80 SIERØANTA AXOR
0000325824;PRZEW”D OLEJOWY
5903973221982;VIDARON IMPREGNANT
0110038001;CZUJNIK POZIOMU OLEJU DAF EURO 5
SS5042;AUTOMAT ROZRUSZNIKA
0120302573;FILTR OLEJU ODåRODKOWY DAF MX11
1932503;TERMOSTAT CH£ODZENIA OLEJU DAF MX11
D43142;ZESTAW NAPRAWCZY ZACISKU
1507040669;UCHWYT PODSZYBIA MB AXOR
0104000055;POKRYWA FILTRA KABINY
1507040334;ZAWIAS ATRAPY
1457436042;FILTR OLEJU DAF
6738100018;ZNACZEK NA KLAPIE PRZEDNIEJ
9737500451;ZAWIAS MASKI LEWY
0009845929;åRUBA ZAWIASU MASKI PRZEDNIEJ
1507040256;ATRAPA CH£ODNICY AXOR
0007600905;SI£OWNIK DRZWI BODE KNORR Q100
4728809272;ZESTAW NAPRAWCZY ZAWORU E-CAS
0045450224;PRZE£•CZNIK åWIATE£ AWARYJNYCH 10PIN
81274210180;CZUJNIK TEMPERATURY ZEWN TRZNEJ MAN
3397004670;PI”RO WYCIERACZKI
4410140130;CZUJNIK CIåNENIA POWIETRZA 4 BAR
4720726280;ELEKTROZAW”R MAGNETYCZNY
0120303381;MIARKA POZIOMU OLEJU DAF
0004019272;ORING PRZEWODU
2045465;USZCZELKA PRZEWODU DAF
2049097;USZCZELKA PRZEWODU DAF
1872256;åRUBA KO£A ZAMACHOWEGO DAF
ØAR”WKA 24V RV 55/50W;ØAR”WKA 24V RV 55/50W
1987302421;ØAR”WKA 24V R2 55/50W
0120302609;CZUJNIK CIåNIENIA OLEJU DAF
360081030022C;CZUJNIK CIåNIENIA OLEJU CUMMINS M14 2 åRUBY
FAE11420;CZUJNIK CIåNIENIA OLEJU 0,6 BAR
WS2674;CZUJNIK TEMPERATURY P£YNU CH£ODZ•CEGO BIA£A WTYCZKA 2PINY
0095429717;CZUJNIK CIåNIENIA POWIETRZA
0065453124;TERMOW£•CZNIK WENTYLATORA CH£ODNICY
0005456704;W£•CZNIK åWIATE£ PRZEDNICH
0055459224;PRZE£•CZNIK åWIATE£ AWARYJNYCH
F00M991135;KO£O PASOWE ALTERNATORA 8PK
0025454407;PRZE£•CZNIK WIELOFUNKCYJNY
31273;KO—C”WKA DR•ØKA
GDB1681;KLOCKI HAMULCOWE
9408360040;OBUDOWA FILTRA KABINOWEGO KPL
41374675;STACJA DO LUTOWANIA BGA YIHUA 853AAA + ZESTAW AKCESORII
172050;CZUJNIK COFANIA M20X1,5 BAJONET
1031134;TARCZA HAMULCOWA
460302;CZUJNIK åWIATE£ COFANIA
46173;CZUJNIK åWIATE£ COFANIA
81255036304;W£•CZNIK åWIATE£ AWARYJNYCH
7PK2418;PASEK WIELOROWKOWY
532040130;ROLKA PROWADZ•CA PASKA
33370;WAHACZ
6PK996;PASEK WIELOROWKOWY
8PK1005;PASEK WIELOROWKOWY
1507100120;SPOILER ZDERZAKA
1404050067;T£UMIK HA£ASU NAK£ADANY Z PIERåCIENIEM METALOWYM
1507100124;SPOILER ZDERZAKA
4390NP22;MIECH ZAWIESZENIA KPL 2 WYJåCIA
USZCZELKA LISTWY;USZCZELKA LISTWY BOCZNEJ
1904000051;LAMPA OSTRZEGAWCZA DWUSTRONNA
1901000001;KAMIZELKA OSTRZEGAWCZA
81255056133;WY£•CZNIK WENTYLATORA MAN
7600100004;WA£EK NAP DOWY POMPY WSPOMAGANIA
MN5800032;KO£O NAP DOWE KOMPRESORA
81253110023;PRZERYWACZ KIERUNKOWSKAZ”W MAN
463316;PRZERYWACZ WYCIERACZEK
4460360000;PRZEKAèNIK ABS
5010271228;PRZE£•CZNIK STEROWANIA LUSTERKIEM
51471040024;SPRZ GIE£KO POMPY WTRYSKOWEJ MAN
0005452565;SILNIK KROKOWY GAZU PRZY SILNIKU MERCEDES
36971156009;ZAMEK KLAPY BOCZNEJ (na kwadrat)
50295479;BEZPIECZNIK BLOKOWY 30A
50295480;BEZPIECZNIK BLOKOWY 40A
50295481;BEZPIECZNIK BLOKOWY 50A
29623;KO—C”WKA DR•ØKA
29624;KO—C”WKA DR•ØKA
BATERIA LR20;BATERIA LR20
ADBLUE 5L;ADBLUE 5L
18033RPNVAX2;ØAR”WKA 12/24V H7
1517010210;ZESTAW USZCZELEK POMPY WENTYLATORA
AV191003C900;PRZYCISL WODOSZCZELNY
WLK4;MIKROPRZE£•CZNIK 10A/250VAC
0055454190;OZNACZENIE FUNKCJI PRZYCISKU
3577110043;TULEJA GUMOWA åRUBY M6X30MM
1235040246;ZACISK ZABEZPIECZAJ•CY OS£ON  CH£ODNICY
0079884478;SPINKA LISTWY MERCEDES
8298463;BEZPIECZNIK 58V 150A
75AH730;AKUMULATOR
3397004559;PI”RO WYCIERACZKI
D4083;ZESTAW NAPRAWCZY ZACISKU
DF4026;ZESTAW NAPRAWCZY RETARDERA
43865;TARCZA HAMULCOWA
6505062533011K;REPERATURKA PROGU
6504042533313P;B£OTNIK LEWY PRZ”D
119180;KOLANKO UK£ADU CH£ODZENIA FI14,5/20,5
8PK1365;PASEK WIELOROWKOWY
634380;ORING 59X5
9066730270;NAK£ADKA SZYBY
0000121585;PODUSZKA SILNIKA/SKRZYNI DAF STOJ•CY
0121306002;PODUSZKA SILNIKA/SKRZYNI DAF STOJ•CY
0049883378;KLAMRA ZNACZKA
9418310098;USZCZELKA OBUDOWY FILTRA
9448100018;ZNACZEK MERCEDES
944880038;ZAåLEPKA KIERUJ•CA ZNACZKA
9677500084;ZAMEK KLAPY L
9677500184;ZAMEK KLAPY P
1306010456;ØAR”WKA 24V 1,2W ZIELONA Z OPRAWK•
2701002849;"NASADKA UDAROWA 3/4"" 30X90MM 6-K•TNA D£UGA"
2701002850;"NASADKA UDAROWA 3/4"" 32X90 6-K•TNA D£UGA"
2701002863;"NASADKA UDAROWA 1"" 30X90 6-KATNA D£UGA"
16SKV237;LISTWA KLAPY BAGAØNIKA
6504042534311P;B£OTNIK PRZ”D
112550;G£OWICA KOMPRESORA
37174;CZUJNIK TEMPERATURY POWIETRZA
625270;ORING OBUDOWY
635432;USZCZELKA PRZEWODU TURBOSPR ØARKI
SS20033;CZUJNIK ABS
2003000034;PODK£ADKA METALOWO GUMOWA FI36
2003000033;PODK£ADKA METALOWO GUMOWA FI 10-50
2003000120;PODK£ADKA METALOWO GUMOWA FI34
5710400000;ZAW”R 3/2 DROØNY
302015100026;PRZEGUB ZEWNETRZNY
625760;USZCZELKA KOLEKTORA WYDECHOWEGO
627410;PODK£ADKA WTRYSKIWACZA
729970;USZCZELKA ZAWORU EGR
915213;USZCZELKA KOLEKTORA SS•CEGO
DRM0872;USZCZELKA POKRYWY ZAWOR”W
41026587;ELEKTROZAW”R MAGNETYCZNY
177598;ZAW”R ZWROTNO D£AWI•CY M14/M12
0000361457;LAMPA åWIATE£ DROGOWYCH LED OKR•G£A
ENT5776;MOTYKA TRAPEZ 12CM
KRATA;KRATA ZGRZEWANA 1000X1000
ZGRZEWARKA;ZGRZEWARKA DO TWORZYW SZTUCZNYCH
164991;USZCZELKA POD GLOWICE
AP137/6;FILTR POWIETRZA
29318;CZUJNIK TEMPERATURY P£YNU
37309;£•CZNIK STABILIZATORA
K1248-2X;FILTR KABINY 2SZT
OE666/2;FILTR OLEJU
PM815/4;FILTR PALIWA
DWR091TT;PRZEW”D POWIETRZA
941219170010;PRZEWODY ZAP£ONOWE
REFLEKTOR MERCEDES;REFLEKTOR MERCEDES
471501;SILIKON SILNIKA ELRING DIRKO CZARNY
16144980065;PRZEGUB
GDB3332;KLOCKI HAMULCOWE
SS0083;CEWKA ROZRUSZNIKA
SS0077;PRZEKAèNIK POWT”RZENIOWY ROZRUSZNIKA
46002;CZUJNIK CIåNIENIA OLEJU PRZY FILTRZE SOLARIS
6505062533012K;REPERATURKA PROGU
5W30 WOLF 5L;OLEJ SILNIKOWY 5W30 WOLF 5L
D4845C;ZESTAW NAPRAWCZY ZACISKU
0820352548;DR•ØEK KIEROWNICZY SOLARIS 8,9LE
29208;KLOCKI HAMULCOWE
DVM210;WSKAèNIK CYFROWY TESTERA AKUMULATOR”W DVM210
AP134/7;FILTR POWIETRZA
GDB1749;KLOCKI HAMULCOWE
VKBA3525;£OØYSKO KO£A
133200;KRZYØAK WA£U NAP DOWEGO 48X135,4
VAN12924;OBEJMA UK£ADU WYDECHOWEGO 92-96MM
827258;SPRZ G£O KPL. 362MM MERCEDES
81432206397;DR•ØEK REAKCYJNY MAN 2020 531MM
1407001327;KOLANKO M22/TEK Q12
TRZONEK;TRZONEK
1553;STEROWNIK OGRZEWANIA KS50
14883;CZUJNIK TEMPERATURY OGRZEWANIA WEBASTO
215171;CZUJNIK P£OMIENIA WEBASTO
ERCLMUS10;GNIAZDO USB
MGS0803;PODNOåNIK HYDRAULICZNY 3T NISKI 75-505MM ØABA
RH563004;STABILIZATOR PRZ”D SETRA 415 FI45
C2W021ABE;KLOCKI HAMULCOWE KPL
AS1001;PIERåCIE— ABS
WD3;WORKI DO ODKURZACZA
WD4;WORKI FILTR DO ODKURZACZA KARCHER X10
SSAWKA;SSAWKA SZCZOTKA DO KARCHER
RURA;RURA Z PRZEWODEM SS•CYM DO KARCHER
1826279;CZUJNIK CIåNIENIA TURBINY DAF
0004012598;USZCZELKA POMPY WODY DAF
FOTEL;FOTEL GABINETOWY CZARNY
624312634;SPRZ G£O KPL
432407;T£UMIK OSUSZACZA WCISKANY
1004980187;PRZEGUB NAP DOWY
026123000S;CZUJNIK CIåNIENIA POWIETRZA
6PK966;PASEK WIELOROWKOWY
5536;ELEKTROZAW”R CEME 5536 230V
0000036383;LAMPA COFANIA LED SOLARIS
2205154054;KLAMKA SZYBY SOLARIS
3400001074;MOCOWANIE POR CZY SOLARIS
JTR0282;DR•ØEK KIEROWNICZY POPRZECZNY L-651MM
3175301;DR•ØEK KIEROWNICZY POPRZECZNY L-707MM SOLARIS
3611701;DR•ØEK KIEROWNICZY WZD£UØNY L-510MM SOLARIS
2606000;POMPA OBIEGOWA OGRZEWANIA WEBASTO SOLARIS
1661431;CZUJNIK CIåNIENIA OLEJU SOLARIS DAF
1960576;ORING DAF
1982774;ORING DAF
1858035;USZCZELKA KLEJONA DAF
D0020;ORING DAF
0004021213;WTRYSKIWACZ DAF EURO 6 MX11
1934322;DIAGNOSTYKA ,CZYSZCZENIE UK£ADU I TESTOWANIE ORAZ KOREKTA P£ASZCZYZN POMP
1708043100;OS£ONA SILNIKA SOLARIS
1708043561;OS£ONA SILNIKA SOLARIS
1708043560;OS£ONA SILNIKA SOLARIS
277228552R;CZUJNIK TEMPERATURY ZEW.
13104060;ZACISK HAMULCA
D26200;FREZARKA DEWALT D26200
4474375111;PODK£ADKA PIASTY KO£A
0444011023;WTRYSK ADBLUE DAF
AF26125;FILTR POWIETRZA WEWN TRZNY C27130
DT90017;ZESTAW FREZ”W 4SZT
DYWAN KABINY LEWY GUMOWY;DYWAN KABINY LEWY GUMOWY
1407000879;KOLANKO TEK. FI4/M6
3818101;£•CZNIK STABILIZATORA
SS0229;ELEKTROMAGNES ROZRUSZNIKA
BWH409;CYLINDEREK HAMULCOWY
0140194000;OLEJ ATF 9G 1L
B120179;SZCZ KI HAMULCOWE
203006;P”£Oå NAP DOWA
G7W030PC;PRZEGUB NAP DOWY
C70175;SPINKA TAPICERSKA BLOKADA CI GNA FI4
E065;ZACZEP PLANDEKI
C6R025ABE;B BEN HAMULCOWY
0720387931;TARCZA HAMULCOWA TY£ SOLARIS 8,9
0720387945;KLOCKI HAMULCOWE TY£ SOLARIS 8,9
0720387939;CZUJNIK ABS SOLARIS 8,9
133W25;LAMPA OBRYSOWA NA DACH LED BIA£A OKR•G£A
VAL251682;PRZE£•CZNIK åWIATE£ ZESPOLONY
1987302904;ØAR”WKA XENON D2S 35W
50251858;KONEKTOR M SKI 2,8MM 0,5-1
6502073548990P;ATRAPA PRZEDNIA
915556;ORING SILNIKA 45X3
LAM230037;ZDERZAK PRZEDNI MAN
01720000;KO£PAK KO£A
60088;WK£AD TURBOSPR ØARKI
B160054;ZESTAW MONTAØOWY SZCZ K HAMULCOWYCH
JTS370;£ACZNIK STABILIZATORA
540302047205P;SWIAT£O ODBLASKOWE TY£ LEWE
3397007116;PI”RA WYCIERACZEK
ERDNS006;REGULATOR DMUCHAWY
JTE1223;KO—C”WKA DR•ØKA
K1255;FILTR KABINOWY
1507080263;STOPIE— KABINY
RK38807;ZESTAW NAPRAWCZY SI£.SPRZ G£A
0071531128;CZUJNIK TEMPERATURY I WILGOTNOåCI SETRA MERCEDES 4 PINY OKR•. GN.
2011649;CZUJNIK SPALIN NOX PRZED KATALIZATOREM DAF
59900008100;ZACZEP GUMOWY POKRYWY/SKRZYNKI AKUMULATORA
529008410;ZESTAW ROLEK Z PASKIEM VW
C70339;SPINKA TAPICERSKA
2401199758;KLAMKA KLAPY SOLARIS
30786;PODUSZKA AMORTYZATORA
30841;£OØYSKO AMORTYZATORA
DD1004TT;WENTYLATOR NADMUCHU
47955;REGULATOR NADMUCHU
1382W195;LAMPA OBRYSOWA SPRINTER LED
KLAMRA;KLAMRA DO KRAT
207968;WAHACZ
0009916771;SPINKA CI GNA ZAMKA KLAPY
0820352179;USZCZELNIACZ SWORZNIA WSPORNIKA DR. KIEROWNICZEGO SOLSRIS
0820352078;NAKR TKA SWORZNIA WSPORNIKA DR. KIER. SOLARIS
0820352051;£OØYSKO SWORZNIA WSPORNIKA DR.KIER. SOLARIS
0820352153;PODK£ADKA SWORZNIA WSPORNIKA DR.KIER. SOLARIS
0820352152;TULEJKA WSPORNIKA DR.KIER.SOLARIS
540207038366P;LUSTERKO ZEWN TRZNE LEWE
SM9704;ZESTAW MONTAØOWY AMORTYZATORA
39688;DR•ØEK KIEROWNICZY PRAWY UNIMOG
E210L;FILTR POWIETRZA UNIMOG
VAL043714;LAMPA TY£ LEWA SPRINTER
50251486;KONEKTOR RZE—SKI RADIOWY
LC3301;ZAMEK KPL
014325100;FILTR SKRZYNI BIEG”W
154410;LINKI ZMIANY BIEG”W KPL
6504042533314Q;B£OTNIK PRZ”D
6504032533583K;REPERATURKA B£OTNIKA TY£
5506002533953Q;ZDERZAK TY£
TIPPNPCLTDG16C;G£EBOKOåCIOMIERZ BIEØNIKA OPON
1205399;USZCZELKA POMPY CIECZY CH£ODZ•CEJ DAF
K1004;FILTR KABINOWY
5500119;£OØYSKO KO£A
D7W036TT;CH£ODNICA
PMA132;POMPA HAMULCOWA
0986280706;PRZEP£YWOMIERZ
81260A5000;KLAMKA BAGAØNIKA
1302010611;LAMPA TY£ Z TR”J. FT-88
1804990169;ZESTAW NAPRAWCZY PLANDEKI
JTC347;WAHACZ
1100035001;SPR ØARKA POWIETRZA MERCEDES
TLME011R;LAMPA TYLNA INTEGRO/SPRINTER PRAWA
6PU009168771;CZUJNIK PO£OØENIA WA£U KORBOWEGO
8N0953053;OPRAWA ØAR”WKI KIERUNKOWSKAZU
540301043101C;LAMPA KIERUNKOWSKAZU PRZ”D L
606000VW4835;MECHANIZM PODNOSZENIA SZYBY
606000VW4834;MECHANIZM PODNOSZENIA SZYBY
70/50X150;REDUKCJA 70/50X150
BUS456-1;£OØYSKO SWORZNIA ZWROTNICY
81274210077;CZUJNIK TEMPERATURY OLEJU MAN
354902;CZUJNIK TEMPERATURY WEBASTO TERMOSTAT
12V16W KIERUNEK;ØAR”WKA 12V KIERUNEK W LUSTERKU 12271AC1
11631K;åRUBA ZACIKU 2SZT
MMTA042TM414563;MATA BAGAØNIKA
110710;åRUBA PROWADZENIA ZACISKU
530035910;ROZRZ•D KPL
BDA436;JARZMO ZACISKU
45004;ZESTAW £A—CUCHA ROZRZ•DU
ST20051;SI£OWNIK HAMULCA 24/24 MEMBRANA/T£OK
81255250032;CZUJNIK åWIATE£ COFANIA MAN
40596;CZUJNIK åWIATE£ COFANIA TRANSIT 2000-2014
0986332001;PRZEKAØNIK ELEKTRYCZNY 70A
750083002450;POTENCJOMETR DRZWI SETRA
81255050721;PRZE£•CZNIK KLAWISZOWY MAN
81255050668;PRZE£•CZNIK KLAWISZOWY MAN
1K0247043027;REFLEKTOR åWIATE£ PRZEDNICH SOLARIS UNIWERSALNY
LMI21855;DR•ØEK KIEROWNICZY
0232103107;CZUJNIK PO£OØENIA WA£KA ROZRZ•DU
76810;CYNA DO LUTOWANIA
VKM24210;ROLKA NAPINACZA
AUG68869;PIERåCIEN ZABEZPIECZAJ•CY PIASTY 106X135X4 MAN
EZ019001202;KO£EK TAPICERSKI ZATRZASK FOTELA
251818400000;CZUJNIK OGRZEWANIA POSTOJOWEGO WEBASTO
103908;CZUJNIK CIåNIENIA OLEJU MAN
100873;PRZE£•CZNIK REGULACJI LUSTERKA
83255045218;PRZYCISK W£•CZNIKA åWIATE£ WEW. MAN 2020
83255045210;POKRYWKA PRZE£•CZNIKA STOLIK BILETOWY MAN 2020
ST20310;SPR ØYNA SI£OWNIKA HAMULCA BARY£KA TARCZA
T42307;ROLKA PROWADZ•CA
E2W5713BTA;ROLKA NAPINACZA
5PK1300;PASEK WIELOROWKOWY
633350;USZCZELKA POKRYWY ZAWOR”W
226069;TULEJA SIERØANTA ACTROS
0111530128;CZUJNIK POZIOMU OLEJU MERCEDES
0019939396;PASEK WIELOKLINOWY MERCEDES SPRINTER CNG
0005455909;CZUJNIK CIåNIENIA POWIETRZA åWIATE£ COFANIA
0008301231;LINKA STEROWANIA OGRZEWANIA MERCEDES
34074;CZUJNIK TEMPERATURY SILNIKA
0XOZONE7G;OZONATOR
A9352S;ALTERNATOR 2448165
A9371S;ALTERNATOR 2470900
5352562516;SITKO DO ODBIJAKA RDZY
04274000004;PRZEW”D ZBIORNIKA WSPOMARANIA MAN 2020
ST48-200;UCHWYT PODPORY Z KO£EM KPL
LMI36179;GUMA STABILIZATORA
11X528;PASEK KLINOWY
AT038315C;AMORTYZATOR HYDRAULICZNY
BECKERS;EMULSJA CERAMICZNA 10L
0008100686;UCHWYT WK£ADU LUSTRA
Z-60/70;REDUKCJA GUMOWA 70/60
506700;POMPA WODY
530020110;ZESTAW ROZRZ•DU
F00MA45248;REGULATOR NAPI CIA SOLARIS DAF
0011532120;CZUJNIK PO£OØENIA WA£U MERCEDES
114781;PRZE£•CZNIK POD KIEROWNIC 
261087;P”£Oå
261244;P”£Oå
6102021212992P;SZK£O LUSTERKA MA£E DOLNE
AUG85415;CZUJNIK CIåNIENIA ADBLUE
3454101;£•CZNIK STABILIZATORA
836073;KO£O DWUMASOWE
30543;SILNICZEK WYCIERACZEK
0045458332;CZUJNIK ZBLIØENIOWY STOPU MERCEDES
MA7058;GNIAZDO POMPY WTRYSKOWEJ MERCEDES
0025450414;CZUJNIK CIåNIENIA OLEJU SKRZYNI BIE”W MERCEDES
81466116017;DR•ØEK KIEROWNICZY MERCEDES O405 KOSA
81466116061;DR•ØEK KIEROWNICZY MAN L-1375MM
TLME017L;LAMPA TY£ SETRA 415 LEWA
834583;ZESTAW SPRZ G£A
5352562520;OBUDOWA ODBIJAKA DO RDZY
94980000019073;ZESTAW IGIE£ DO ODBIJAKA RDZY 3MM
ROZPIERAK;ROZPIERAK KPL
RU0030;BLASZKI MONTAØOWE KLOCK”W
1017663295;MINI KLAWIATURA BEZPRZEWODOWA
OJZ0018;KO£A JEZDNE 125MM KPL - 4SZT
3202969;MOCOWANIE ZDERZAKA
32029610;MOCOWANIE ZDERZAKA TY£ PR
3189600059;WIDE£KI SPRZ G£A
2004251000;ZAMEK KLAPY OKR•G£Y SOLARIS
2004251010;ZAMEK KLAPY TYLNEJ OKR•G£Y
81971156032;ZAMEK KLAPY OKR•G£Y SOLARIS
AUG85414;CZUJNIK CIåNIENIA ADBLUE
101113;LUSTERKO LEWE KPL SPRINTER
YT0466;UCHWYT åRUBOWY DO GROT”W 1/4
YT0467;UCHWYT MAGNETYCZNY DO GROT”W
YT82788;WIERTARKO-WKR TARKA UDAROWA 18V YATO
17978;TERMOSTAT
LM2642;DODATEK DO BENZYNY 0,3L
SS0178;ELEKTROMAGNES ROZRUSZNIKA
110101733;AMORTYZATOR GAZOWY FOTELA 170MM D£ 600N
4474375112;SWORZE— ZWROTNICY ZF RL75 SOLARIS
530065030;ROZRZ•D KPL
150POWIETRZE;PRZEW”D POWIETRZA Q-150
21135500;PASEK ROZRZ•DU Z ROLK•
77725690;TULEJKI KORBOWODU
79241610;PANEWKI KORBOWODOWE
89423110;TULEJA CYLINDRA
91260600;T£OK SILNIKA
023115701;ZESTAW USZCZELEK G”RA
083141401;ZESTAW USZCZELEK DO£U
613156000;USZCZELKA POD G£OWIC 
1948507;B£OTNIK PLAS. FORD TRANSIT 14-
612918010;USZCZELKA G£OWICY
ENT210018;ZESTAW NAPRAWCZY POMPY WTRYSKOWEJ CR
A2C5336196180;ZESTAW NAPRAWCZY POMPY WTRYSKOWEJ CR
2833301;£•CZNIK STABILIZATORA
100735;SILNIK WYCIERACZEK
21320;PRZE£•CZNIK KIERUNKOWSKAZ”W
27975;OLEJ AUTOMATYCZNEJ SKRZYNI BIEG”W
YT7103;MIARA ZWIJANA
YT71075;MIARA ZWIJANA
040303;ROZPIERACZ DO OPON
C60394;SPINKA TAPICERSKA 10SZT
C60425;SPINKA TAPICERSKA
C60436;SPINKA TAPICERSKA
C70560;SPINKA TAPICERSKA
C70699;SPINKA TAPICERSKA
1738656;ODMA SILNIKA PACCAR SOLARIS
0432131631;WTRYSKIWACZ STERUJ•CY MAN D2866
817994;INTERCOOLER SPRINTER
21616;ZAåLEPKA PIASTY TY£
39283;TULEJA STABILIZATORA
740DA317;CZUJNIK CIåNIENIA ADBLUE
AI030022;ZESTAW HACZYK”W JONNESWAY
205/55R16 ARZERO;OPONA
2124145/1;ZAW”R EGR DAF EURO6
3336060;PRZEW”D INTERCOOLERA FORD
KOLANKO METALOWE M22/M18;KOLANKO METALOWE M22/M18
2211000087;SYGNA£ PNEUMATYCZNY 24V
EG1159H;FILTR OLEJU
0504002113;ZAW”R REGULACJI POZIOMU
WOZEK TRANSPORTOWY;W”ZEK TRANSPORTOWY
SD9018;BENDIX ROZRUSZNIKA
1303/07;SILNIK OTWIERANIA DRZWI SPRINTER MASATS
463350;OGRANICZNIK DRZWI ACTROS
171785;ZESTAW DO WYMIANY OLEJU W SKRZYNI
906885041;STOPIE— ZDERZAKA SPRINTER
101890408;TORX TX30 D£.75MM
101890507;TORX TX40 D£.75MM
101790509;KLUCZ TRZPIENIOWY IMBUS 6MM Z R•CZK•
5964094803961;ZESTAW DO NITONAKRETEK
MGS01107;ZESTAW DO WYCINANIA SZYB
WK0512;R•CZKI DO DRUTU DO WYCINANIA SZYB
ZESTAW SPINEK;ZESTAW SPINEK TAPICERSKICH
6336738505;SZYBA BOCZNA MERCEDES
AM400/1;FILTR POWIETRZA
OM500;FILTR OLEJU
OM500/1;FILTR OLEJU
PM818;FILTR PALIWA
121627;CZUJNIK TEMPERATURY P£YNU CH£ODZ•CEGO
AAA9035730077;CZUJNIK NOX
0986046300;ALTERNATOR
600001600;ZESTAW SPRZ G£A
0986046300 KAUCJA;ALTERNATOR KAUCJA
BOXOL;BOXOL 26 20L
35687;POMPA WODY DODATKOWY OTW”R VARIO
APLDT65M;DRUT DO WYCINANIA SZYB TR”JK•TNY
JTR1800;Z BATKA TYLNA
DID530VX3G;£A—CUCH
JTF513;Z BATKA PRZEDNIA
15513;TULEJA
GDB1366;KLOCKI HAMULCOWE
OP618/2;FILTR OLEJU
24839;PIERåCIEN ABS
601004040401P;KLAMKA DRZWI
CROUZET83123005;MIKROPRZE£•CZNIK 5A/250VAC
113790;KO£O PASOWE WENTYLATORA
6008;LOØYSKO KO£A
70X82X2,6;USZCZELKA SKRZYNI BIEG”W
274X286X2,6;USZCZELKA SKRZYNI BIEG”W
2401250179;POTENCJOMETR DRZWI SOLARIS (rolka z drutem)
1407000884;SZYBKOZ£•CZE TEK. FI6/M8
1407001346;KOLANKO TEKALAN FI6/M8
771002030;PRZEGUB
28673;PRZEW”D HAMULCOWY
533007730;NAPINACZ
94011305008;ELEKTROMAGNES
SD0122;BENDIX ROZRUSZNIKA
C6S0004ABE;B BEN HAMULCOWY
606000VW4836;PODNOåNIK SZYBY
0060022;KR•ØEK GUMOWY DO CZYSZCZENIA KLEJU
KF60;G•BKA SAMOPRZYLEPNA
0120423058;ROLKA NAPINACZA KLIMATYZACJI SOLARIS Z MIMOåRODEM
0281002675;CZUJNIK PO£OØENIA WA£U KORBOWEGO DAF SOLARIS E6
MS280;ROZRUSZNIK MERCEDES
0735300973;£OØYSKO IGIE£KOWE ZWROTNICY MAN 2020
1699167;POKRYWA FILTRA OLEJU DAF PACCAR SOLARIS
H2037;FILTR OLEJU SKRZYNI BIEG”W
182882;P”£OS NAP DOWA
10X960;PASEK KLINOWY
AP151/6;FILTR POWIETRZA
CC42414;WTYK GNIAZDA ZAPALNICZKI
GBS2592;CZUJNIK ABS
H315W;FILTR OLEJU
K1251A;FILTR KABINOWY
KR24549;SPR ØYNA KLAPY BAGAØNIKA
1510283009;USZCZELNIACZ POMPY HYDRAULICZNEJ
6505063546041K;REPERATURKA PROGU
6505063546002P;REPERATURKA PROGU
6505063546042K;REPERATURKA PROGU
1551022100;OD£•CZNIK ELEKTRYCZNY AKUMULATORA 300A
WA710947D/1;ZAW”R EGR
24960;KO£O ZAMACHOWE INTEGRO SZTYWNE 120/475MM
OSM03010560;OPASKA SKR CANA NA åRUBK  10SZT
AM20Z08;ZESTAW OPASEK ZACISKOWYCH + STOJAK
1901453610;ORING SKRZYNI BIEG”W
528499600;PRZEW”D GUMOWY UK£ADU CH£ODZENIA
6505069533012K;REPERATURKA PROGU
6505069533011K;REPERATURKA PROGU
172130;ZAMEK DRZWI
601001035421P;ZAMEK DRZWI PRZ”D
HP110554;CI GNO ZAMKA PRZ”D
50792010;TARCZA STALOWA EK,DK
58415012;TARCZA CIERNA
52630610;TARCZA STALOWA
50771520;TARCZA STALOWA
50815910;USZCZELKA T£OKA
52623210;USZCZELKA SKRZYNI
52630310;TARCZA METALOWA
54820810;TARCZA METALOWA SKRZYNI
50550820;PODK£ADKA SKRZYNI
06563300334;USZCZELKA SKRZYNI
58225013;TARCZA CIERNA
50974313;TARCZA METALOWA
0019900921;åRUBA
F026400064;FILTR POWIETRZA
J264;CZUJNIK TEMPERATURY WODY
AUG107392;CZUJNIK TEMPERATURY POWIETRZA WLOTOWEGO DAF
0004701924;PRZEW”D ADBLUE
0520764002;WI•ZKA ELEKTRYCZNA
01040890;USZCZELKA SKRZYNI
01063424;USZCZELNIACZ T£OKA
6003000300P;ROLKA DRZWI BOCZNYCH G”RNA
50886911;USZCZELNIACZ T£OKA
6003000303P;ROLKA DRZWI BOCZNYCH DOLNA
50729921;USZCZELKA
90151310;USZCZELNIACZ SKRZYNI
01030758;PIERåCIE— USZCZELNIAJ•CY
36732010139;KLAPA åRODKOWA Z PRZODU MAN
81429400304;WSPORNIK REJESTRACJI MAN 2020
36732010117;PRZES£ONA REFLEKTORA MAN 2020
36732010119;PRZES£ONA REFLEKTORA
36732015134;MASKOWNICA
36732025013;KLAPA åRODKOWA Z PRZODU
83747016004;KLAPA AKUMULATORA
36751010700;SZYBA BOCZNA G”RNA
36637006018;LUSTRO PRAWE MAN 2020
36732010169;MASKOWNICA PRZEDNIA
36251016072;REFLEKTOR LED PRZ”D MAN 2020
36732010158;MASKOWNICA REFLEKTORA D”£ MAN 2020
36732010097;OS£ONA KOLUMNY KIEROWNICY
34961200000;KORD USZCZELNIAJ•CY
36971030023;KLAMRA
36760080222;MASKOWNICA
83760085027;OBUDOWA BOCZNA
4474375221ZF;SWORZE— ZWROTNICY
559002730;ZESTAW ROZRZ•DU
26586;NAKR TKA KO£A
57100;KLUCZ DO K”£ ROZSUWANY
YT1009;"NASADKA UDAROWA 1/2"" 19MM"
YT1011;"NASADKA UDAROWA 1/2"" 21MM"
37048;FILTR KABINOWY
0281032675;CZUJNIK EDC DAF
8196553;PRZEK£ADNIA KOLUMNY KIEROWNICZEJ MAN 2020
VKMCV57008;ROLKA PROWADZ•CA PASKA SOLARIS DAF
4750150050;ZAW”R OGRANICZAJ•CY CIåNIENIE
IMADLO 125L;IMAD£O 1250-125L
IMADLO 175L;IMAD£O 1250-175L
1458702;USZCZELKA MISKI OLEJOWEJ SOLARIS DAF
JTS017;£•CZNIK STABILIZATORA PRZ”D P SETRA L-148MM
JASOL AGRI BOX 26 20L;JASOL AGRI BOX 26 20L
2000600;AMORTYZATOR
2000601;AMORTYZATOR
C541300014;NAK£ADKA OCHRONNA MOTAØOWNICY K”£
0242229659;åWIECA ISKROWA
940113190030;SZCZOTKA ALTERNATORA
BP6ES;åWIECA ISKROWA
1407001619;KOLANKO TEKALANU FI8/M10
3397001802;PI”RA WYCIERACZEK KPL
AP058/7;FILTR POWIETRZA
AP130/6;FILTR POWIETRZA
PE816/5;FILTR PALIWA
YT09633;SZLIFIERKA NA FREZY PROSTA
9XW184107241;PI”RO WYCIERACZKI 600MM SZERSZE
0XVATR414C;ZAW”R KO£A KOMINEK OSOBOWY Z NAK£ADK•
REGENERACJA PEDALU HAMULCA;REGENERACJA PEDA£U HAMULCA
YT1007;"NASADKA UDAROWA 1/2"" 17MM"
GAT090827;PRZEW”D INTERCOOLERA P
JBU761;SILENTBLOCK WAHACZA
MMTA0400703;DYWANIKI GUMOWE
9094201021;NAKR TKA KO£A
0024010102;FELGA SPRINTER
D52024;SPR ØYNKI DO NAPRAWY GWINT”W M18X2,5
36264816005;ZBIORNIK P£YNU SPRYSKIWACZA MAN 2020
81264856033;POMPKA SPRYSKIWACZA MAN 2020
81960010519;KOSZULKA NA PRZEW”D
81442086014;ZESTAW NAPRAWCZY ZWROTNICY MAN 2020
06541418502;PRZEW”D NAP DU WENTYLATORA DOLNY MAN 2020
9408170016;ZNAK FIRMOWY MERCEDES
9484209129;PRZEW”D
36259076003;POTENCJOMETR DRZWI MAN 2020
0009912420;CZOP KULISTY
9737500080;WSPORNIK MASKI
AS5507;PODK£ADKA £OØYSKA
AXK5578;£OØYSKO SKRZYNI BIEG”W
KM4-KM12;ZESTAW KLUCZY NASADOWYCH ROWKOWANYCH
VH289;TARCZA SKRZYNI
VH0012;USZCZELKA POKRYWY
VH241-1;USZCZELKA VOITH
VH028;TARCZA SKRZYNI VOITH
VH054;NIT SKRZYNI BIEG”W
VH0009;USZCZELKA POKRYWY
6504039533581K;REPERATURKA B£OTNIKA
ACKK70HB;KO—C”WKA KABLOWA T£OCZONA
KR54000081;T£OK KOMPRESORA 88,00MM BEZ PIERåCIENI
KR5850005;P£YTA ZAWOROWA KOMPRESORA LK4939
BUS4080;PODK£ADKA SWORZNIA WAHACZA 40X48X1,3
4474250001;ZAåLEPKA ZWROTNICY ZF
MB5766;TULEJKA H38
0870300171;USZCZELNICZ SWORZNIA ZWROTNICY
29177;KLOCKI HAMULCOWE SOLARIS (2 OTW.CZUJNIKI) TY£
5870401136;KLUCZ DO NAKR TEK PIASTY
115413;ALTERNATOR SPRINTER 220A
BPR6EIX;åWIECA ISKROWA
0986082500;ALTERNATOR
YT82842;AKUMULATOR 18V LI-ION 2,0 AH
LUPA;LUPA R CZNA
113351;ALTERNATOR MERCEDES
0018217660;OPORNIK DMUCHAWY AXOR,ATEGO
VKMCV51026;NAPINACZ PASKA CITARO AXOR ATEGO
713668270;PIASTA KO£A PRZ”D SPRINTER
0007501250;ZAMEK KLAPY MOCOWANIE PRZ”D/TY£
1501313135;PR•DNICZKA TACHO L90
CR2032PCB2;BATERIA 3V 20X3,2MM CR2032PCB2
GH793083;TAåMA KIEROWNICY
OLEJ 80W90 GL5 205L;OLEJ 80W90 GL5 205L
17285381;ORING PODSTAWY POMPY WTRYSKOWEJ SOLARIS IVECO 72,69X2,62
STA1HEA;"KLUCZ UDAROWY 1"""
83254246003;KANA£ KABLOWY
81254410999;RAMA WSPORCZA PRZY KABINIE
81624100077;POKRYWA ELEKTROTECHNIKA
81254245002;PUSZKA KABLOWA
2931112915;ELEKTROW£•CZNIK AKUMULATORA KISSLING 24V 300A
41533815;ODRDZEWIACZ MOS2 BERNER 400ML
422135;ZMYWACZ HAMULC”W BERNER 500ML
20782415;SMAR PENETRUJ•CY BERNER 500ML
10EC0023;FILTR OLEJU
109042595;FILTR POWIETRZA
109699755;TULEJA STABILIZATORA
DP1110130114;FILTR PALIWA
51274210183;CZUJNIK CIåNIENIA PALIWA MAN 2020
1146150003;ZESTAW NAPRAWCZY DR•ØKA STABILIZATORA
2000801;AMORTYZATOR TY£
OKULAR REFLEKTORA MAN LEWY 2020;OKULAR REFLEKTORA MAN LEWY 2020
0065451114;CZUJNIK HAMULCA R CZNEGO MERCEDES
1457429655;FILTR PALIWA MERCEDES
1457429128;FILTR OLEJU MERCEDES
34171;SILNIK DMUCHAWY AXOR
K01W125AKN;ZWIJACZ KIEROWNICY
31290;CZUJNIK TEMPERATURY
606000CI1754;PODNOåNIK SZYBY
19397;£•CZNIK STABILIZATORA
H350WK;FILTR PALIWA
REGENERACJA SOCZEWEK;REGENERACJA SOCZEWEK
M18X1,5;SPR ØYNA DO NAPRAWY GWINT”W
12012001;ZAW”R HAMULCA R CZNEGO
C81109ABE;PRZEW”D HAMULCOWY
022766002;ZESTAW USZCZELEK G£OWICY
715450;USZCZELKA POMPY PALIWA
008971;USZCZELKA POMPY WODY
503209;USZCZELNIACZ WA£U KORBOWEGO D0836
AMAN0020AGNSM;SZYBA PRZEDNIA MAN
AMAN0020AGNSU;SZYBA PRZEDNIA G”RNA
2665302;£•CZNIK STABILIZATORA
044820;PIANA AKTYWNA DIMER 2KG
M804;PIANA AKTYWNA
M821;PREPARAT DO FELG
33X12.50R15CTGR108RAT2;OPONA BFGOODRICH
REX434610;KANISTER METALOWY 10L
51154080017;CZUNIK NOX MAN PRZED KAT. 2020
81981310129;KOLANKO ZBIORNIKA SPRYSKIWACZY MAN 2020
224278;ORING SPR ØARKI MAN 10X3
4229970040;USZCZELKA TURBOSPR ØARKI MERCEDES
0634313600;ORING CH£ODNICY OLEJU SKRZYNI BIEG”W
0634313628;ORING SKRZYNI BIEG”W ZF
223631;ORING PRZEWODU INTERCOOLERA
0139977548;ORING SKRZYNI BIEG”W 90X3
0109975448;ORING POMPY WTRYSKOWEJ MERCEDES
124615;ORING KO£NIERZA MOCOWANIA SPR ØARKI 78X3
447011;ORING POMPY WTRYSKOWEJ 43X2,62
6502076609914P;ELEMENT ZDERZAKA
4364400389;FILTR KABINY MAN PRZ”D 2020
PISTOLET LAKIERNICZY;PISTOLET LAKIERNICZY WALCOM GENESI CARBONIO 1,3MM
6PK965;PASEK WIELOROWKOWY
530057830;ZESTAW ROZRZ•DU
PP838/9;FILTR PALIWA
M30X2 L1250;PRZEW”D HYDRAULICZNY
268/3 NAA;TAåMA IZOLACYJNA TESSA OLEJOODPORNA
1986AE0131;REGULATOR NAPI CIA
2410210014;ORING POMPY RZ DOWEJ 100X3
0189971248;ORING 26,2X3
0009975348;ORING POD ODME MERCEDES V6
06566310112;PIERåCIE— USZCZELNIAJ•CY
81443120008;POKRYWA PIASTY MAN KAPSEL
0001802438;POKRYWA OBUDOWY FILTRA OLEJU MERCEDES
5411840208;POKRYWA OBUDOWY FILTRA OLEJU MERCEDES
8FH351312601;NAGRZEWNICA MERCEDES 370X189X42MM
2046975;ELEKTRYCZNA POMPA PALIWA FORD
81779080002;OBUDOWA OGRZEWANIA POSTOJOWEGO - PIECA WEBASTO
4321990300;ZAW”R ODMRAØAJ•CY PNEUMATYCZNY
001008;åRODEK DO KONSERWACJI PODWOZIA CZARNY SPRAY 500ML
DV820;TAåMA DO NAPRAWY T£UMIKA
LOC8065;SMAR MIEDZIOWY 20G
9060102372;MIARKA POZIOMU OLEJU MERCEDES OM906
0130111029;SILNIK DMUCHAWY MERCEDES
D0G001TT;ZAW”R OGRZEWANIA FORD TRANSIT
T38643;NAPINACZ PASK”W MERCEDES KLIMY
ENT120031;WTYCZKA PRZEWODU PALIWOWEGO
6504035078582K;REPERATURKA B£OTNIKA TY£
6504035078581K;REPERATURKA B£OTNIKA TY£
19341;åRUBA KO£A
70AH 760A;AKUMULATOR 70AH 760A
600415775;LAMPA WEWN TRZNA TY£ INTEGRO 0008261344
0986082500 KAUCJA;0986082500 KAUCJA
E900018;TAåMA PODUSZKI
1140001;ZESTAW NAPRAWCZY HAMULC”W
530017131;ZESTAW ROZRZ•DU
007950025230;"SZYBKOZ£•CZKA KLIMATYZACJI HP 1/2"""
007950025240;"SZYBKOZ£•CZKA KLIMATYZACJI LP 1/2"""
104904;KO£O NAPINACZA PASKA
K9119;FILTR KABINOWY
6673200289;£•CZNIK ZAWORU POZIOMUJ•CEGO MERCEDES
9453200627;RAMI  ZAWORU POZIOMUJ•CEGO MERCEDES
1502990161;LINKA DRZWI ATEGO
DF6504;TARCZA HAMULCOWA
GDB2179;KLOCKI HAMULCOWE KPL
81286016123;SILNIK DMUCHAWY
1091218;ZESTAW BLASZEK MONTAØOWYCH KLOCK”W HAMULCOWYCH
595243;REGULATOR NAPI CIA
D41614C;REPERATURKA ZACISKU
DF6419;TARCZA HAMULCOWA
GDB1719;KLOCKI HAMULCOWE
C2W001ABE;KLOCKI HAMULCOWE
C4A003ABE;TARCZA HAMULCOWA
WK8019/1;FILTR PALIWA
40X250X250;KOLANKO SILIKONOWE 40X250X250
1004980064;PRZEGUB ZEWN TRZNY
37402305;ZESTAW USZCZELEK BITZER 4NFCY
115152755;ZAMEK DRZWI TY£
39076;KO—C”WKA DR•ØKA
YT05997;KLUCZE DO KORKA OLEJU KWADRAT KPL
0986AH0204;PRZEKAèNIK UNIWERSALNY 24V 20A 5PIN
2501000184;OLEJ SILNIKOWY 10W40 ORLEN ULTOR EXTREME 20L
32X42X6;USZCZELNIACZ WA£KA ROZRZ•DU
110101892;LINKA MECHANIZMU OTWIERANIA SZYBY KIEROWCY
KRG1201600000;KASETA DO KASOWNIK”W KRG12
ENT250105;SZYBKOZ£•CZE PRZEWODU PALIWOWEGO FI8MM
GDB2114;KLOCKI HAMULCOWE
12V H3;ØAR”WKA H3 12V
RH040054;ZESTAW WAHACZY
4DM004639061;PRZERYWACZ KIERUNKOWSKAZU 24V
874629;POMPA SPRZ G£A
601025032433P;ZAMEK DRZWI LEWY TY£
01138400;ZESTAW USZCZELNIACZY PIASTY MERCEDES
JBC0244;ZACISK HAMULCA
M8X10;åRUBA STOØKOWA M8X10
KG2000108;POMPA SPRZ G£A
KR21504;SPR ØYNA GAZOWA
G1361;AMORTYZATOR TY£
PK101;ODBOJE AMORTYZATOR”W TY£
JTE1023;KO—C”WKA DR•ØKA
GAKR10PWA;G£”WKA CI G£A FI10 M10
ME60017P;ZAåLEPKA PROWADNICY ZACISKU 37X10
940113190077;SZCZOTKI ALTERNATORA
BOS256082;USZCZELKA UK£ADU WYDECHOWEGO
02190126286P;T£UMIK åRODKOWY UK£ADU WYDECHOWEGO
02190126275P;T£UMIK
102018021340P;REPERATURKA PROGU
120AH680A;AKUMULATOR HEAVY DUTY
SE45/32;REDUKCJA SILIKONOWA 45/32MM
0250212009;åWIECA ØAROWA
530044230;ZESTAW ROZRZ•DU
1303010421;LAMPA KIERUNKOWSKAZU
1986AE0103;REGULATOR NAPI CIA ALTERNATORA
1928403095;WTYCZKA ZAWORU OGRZEWANIA
107825;REGULATOR NAPI CIA 14V
1197311558;REGULATOR NAPI CIA 28V
KTT120093;OSUSZACZ KLIMATYZACJI
PNE3-08ME;TR”JNIK TEKALANU 8/8/8 METALOWY
22888;WIESZAK WYDECHYU
11224;WACHACZ
11225;WAHACZ
9410013;AMORTYZATOR
11485;PODUSZKA SILNIKA
CT10;£ATA RADIALNA CT10 65X80 164
BUS5347;PRZYCISK ZEWN TRZNY W”ZEK DZIECI CY CHT4
BUS5348;PRZYCISK ZEWN TRZNY R•CZKA CHT4
KR23861;SPR ZYNA GAZOWA
D9W002TT;WIATRAK WENTYLATORA
D9700198;LUSTRO PRAWE INTEGRO
WS0328A;CZUJNIK ZUØYCIA KLOCK”W FORD
36252250003;LAMPA TY£ G”RNA MAN 2020
04293000258;USZCZELKA KLAPY MAN 2020
29805;FILTR KABINY
K1083;FILTR KABINOWY
PTC4124;ROZRUSZNIK
15485;PODUSZKA SILNIKA SETRA 415NF
185/65R14;OPONA
AUG60223;ZESTAW NAPRAWCZY ZWROTNICY
60/65;£•CZNIK GUMOWY REDUKCJA 60/65X122
81981810289;Z£•CZKA TR”JNIK
36779156073;KANA£ POWIETRZA
81254750334;OBUDOWA GNIAZDA
04384609055;TAåMA NA ZATRZASK
36754016414;OKNO SKRZYD£OWE 1602X1482X215
36754016406;OKNO SKRZYD£OWE 1645X1482X215
36754016410;OKNO SKRZYD£OWE 1671X1482X215
34779150015;DYSZA POWIETRZA
36461136012;KOLUMNA KIEROWNICY MAN 2020
36760080216;MASKOWNICA WY£•CZNIKA
81614460051;POKRYWA
81255050909;W£•CZNIK STERUJ•CY PO£OØENIA
NIS87105;DMUCHAWA WEWN TRZNA SPRINTER
GDB2115;KLOCKI HAMULCOWE KPL
255/35R19;OPONA
C51040200;P£YN DO SPRYSKIWACZY LETNI 200L
0103002130;FILTR POWIETRZA
16892;KLOCKI HAMULCOWE
RH040053;ZESTAW WAHACZY
C70696;SPINKA TAPICERSKA
C50248;SPINKA TAPICERSKA
606000VW4823;PODNOåNIK SZYBY
CCZ1389ABE;CZUJNIK ABS
1004070048;£OZYSKO KO£A
0258006475;SONDA LAMBDA
0130063017;SILNIK DMUCHAWY 12V
C70177;SPINKA TAPICERSKA
0258007233;SONDA LAMBDA
1900038;OS£ONA PRZEGUBU
28601;£•CZNIK STABILIZATORA
9636019380;PIERåCIE— ZABEZPIECZAJ•CY
2214000047;TAåMA ODBLASKOWA SAMOPRZYLEPNA (kwadraty)
H56148713;PIASTA SKRZYNI
53086;TULEJA DR•ØKA WAHACZA MERCEDES O404
115071596;PIERåCIE— USZCZELNIAJ•CY
20015493;USZCZELNIACZ SKRZYNI
DML305FS;FILTR OSUSZACZ KLIMATYZACJI
126020;PODSTAWA ZAWORU RETARDERA
2114615;POMPA SPRZ G£A
6PK691;PASEK WIELOROWKOWY
7PK2035;PASEK WIELOROWKOWY
6PN358186701;CZUJNIK NOX PRZED KATALIZATOREM DAF
4722600050;ZAW”R RETARDERA
813427;KOMPRESOR KLIMATYZACJI
DCW164TT;PRZEW”D CH£ODNICY POWIETRZA
0009889625;TULEJKA LAMPY OBRYSOWEJ Z GWINTEM M4X8X12,1
0039907912;åRUBA LAMPY OBRYSOWEJ M4X16
6288850108;ZDERZAK PRZEDNI åRODKOWY CONECTO
285/75R16;OPONA ALL TERRAIN 116/113R
3671010021;P£OZA NAJAZDOWA
36252036003;OåWIETLENIE STOPNIA KABINY MAN 2020
36744452077;SZYBA DRZWI MAN 2020
256290;USZCZELKA WYDECHU
ASM20030;T£UMIK WYDECHU
3397007503;PI”RA WYCIERACZEK
DCW087TT;PRZEW”D CH£ODNICY POWIETRZA
VG4RA;PASTA DO DOCIERANIA ZAWOR”W
6422020310;ROLKA PASOWA SPRINTER
GDB2143;KLOCKI HAMULCOWE
6286740516;SZYBA BOCZNA 1006MMX1467MM CITARO
110120;G£OWICA KOMPRESORA MERCEDES CONECTO
1004980193;PRZEGUB ZEW.
CZH1267;ZACISK HAMULCA
GS8796;SZCZ KI HAMULCOWE KPL
STR80311;POKRYWA SWORZNIA ZWROTNICY + PIERåCIEN SEGERA
K1004A;FILTR KABINY
256305;USZCZELKA WYDECHU
251203;SPR ØYNA MOCOWANIA WYDECHU
GS8473;SZCZ KI HAMULCOWE
C5F010ABE;CYLINDEREK
251025;SPR ZYNY MOCOWANIA WYDECHU
ASM20027;T£UMIK åRODKOWY
700205;RURA WYDECHU
D3888A;SPR ØYNKI SZCZ K
004941;£•CZNIK RURY WYDECHOWEJ FI40
775903;åRUBA WYDECHU
2208000392;R KAWICZKI GUMOWE NITROODPORNE
2208000390;R KAWICE GUMOWE NITROODPORNE
81154076022;ZAW”R STERUJ•CY ADBLUE
LIN140277;LINKA HAMULCA R CZNEGO
LIN140276;LINKA HAMULCA R CZNEGO
BWF311;CYLINDEREK
DB4398;B BEN HAMULCOWY
GDB1115;KLOCKI HAMULCOWE
SFK166;ZESTAW MONTAØOWY SZCZ K HAMULCOWYCH
44971;ROZRZ•D KPL £A—CUCH
050529;SILENTBLOCK WAHACZA DOLNY CITARO CUKIEREK FI 75
ENT100071;ELEKTRYCZNA POMPA PALIWA
K1223A;K1223A
6505062008001P;REPERATURKA PROGU
75AH975A;AKUMULATOR OSOBOWY AGM
66AH845A;AKUMULATOR OSOBOWY AGM
3400121201;ZESTAW SPRZ G£A
230300;£OØYSKO KO£A ZAMACHOWEGO
713690710;£OØYSKO KO£A
532023410;ROLKA PROWADZ•CA
535014010;KO£O PASOWE ALTERNATORA
1305010214;LAMPA OBRYSOWA BIA£O-CZERW 30X110 LED
F026T00003;PRZEKAèNIK ROZRUCHOWY
513735126H;LUSTERKO ZEWN TRZNE LEWE PODGRZEWANE ELEKTRYCZNE 205X384
81259026317;PRZEKAèNIK OGRZEWANIA FILTRA PALIWA
51274210223;CZUJNIK CIåNIENIA SPALIN MAN
8600129;PRZYCISK OTWIERANIA DRZWI NIEBIESKI DOTYKOWY ESCHA
429310;USZCZELKA POKRYWY ZAWOR”W
387741;USZCZELKA POKRYWY ROZRZ•DU
996720;USZCZELKA ZAWORU EGR
742950;USZCZELNIACZ WA£U KORBOWEGO
F026402261;FILTR PALIWA
5904484163136;FILTR DO STACJI KLIMATYZACJI ALASKA EVO 224MMM OPT.AC.118.1518
601002065410P;KLAMKA DRZWI TY£ PRAWA SPRINTER
96X114X9;USZCZELNIACZ WA£U SPRINTER
0249972848;USZCZELKA TERMOSTATU
81259060030;PRZEKAèNIK 24V MAN
0003501105;ZESTAW NAPRAWCZY WAHACZA DOLNEGO PRZ”D O404
26890;MECHANIZM PODNOSZENIA SZYBY ACTROS
240074;SPR ØARKA POWIETRZA CITARO/CONECTO
4346120040;ZAW”R BEZPIECZE—STWA (bezpiecznik) 13bar
K067417K50;ZESTAW NAPRAWCZY ZACISKU
CH00225;PRIMER UV ACTIVATOR 250ML
CH00129;PRIMER UV ZIELONY 250ML
6208-2RS1;£OØYSKO WIRNIKA SILNIKA AUTOBUSU ZF
6308-2RSR;£OØYSKO WIRNIKA SILNIKA AUTOBUSU ZF
1104000865;OBEJMA RYRY Q-155MM
1104000794;OBEJMA RURY Q-135MM
1104000077;OBEJMA RURY Q-130
0103003061;FILTR POWIETRZA
ACBW80EN;BEZPIECZNIK P£YTKOWY 80A
606049;CH£ODNICA
AA02913521ZF;OLEJ PRZEK£ADNIOWY ZF ELEKTRYK 5L
UA778;USZCZELKA G£OWICY 4CT107
UA400A;ZESTAW USZCZELEK SILNIKA
A532KN;PIERåCIENIE T£OKOWE SW400
16523;KLOCKI HAMULCOWE
24165;TARCZA HAMULCOWA
P565;POMPA CIECZY CH£ODZ•CEJ
JTS408;£•CZNIK STABILIZATORA
10PK1403;PASEK WIELOROWKOWY
AKC100;RAMI  LUSTRA SOLARIS LEWE
7401230;USZCZELNIACZ KOMPRESORA
FL310417;OS£ONA POD ZDERZAK
C407CY;PREPARAT DO KONSERWACJI PLASTIK”W 750ML
025119401;ZESTAW USZCZELEK KOMPRESORA
104785;W£•CZNIK åWIATE£ STOP
DCW014TT;PRZEW”D CH£ODNICY POWIETRZA
49754;ZABEZPIECZENIE PRZEWODU
49785;ZABEZPIECZENIE PRZEWODU
0102000109;FILTR PALIWA SEPARATOR
AC155B;ZAW”R OGRANICZAJ•CY CIåNIENIE SETRA 415
ST20230,1;SI£OWNIK HAMULCOWY JEDNOKOMOROWY 16'
DF6335S;TARCZA HAMULCOWA
49786;ZABEZPIECZENIE PRZEWODU
007950024130;ZESTAW DO STACJI KLIMATYZACJI ALASKA BUS
AM20A92;åRODEK DO CZYSZCZENIA DPF 5L
MGS01662;STRZYKAWKA DO ODSYSANIA OLEJU
W230002;TAåMA
129/5;WYCISKACZ DO SWORZNI
011246;SILENTBLOCK DR•ØKA REAKCYJNEGO 87X130 OTW.17MM
115440;SILENTBLOCK DR•ØKA REAKCYJNEGO 67X100 OTW.17
52854;SILENTBLOCK DR•ØKA REAKCYJNEGO 67X115 OTW.17MM
0003300075;SILENTBLOCK DR•ØKA REAKCYJNEGO 85X130 OTW.16,5
RPP55/455;PASEK Z•BKOWANY RPP55/455
0038200856;LAMPKA PODåWIETLENIA TABLICY REJESTRACYJNEJ
AKC151;MOCOWANIE UCHWYT”W WEW. SOLARIS
0206001017;POTENCJOMETR GAZU MAN PRZY PEDALE
01166AMIO;RAMKA TABLICY REJESTRACYJNEJ
WH960;FILTR HYDRAULICZNY SKRZYNI BIEG”W
587460;USZCZELNIACZ
BUD2090180;BUD2090180
LPR07800;SZCZ KI HAMULCOWE
DCW045TT;PRZEW”D POWIETRZA
KTT095007;KOMPRESOR KLIMATYZACJI
QB1050839;ZESTAW MONTAØOWY SZCZ K HAMULCOWYCH
420312;ORING PIASTY 39,2X3
POMPA ADBLUE DAF;POMPA ADBLUE DAF
WD950/3;FILTR HYDRAULICZNY
2SA003057021;åWIAT£O OBRYSOWE CZERWONE 40MMX40MM
6505062008002P;REPERATURKA PROGU
624373533;SPRZ G£O KPL
341700;AMORTYZATOR
SM1041;£OØYSKO G”RNE AMORTYZATORA
VKPC84622;POMPA WODY
CQ1010079;REGULATOR NAPI CIA
14405048;CEWKA SI£OWNIKA SKR TU MERCEDES CITARO
1102408020;ZAW”R G£”WNY HAMULCOWY SOLARIS MA£Y N/TYP
3012990136;SI£OWNIK SPRZ G£A Z CZUJNIKIEM
1820010269;CEWKA 24V PARKER 24V 20W
74350900;PRZEWODY STACJI KLIMATYZACJI 3M
R110;REDUKTOR KPL
348032;AMORTYZATOR
TPALUFE1B;CI ØAREK KLEJONY ALU SLIM 5X12G CZARNY
ZVA2 4.1;PISTOLET DO ON NALEWAK
H14004044;OSUSZACZ KLIMATYZACJI
QB1091600;ZESTAW MONTAØOWY KLOCK”W HAMULCOWYCH
95AH/850A;AKUMULATOR
415041510;SPRZ G£O DWUMASOWE
624330709;SPRZ G£O KPL
1212000063;PRZETWORNICA NAPI CIA 12/24V 6A
DBX017TT;ZBIORNIK WYR”WNAWCZY
1010J300;PRZEGUB
STEROWNIK;STEROWNIK SPRAWDZENIE
917074/12V;CEWKA ZAWORU HYDRAULICZNEGO
88750;P£YN DO DPF
27E02;PI”RA WYCIERACZEK KPL
3182654143;£OØYSKO OPOROWE
803028;PODUSZKA AMORTYZATORA
6502075514996;ELEMENT ZDERZAKA
C5F009ABE;OS£ONA RAMIENIA WYCIERACZKI 0008246049
8600035;TURBOSPR ØARKA FORD TRANSIT 2014
AB017CC;ZESTAW PIERåCIENI SEEGERA
49222211;ZESTAW BRZESZCZOT”W DO PI£Y SZABLASTEJ
4932352473;NAKR TKA FIXTEC M14 DO SZLIFIERKI
1104000432;PIERåCIE— RURY
1102001707;RURA WYDECHOWA ELASTYCZNA SCANIA
1102001264;PRZEW”D WYDECHOWY 814
0259970682;DYSZA SPRYSKIWACZY SETRA 415 NF
806073022R;KLAMKA DRZWI
SPC/Q041521/00;ZESTAW NAPRAWCZY SI£OWNIKA DRZWI NORGREN
AM20B47;SMAR GRAFITOWY 500ML
KTT090082;KOMPRESOR KLIMATYZACJI
KR31126;SPR ØYNA GAZOWA
PE20500968;ROZRUSZNIK
3397013532;PI”RO WYCIERACZKI
AP139/8;FILTR POWIETRZA
AP196/6;FILTR POWIETRZA
K1179A-2X;FILTR KABINY
KBI014;ZESTAW ROZRZ•DU
MOT106375;OLEJ SILNIKOWY 5W30 MOTUL SPECIFIC 5L
PP831/1;FILTR PALIWA
9125182070;SPR ØARKA POWIETRZA SOLARIS DAF
6742740;NAKR TKA PRZEWODU WSPOMAGANIA
623304300;SPRZ G£O KPL
TM21;SPR ØARKA KLIMATYZACJI TM21
2XPB2150;PASEK KLINOWY PODW”JNY
2007929;FILTR OLEJU
315/80R22,5;OPONA
806078197R;MOCOWANIE KLAMKI
9617222620;ZAW”R HAMULCA R CZNEGO
391897;MOCOWANIE LUSTERKA
YT36706;LUTOWNICA GAZOWA
026402146;FILTR PALIWA 2X
AM446/9;FILTR POWIETRZA
OE678/1;FILTR OLEJU
12905700;RURA GI TKA
463394;ZAMEK DRZWI
0005482711;STEROWNIK SZYBERDACHU
2053593061;MECHANIZM SILNICZEK PODNOSZENIA SZYBERDACHU SOLARIS (drugi)
2053593060;MECHANIZM SILNICZEK PODNOSZENIA SZYBERDACHU SOLARIS (pierwszy)
10153004;SAMOREGULATOR SZCZ K
17936;TARCZA HAMULCOWA
10X685;PASEK KLINOWY
36753016171;OKNO KIEROWCY MAN 2020
6004000075P;OGRANICZNIK DRZWI
01059400;ROLKA PROWADZ•CA PASKA
6560700095;ROZDZIELACZ PALIWA
101401;ORING
36981806033;KO—C”WKA PRZEWODU P£YNU DO ZBIORNICZKA MAN 2020
81981806046;KO—C”WKA PRZEWODU P£YNU DO ZBIORNICZKA MAN 2020
36061400044;KO—C”WKA PRZEWODU P£YNU DO ZBIORNICZKA MAN 2020
81749670071;DèWIGNIA NAP DU DRZWI MAN
36751012304;SZYBA TYLNA MAN
2193624;PODK£ADKA PODUSZKA FOTELA
77362444;SAMOREGULATOR
C0F029ABE;SZCZ KI HAMULCOWE KPL
D31042A;ZESTAW MONTAØOWY SZCZ K
D42344A;ZESTAW MONTAØOWY KLOCK”W
6102082335311P;WK£AD LUSTERKA
1147412208;ELEKTROZAW”R OGRZEWANIA 12V
35151;AMORTYZATOR
5400002;WIDE£KI SPRZ G£A
637625;CH£ODNICA
809451;USZCZELKA POKRYWY ROZRZ•DU
87022;DMUCHAWA
101399;ORING
101400;ORING
13091AD221;åLIZG £A—CUCHA
212050;SWORZE— KULISTY WIDE£EK
90542913;ORING CZUJNIKA
245438;ZMYWACZ 30L BERNER
135128;ROZPYLACZ ZMYWACZA BERNER
560014;KRANIK ZBIORNIKA 30 L
ST20024;"SI£OWNIK HAMULCA 24"" JEDNOKOMOROWY ST202091"
36061400045;KOREK ZAåLEPIAJ•CY
103217;DR•ØEK KIEROWNICZY WZD£UØNY
50X62X7;USZCZELNIACZ WA£U KORBOWEGO
090962;£•CZNIK GUMOWY POWIETRZA 100X100X100
345326;USZCZELNIENIE 45X61X8MM
47696;£•CZNIK GUMOWY POWIETRZA
10-22,5;OPONA 10-22,5 TR665
9.00-20;D TKA 9.00-20 K (V3.02.11)
E-20;FARTUCH OCHRONNY E-20 K 1,90
225/50R17;OPONA
63/100;£•CZNIK ELASTYCZNY WYDECHU 63X100
6508039523377K;OS£ONA TARCZY HAMULCOWEJ LEWA
GBS2503;CZUJNIK ABS
13046038752;KLOCKI HAMULCOWE PRZ”D TRANSIT N/TYP
3151600592;£OØYSKO OPOROWE
624302700;SPRZ G£O KPL
0263013682;CZUJNIK COFANIA
DF4766;TARCZA HAMULCOWA
DF4850S;TARCZA HAMULCOWA
GDB1685;KLOCKI HAMULCOWE
GDB1705;KLOCKI HAMULCOWE
113468;ROZRUSZNIK
200081;USZCZELKA MISKI
6508039523378K;OS£ONA TARCZY HAMULCOWEJ
MB178-1;KPL. PANEWEK G£”WNYCH V8
1793P8 STD;KPL. PANEWEK KORBOWODU V8
9452624934;PIERåCIE— SYNCHRONIZATORA
ALCZ145058163;SZPILKA KO£A
01214;NAKR TKA KO£A STOØKOWA M14X1,5
2171541;TARCZA HAMULCOWA TRANSIT
380SET;TULEJKI ROZPIERAKA SETRA ZESTAW
SP72263;OBUDOWA FILTRA PALIWA ODSTOJNIK SOLARIS
6504049543311P;B£OTNIK PRZ”D
6504049543312P;B£OTNIK PRZ”D
60531672;PIASTA SYNCHRONIZATORA
60531897;TULEJA PRZESUWNA SYNCHRONIZATORA
60532032;SYNCHRONIZATOR
119271;PIERåCIE— SYNCHRONIZATORA
24V 15W;ØAR”WKA 24V 15W
600015800;SPRZ G£O KPL
LMI21113;TULEJA TYLNA WACHACZA PRZ”D
6508039523877K;OS£ONA TARCZY
6508039523878K;OS£ONA TARCZY
026790;USZCZELNIACZ SKRZYNI
623332500;SPRZ G£O KPL
1407001566;SPIRALA POWIETRZA
1303010204;LAMPA KIERUNKOWSKAZU AXOR LEWA PRZ”D
0407000522;£•CZNIK GUMOWY FI95X210
98530202;£OØYSKO SKRZYNI BIEG”W
722016210;£OØYSKO IGIE£KOWE SKRZYNI BIEG”W
172042;WIESZAK T£UMIKA
VKBA3456;£OØYSKO KO£A
38X52X7;USZCZELNIACZ
154221;PIERåCIEN ZA£•CZAJ•CY SKRZYNI
80X100X9,5;USZCZELNIACZ
712094610;£OØYSKO SKRZYNI
28X38X9/11;USZCZELNIACZ
139632;ORING SKRZYNI
H67217810;USZCZELKA RETARDERA
60531210;TULEJKA POMPY SKRZYNI BIEG”W
60531213;SWORZE— BLOKUJ•CY SYNCHRONIZATORA
60531246;SWORZE— BLOKUJ•CY SYNCHRONIZATORA
60531251;USZCZELKA SKRZYNI BIEG”W
60532048;ELEMENT SYNCHRONIZATORA
60531166;TULEJA PRZESUWNA SYNCHRONIZATORA
60532002;SYNCHRONIZATOR
60532046;SYNCHRONIZATOR
KM6MGK;NAKR TKA
MB7MGK;PIERåCIEN ZABEZPIECZAJ•CY
60532139;SYNCHRONIZATOR
60532031;SYNCHRONIZATOR
137198;£OØYSKO SKRZYNI
712121610;£OØYSKO SKRZYNI
189682;OBUDOWA POMPY OLEJU SKRZYNI
722036010;£OØYSKO SKRZYNI BIEG”W
H91249210;£OØYSKO RETARDERA
H91249310;BIEØNIA £OØYSKA RETARDERA
239242;ORING SKRZYNI
60531797;ORING SKRZYNI BIEG”W
1210000317;WTYCZKA ELEKTRYCZNA 12V 7PIN
5340386;WTYCZKA SKRZYNI BIEG”W VOITCH 32 PINY 90 STOPNI
LP0263;LUSTERKO ZEWN TRZNE UNIWERSALNE
DF4186;TARCZA HAMULCOWA
JGT314T;AMORTYZATOR
102567;WA£EK SPRZ G£OWY SKRZYNI
130558;£OØYSKO SKRZYNI BIEG”W
137356;£OØYSKO IGIE£KOWE 60X68X54
137187;£OØYSKO IGIE£KOWE 78X86X35
109747;PIERåCIE— SYNCHRONIZATORA
111545;PIERåCIE— ZABEZPIECZAJ•CY SKRZYNI
530862;£OØYSKO SKRZYNI BIEG”W
2103000027;ORING SKRZYNI
137147;£OØYSKO IGIE£KOWE 60X68X39
189681;OBUDOWA POMPY OLEJU SKRZYNI BIEG”W
189605;PIASTA POMPY OLEJU SKRZYNI
A9W014MT;ZESTAW MONTAØOWY AMORTYZATORA
535005910;ROLKA ALTERNATORA
5352561530;IG£Y DO ODBIJAKA CZO£OWEGO 3MM 12CM D£UGIE 12SZT
5352561518;SPR ØYNA DO ODBIJAKA CZO£OWEGO
5352561531;SITKO DO ODBIJAKA CZO£OWEGO
624015102;ZAW”R POZIOMOWANIA DWUSTOPNIOWY
OP592/6;FILTR OLEJU
WK1149;FILTR PALIWA
WK950/19;FILTR PALIWA
K1402;FILTR KABINY
3397007225;PI”RA WYCIERACZEK
0XAT3031H;SZYBKOZ£•CZE KLIMATYZACJI CZERWONE
ERRA105601;SZYBKOZ£•CZE KLIMATYZACJI NIEBIESKIE
ERRA105501;SZYBKOZ£•CZE KLIMATYZACJI CZERWONE
0221504471;CEWKA
VKBA3637;£OØYSKO PIASTY
4228020002;ZESTAW NAPRAWCZY SI£OWNIKA DRZWI
4933492645;SZLIFIERKA K•TOWA AKUMULATOROWA MILWAUKEE
SV1361;ZAW”R POZIOMUJ•CY
ASM21027;T£UMIK WYDECHU
E2942LI;FILTR KABINOWY
724809900;ZAW”R EGR
12304970AN;LUSTERKO
826477;ZBIORNIK WYR”WNAWCZY
65X79X10;USZCZELNIACZ WA£U
W7043;FILTR OLEJU
0219010078P;£•CZNIK RURY WYDECHOWEJ
IMP25566;PODUSZKA SILNIKA
BUS2710;P£YTKA MOCOWANIA LUSTERKA PRAWEGO
1905024107;LUSTRO PRAWE SOLARIS PROSTE PODW”JNE BUS2629
4228081060;SI£OWNIK OTWIERANIA DRZWI
SIKAFLEX 295 UV;SIKAFLEX 295 UV 300ML
E3992LC;FILTR KABINOWY
JBU744;TULEJA WAHACZA
JTE761;KO—C”WKA DR•ØKA
OP546/2;FILTR OLEJU
0000367105;KLUCZ DO NAKR TKI PIASTY
0299989003;RURA WYDECHU FI90 SILNIK-SCR cz 1
1804170431;OSUSZACZ
490250;SZCZYPCE DO OSADZE— I OTWOROWANIA
1304030006;SZK£O HALOGENU
16708;KLOCKI HAMULCOWE
189683;ELEMENT POMPY OLEJU SKRZYNI BIEG”W
AISCKT670R;SPRZ G£O KPL
VKMC08503;ROZRZ•D KPL
3097756;SPRZ G£O TALERZOWE SKRZYNI BIEG”W
H64160110;T£OK SKRZYNI BIEG”W
9PK2128;PASEK WIELOROWKOWY
6505069523012K;REPERATURKA PROGU
6505069523011K;REPERATURKA PROGU
RP150810;OS£ONA SILNIKA
032100136;POMPKA POMOCNICZA PALIWA R CZNA
0W20;OLEJ SILNIKOWY MOTUL 1L
GDB2068;KLOCKI HAMULCOWE
03013705322;SZCZ KI HAMULCOWE KPL
1987475294;ZESTAW MONTAØOWY SZCZ K
AP034/9;FILTR POWIETRZA
E159HD311;FILTR OLEJU
DB4214MR;B BEN HAMULCOWY
F026402262;FILTR PALIWA
HAB70587;P£YN DO SZCZELNOåCI CYLINDRA/G£OWICY
MOT108862;OLEJ SILNIKOWY MOTUL 0W20 5L
RC0144;KOREK ZBIORNICZKA WYR”WNAWCZEGO
YT0845;ZESTAW DO DEMONTAZU SZYB
CAS277;OLEJ PRZEK£ADNIOWY TRANSMAX DUAL 4L
DVA43017M8;N”ØKA WIBROIZOLACYJNA FI 30X17 M8
1870169;OBUDOWA FILTRA PALIWA
PP845/2;FILTR PALIWA OGRZEWANIA
30X15 M8;PODUSZKA ZAW.UK£.WYD.30X15 M8X2
GDB1682;KLOCKI HAMULCOWE
PODSTAWA ZAWORU;PODSTAWA ZAWORU FI 100 OTW”R 12MM
K1419A;FILTR KABINY
JAT6943;DZIURKARKO-ODSADZARKA PNEUMATYCZNA JONNESWAY
946NP04;MIECH ZAWIESZENIA
PODK£ADKA;PODK£ADKA
PODK£ADKA R”ØNA.;PODK£ADKA R”ØNA.
REGENERACJA SILOWNIKA;REGENERACJA SI£OWNIKA OTWIERANIA DRZWI WABCO
4233000014;REGULACJA WENTYLATORA NADMUCHU PRZEDNIEGO
3000951698;ZESTAW SPRZ G£A
700020240;ZAW”R EGR
BHS185;ZACISK HAMULCA
YT3736;WZORNIK PROFILI
K046313K50;CZUJNIK CIåNIENIA POWIETRZA ACTROS 5V
2702000895;£OM DO GWOèDZI
2473701605;FILTR OLEJU SKRZYNI BIEG”W
2473701705;FILTR OLEJU SKRZYNI BIEG”W
0005450481;GA£KA
011241;TULEJA CUKIEREK FI 73,5
18101292;ZAWIAS DRZWI L DOLNY
QB1131386X;ZESTAW NAPRAWCZY ZACISKU HAMULCOWEGO
344446;AMORTYZATOR TY£
32441;åRUBA KO£A
9813503180;W£•CZNIK åWIATE£ STOP
GS8729;SZCZ KI HAMULCOWE KPL
3000951560;SPRZ G£O KPL
176118;W£•CZNIK åWIATE£ STOP
007015;DRUT DO WYCINANIA SZYB
0986487720;SZCZ KI HAMULCOWE
K2DC10;ODRDZEWIACZ BREAK AWAY
M6X16;åRUBA M6X16 NA P£ASKI åRUBOKR T
875790;ZESTAW USZCZELEK WTRYSKIWACZA
0102000748;SEPARATOR PALIWA KPL. MERCEDES
2705001144;STOJAK WARSZTATOWY 6T
601009030401P;KLAMKA
601009030402P;KLAMKA
KR07005;SI£OWNIK SPRZ G£A VG3361
ASH10GAS20S;FILTR
77998600;PANEWKI WA£KA ROZRZ•DU
KTT095004;KOMPRESOR KLIMATYZACJI
R134A ZESTAW;ZESTAW PRZY£•CZY KLIMATYZACJI NISKIE I WYSOKIE CIåNIENIE R134A
000723180293;RAMI  WYCIERACZKI
10000122;MISKA OLEJOWA
246520;USZCZELKA POKRYWY ZAWOR”W
420020910;POPYCHACZE ZAWORU
428011110;WA£EK
DRM0217;USZCZELKA WTRYSKIWACZA
TED42620;PRZEGUB ELASTYCZNY WA£U
CCH561;åWIECA ZAP£ONOWA
0004064050;PRZYCISK OTWIERANIA DRZWI NA S£UPEK
E129KPD346;FILTR PALIWA DAF EURO6
480444;TULEJA STABILIZATORA CUKIEREK AXOR Q-88,5
OP570/1;FILTR OLEJU
6ZL003259491;CZUJNIK CIåNIENIA OLEJU
3565010180;USZCZELKA INTERCOOLERA V8
4421800620;PRZEW”D SMAROWANIA TURBOSPR ØARKI MERCEDES V8
5506000554953Q;ZDERZAK
YT73201;PIROMETR
4933459638;PISTOLET DO KLEJU AKUMULATOROWY MILWAUKEE C18PCG/600-0B
4932430062;AKUMULATOR MILWAUKEE M18B2
4932430483;AKUMULATOR MILWAUKEE 4932430483
4933478701;SZLIFIERKA K•TOWA AKUMULATOROWA MILWAUKEE M18FSAG125X-0
M18CBLPD-0X;WIERTARKO WKR TARKA MILWAUKEE AKUMULATOROWA
4932352959;£ADOWARKA DO AKU MILWAUKEE M12-18C
411951;PIERåCIE— USZCZELNIAJ•CY
CZH1311;ZACISK HAMULCOWY
WP/S3264;PRZEW”D HAMULCOWY
WP/S3263;PRZEW”D HAMULCOWY
LS77831;STRZEMI  RESORU
189688;POMPA OLEJU MECHANICZNEJ SKRZYNI BIEG”W
235/85R16;OPONA
6033AD5256;ELEKTROMAGNES ROZRUSZNIKA SOLARIS
AD160005;OSUSZACZ KLIMATYZACJI
HQ-THD0801;ZESTAW DO MONITORINGU 8 KANA£OWY
WAZ1/2 20M;PRZEW”D PNEUMATYCZNY WARSZTATOWY 20M
SN1288;M£OTEK IG£OWY PNEUMATYCZNY
5402020865110P;LAMPA OBRYSOWA SPRINTER
6285012307;KRUCIEC ODPOWIETRZAJ•CY CH£ODNIC  SETRA
0008260462;OPRAWA ØAR”WKI 3 PIN
29757;FILTR POWIETRZA
722006310;£OØYSKO SKRZYNI
160/60R15;OPONA
EPBL06;LAMPA OSTRZEGAWCZA LED
VKBA3660;PIASTA KO£A Z £OØYSKIEM
4721726060;ELEKTROZAW”R 24V ZWYK£Y NA BAJONET
81255036648;PRZYCISK OTWIERANIA DRZWI
27600U;PI”RO WYCIERACZKI
208171;PIASTA KO£A
LPR4249;CYLINDEREK HAMULCOWY
275225;OPONA 275225
DET275;D TKA 165X13
PLEC35-PLA;WTYCZKA PRZEWODU
0103002789;FILTR POWIETRZA AXOR
N91055001;ZAåLEPKA
ZESTAW ORING”W RETARDERA;ZESTAW ORING”W RETARDERA
81464306085;TAåMA KIEROWNICY MAN 2020
81521309312;ZAW”R G£. HAMULCA MAN 2020
1502040286;ZAWIAS DRZWI
6288103716;LUSTERKO PRAWE MERCEDES CONECTO
218219;P”£Oå NAP DOWA
1457431707;FILTR PALIWA MERCEDES
F026407026;FILTR OLEJU MERCEDES
211050-LS;RESOR TRANSIT
6504049523312Y;B£OTNIK PRZ”D
90508801;ZAåLEPKA
OPONA 295/80-22,5 JINYU;OPONA 295/80-22,5 JINYU
8100 0W30 1L;OLEJ MOTUL 8100 ECO-CLEAN 0W30 1L
ROM16022;SPINKA TAPICERSKA OKR•G£A WCISKANA
82089000;N”Ø DO WYCINANIA SZYB
9908351801;FILTR KLIMATYZACJI KONVECTA CITARO D£UGI
6286731916;SZYBA BOCZNA OSTATNIA LEWA CONECTO
ULTOR 20W50 5L;OLEJ 20W50 5L
6802;£OØYSKO 6802
21330;SPR ØYNA GAZOWA
12011525B;USZCZELNIACZ MOSTU
1457429619;FILTR OLEJU
4295052;SPR ØYNA ZAWIESZENIA
1506010151;PRZEW”D KABINY
MUS50;GNIAZDO USB
DELVAC 15W40 20L;OLEJ MOBIL DELVAC 20L 15W40
94607745;UCHWYT PLAST. DO WYS. FOTELA
473847;G•BKA SIEDZISKA FOTELA ISRI
PURHA0092;FILTR POWIETRZA
SOEC35PLA;GNIAZDO ELEKTRYCZNE 2 PINY 35MM
0120301904;WIENIEC KO£A ZAMACHOWEGO SOLARIS
15000931013;OBUDOWA SKRZYNI BIEG”W VOITH
81255200190;CZUJNIK CIåNIENIA POWIETRZA MAN
81962100571;PODUSZKA SILNIKA MAN 2020
9069006403;MODU£ SPRINTER
FDB1021;KLOCKI HAMULCOWE
NIA024;INTERCOOLER SOLSRIS GREYSON
L343CR;GUMA W SPRAYU COLOR FLEX 400ML
42427;£ADOWARKA SAMOCHODOWA
4409301;SWORZE— WAHACZA
81749670072;DèWIGNIA NAP DU DRZWI MAN
12V 10W POM;ØAR”WKA 12V 10W POMARA—CZOWA
TVREJADVR8CH2MP;REJESTRATOR 8 KANA£OWY HIKVISION 5W1
SO-EC35-PLA;WTYCZKA PRZEWODU
AUG54480;£OØYSKO ZWROTNICY
FAE40998;W£ACZNIK åWIATE£ COFANIA
11033942;CH£ODNICA SILNIKA SETRA 415
49816;åMIG£O WENTYLATORA SETRA 415
6502072558990P;ATRAPA
CO19027839B;USZCZELNIACZ P”£OSI
ROM16021;SPINKA TAPICERSKA 25SZT
40506;PODPORA WARSZTATOWA 18T
CV401;POKROWIEC NA KIEROWNIC  49-51CM
EG87HD153;FILTR SKRZYNI BIEG”W
PIASKARKA KABINOWA PK1500EZ;PIASKARKA KABINOWA PK1500EZ
ELEKTROKORUND ZWYKLY F054 25KG;ELEKTROKORUND ZWYK£Y F054 25KG
GARNET 80 MESH 25KG;GARNET 80 MESH 25KG
3000990014;SPRZ GLO KPL
38343;OS£ONA PRZEGUBU
JTS364;£•CZNIK STABILIZATORA
YT34680;BRZESZCZOT
YT34681;BRZESZCZOT
YT34682;BRZESZCZOT
YT34683;BRZESZCZOT
YT34686;BRZESZCZOT
15910;LAMPA KIRUNKOWSKAZU
WP5100131;KO—C”WKA PRZEWODU HAMULCOWEGO M14X1,5
490827;TULEJA DR•ØKA REAKCYJNEGO ACTROS FI75
8701250;SZCZYPCE REGULOWANE KNIPEX-COBRA FORCH
4099V0415;ZESTAW SZCZYPIEC 4EL FORCH
27X42X6;USZCZELNIACZ
13X775;PASEK KLINOWY
RMPSK204;ZESTAW NAPRAWCZY KOMPRESORA
2701002693;SMAROWNICA R CZNA
0XVAV3.22.1;ZAW”R DO K”£ BEZD TKOWYCH V3.22.1
YT34685;BRZESZCZOT
0005052055;OBUDOWA WENTYLATORA
5356216;N”Ø DO WYCINANIA SZYB
YT34691;BRZESZCZOT ZESTAW
2701001508;åCI•GACZ DO £OØYSK
9700512260;SI£OWNIK SPRZ G£A
1303010306;LAMPA KIERUNKOWSKAZU BOCZNA MERCEDES UNIWERSALNA
D8049;OS£ONA PRZEGUBU
LAPTOP;LAPTOP LENOVO X220I I3-2350M
0008603547;DYSZA SPRYSKIWACZA ACTROS
AR200/1;FILTR POWIETRZA
ACAG80192;BARY£KA MIEDZIANA FI8
C20050;PRZED£ØUKA Z KULKA
D53549;SZCZYPCE SEGERA 330MM PROSTE
YT1249;PRZED£UZKA UCHYLNA 76MM
YT1994;SZCZYPCE SEGERA 325 PROSTE
YT78143;BIT TORX T20 10SZT
530019731;ZESTAW ROZRZ•DU
S10LDD024;CEWKA 24VDC 20W FI16 H=54MM
5801754015;CZUJNIK NOX
112770102;OBUDOWA LUSTERKA SOLARIS D£UGA
112770202;OBUDOWA LUSTERKA SOLARIS KR”TKA
H53133214;ZAW”R ODPOWIETRZAJ•CY RETARDERA SETRA/MERCEDES VOITH
59371;TARCZA DO MASZYNKI PNEUMATYCZNEJ FORCH
YT78142;BIT TORX T15
TKANINA ORTALION;TKANINA ORTALION
4500251;KLUCZ DO NAKR TEK PIASTY
170617;SEPARATOR OLEJU
26259;POMPKA SPRYSKIWACZY
RA7153;SPR ØYNA ZAWIESZENIA
YT82206;SZLIFIERKA ORBITALNA
Z347;åWIECA ISKROWA
IP000051;AUTOMAT SSANIA
IP000044;CEWKA ZAP£ONOWA
IP000414;AMORTYZATOR
143100;KO—C”WKA DO POMPOWANIA K”£
6505069523011P;REPERATURKA PROGU
6505069523012P;REPERATURKA PROGU
2626540;USZCZELKA TURBOSPR ØARKI
94980000023101;CZ å∆ ZAMIENNA NR54
81274210287;CZUJNIK P£YNU CH£ODNICY MAN 2020
83734212025;NADKOLE LEWE MAN 2020
36735012542;KLAPA OS£ONA BOCZNA MAN 2020
51372;ZESTAW NAPRAWCZY TULEI SZCZ K
HU9003Z;FILTR OLEJU MERCEDES
YT14471;ZESTAW NARZ DZIOWY 1/4 38CZ
16166310006;POMPA WSPOMAGANIA
01356;POMPA WODY
IP000481;AUTOMAT SSANIA
9701500080;SI£OWNIK SPRZ G£A MERCEDES ACTROS MP3
IP000499;PASEK KLINOWY
624331300;SPRZ G£O KPL
MGS01074B;ZESTAW DO NAPRAWY GWINT”W M10X1,25
VAN20013MB;RURA ELASTYCZNA WYDECHU CONECTO
1009550006;POMPKA SPRYSKIWACZA
OP574/1;FILTR OLEJU
16166310002;POMPA WSPOMAGANIA
11999;KO—COWKA DR•ØKA
3397118979;PI”RA WYCIERACZEK KPL
529052120;ZESTAW PASKA WIELOROWKOWEGO
530050330;ZESTAW PASKA ROZRZ•DU
2270018;USZCZELKA POKRYWY ROZRZ•DU
231003001;LAMPA PRZECIWMGIELNA TY£
2BA344169027;LAMPA KIERUNKOWSKAZU TY£
PNAT070;ZBIORNIK POWIETRZA
CZH1985;ZACISK HAMULCA
CZH1986;ZACISK HAMULCA
530035510;FILTR P£YNU
BKR5ES;åWIECA ISKROWA
CC21822;PODNOåNIK TRAPEZOWY 1T
CC61708;PODNOåNIK TRAPEZOWY 1,5T
14504;KRUCIEC P£YNU CH£ODNICZEGO
RCKA1204;ZESTAW PRZEWOD”W ZAP£ONOWYCH
GDB3585;KLOCKI HAMULCOWE
MOT111801;OLEJ SILNIKOWY MOTUL POWER 5W30 5L
DF6627;TARCZA HAMULCOWA
24633;POMPKA SPRYSKIWACZY
GS8759;SZCZ KI HAMULCOWE KPL
20450LM;DODATEK DO P£UKANIA UK£ADU PALIWOWEGO / WTRYSKIWACZY
AD3302191;LINKA HAMULCA R CZNEGO
1050892QB;ZESTAW MONTAØOWY SZCZ K
3397004763;PI”RO WYCIERACZKI
AP154/1;FILTR POWIETRZA
4336;GUMA SIERØANTA
104620;TULEJA RESORA
GDB4130;KLOCKI HAMULCOWE
170544;PODUSZKA SILNIKA
J41048CYMT;TULEJA BELKI
15000334924;CZUJNIK SKRZYNI SOLARIS
64078717;CZUJNIK SKRZYNI BIEG”W SOLARIS
171015;WAHACZ DOLNY O404/O350
AP124/2;FILTR POWIETRZA
LTD383;T£OCZEK ZACISKU
102208;OLEJ MOTUL 5W30 8100 1L
OE666/5;FILTR OLEJU
PP857/10;FILTR PALIWA
2601116;MIARKA POZIOMU OLEJU TRANSIT 14
1008900009;W£•CZNIK åWIATE£
182338;ZACISK HAMULCOWY
ME8520C;OBEJMA WYDECHU
0008200174;LAMPA TY£ SETRA 415 MA£A
4933498063;PI£A SZABLASTA AKUMULATOROWA M18FSZ-0
48005502;BRZESZCZOT 230MM 5SZT
4932493235;R KAWICE NITRYLOWE MILWAUKEE
4933479869;WIERTARKA UDAROWA M12FPD2-402X
S22H41275;"POKR T£O PRZEGUBOWE JOHNNSWAY 1/2"" 375MM"
2120319;SPR ØYNA
HIACEH530;ZESTAW ODAWØNIK”W DO K”£
E1083;FILTR PALIWA
E640KP;FILTR PALIWA
EWSFR026;PRZE£•CZNIK SZYB TRANSIT
OE682/5;FILTR OLEJU
01741905;LAMPA PODåWIETLENIA REJESTRACJI
17X2240;PASEK KLINOWY
32146520001;£OØYSKO PIASTY
928474-48/00E;ZAW”R FOTELA
27601;SPR ØYNA SPRZ G£A
5W30 5L CASTROL SPECIFIC;OLEJ 5W30 5L CASTROL SPECIFIC
727004;CZUJNIK
727035;CZUJNIK
727051;CZUJNIK
BOS256073;USZCZELKA WYDECHU
0382HS;USZCZELKA TURBOSPR ØARKI
AJU01066200;USZCZELKA TURBOSPR ØARKI
1581203500;AMORTYZATOR KLAPY
6PN358186011;CZUJNIK NOX SCANIA
349021;AMORTYZATOR
935310;OS£ONA AMORTYZATORA
RA5990;SPR ØYNA ZAWIESZENIA
RH6786;SPR ØYNA ZAWIESZENIA
0090965399;TURBOSPR ØARKA OM457LA
0010031;åRODEK DO KONSERWACJI SZARY
2290601053;SPRZ G£O KPL
DF4275S;TARCZA HAMULCOWA
34884;WAHACZ
52SKV125;AMORTYZATOR ATRAPY
RAD659;CH£ODNICA
172041;USZCZELKA POKRYWY ZAWOR”W
0986435526;WTRYSKIWACZ PALIWA MAN D2066
MERFB017R;ZDERZAK PRZ”D
JBJ751;SWORZE— WAHACZA
JBJ752;SWORZE— WAHACZA
AKUMULATOR 12V 100AH/750A;AKUMULATOR 12V 100AH/750A
0035456007;W£•CZNIK KLIMATYZACJI
ENT120028;KO—C”WKA PRZEWODU PALIWOWEGO 12MM Q8
GAT053441;KOLANKO GUMOWE 90STOPNI 60/65
ENT120030;KO—C”WKA PRZEWODU PALIWOWEGO 12MM Q10
ENT120029;KO—C”WKA PRZEWODU PALIWOWEGO 12MM PROSTE Q8
0004461830;STEROWNIK KWS UØYWANY
03505;USZCZELKA TERMOSTATU
354920;USZCZELKA WYDECHU
285/70R17;OPONA
117715;AMORTYZATOR ATRAPY
53837;CH£ODNICA
H97W13;FILTR OLEJU
1904003;OS£ONA PRZEGUBU
225/60R16;OPONA
D4458;ZESTAW NAPRAWCZY ZACISKU
AKUMULATOR;AKUMULATOR DO BOOSTERA 12V
75W90 20L ENEOS;OLEJ 75W90 20L ENEOS
1987237076;REGULATOR NAPI CIA
164500;USZCZELKA SKRZYNI BIEG”W 28X40X7
10W40 ELF 5L;ELF EVOLUTION DIESEL 10W40 5L
YT3808;"NASADKA 13MM 3/8"""
YT3847;"PRZED£UØKA UCHYLNA 3/8"" 76MM"
BOS256116;USZCZELKA UK£ADU WYDECHOWEGO
81981806073;Z£•CZE PRZEWODU WODNEGO MAN 2020
0000944555;KLAMRA FILTRA POWIETRZA
BOS256026;USZCZELKA UK£ADU WYDECHOWEGO
TC76;SWORZE— WAHACZA
TC75;SWORZE— WAHACZA
H60005BTA;SZPILKA KO£A
Q38/50MM 100D£;£•CZNIK SILIKONOWY Q38/50MM 100D£
MMTA040402492;DYWANIKI GUMOWE
BAEB2460;"NASADKA 3/4"" 12 K•TNA"
6PK1420;PASEK WIELOROWKOWY
0025450209;W£•CZNIK åWIATE£ COFANIA INTEGRO
H60025BTA;NAKR TKA KO£A
4470;ZESTAW SYNCHRONIZACJI 3/4
KR60033R3+;ZESTAW NAPRAWCZY ZACISKU TULEJE PROWADNICY
313504;AMORTYZATOR
8TW006849241;POMPKA SPRYSKIWACZY
DAN1119;ALTERNATOR
37489;PRZE£•CZNIK SZYB
325204;åRUBA PODPORY P”£OSI
PR1501314;SILNIK CENTRALNEGO ZAMKA
205319MA1;SILNICZEK REFLEKTORA
AP090/1;FILTR POWIETRZA
37178;WAHACZ
VOTC8229P;WAHACZ
2701001063;"NASADKA 1"" 36MMX65MM"
2701001485;"REDUKCJA 1"" NA 3/4"""
4932430323;AKUMULATOR MILWAUKEE M14B4
4933480791;GRZECHOTKA 3/8 ZWI KSZONY ZASI G I PR DKOå∆
4932451388;AKUMULATOR MILWAUKEE M12B3
2701001074;"NASADKA 1"" 55MMX90MM"
4932451079;£ADOWARKA DO AKUMULATOR”W MILWAUKEE
4933464956;PODKASZARKA MILWAUKEE
81749630002;RAMI  DRZWI
36061026005;ZBIORNIK WYR”WNAWCZY CH£ODNICY MAN 2020
36749636020;RAMI  MOCOWANIA DRZWI MAN
707152260;POMPA WODY
107290;CZUJNIK ABS
44986;KRUCIEC WODNY
JTS1884;£•CZNIK STABILIZATORA
WA345790D;TERMOSTAT
YT04685;ADAPTERY NASADEK
YT0505;KLUCZE IMBUSOWE KPL
D42499LK;REPERATURKA ZACISKU
YT6151;ZETSAW PILNIK”W IGLAK”W DIAMET
YT61727;FREZ TRZPIENIOWY OWALNY
YT61729;FREZY TRZPIENIOWE 6SZT
YT6239;ZESTAW PILNIK”W DO METALU 5SZT
AS4429;CZUJNIK ABS
182162;WAHACZ
182164;WAHACZ
5504009524934P;MOCOWANIE ZDERZAKA
5504009524936P;MOCOWANIE ZDERZAKA
V0TC8229P;WAHACZ
5PK1110;PASEK WIELOROWKOWY
9094202049;SZPILKA KO£A
018F7397;ELEKTROZAW”R OGRZEWANIA DANFOS NIEBIESKI
030607010427;SILENTBLOCK BELKI
834971;åRUBA WYDECHU
943/11;ZAWIAS DRZWI
463356;ZAWIAS DRZWI
0035405917;CZUJNIK POZIOMU PALIWA SETRA 415 NF
4571802422;PRZEW”D OLEJOWY TURBOSPR ØARKI SETRA
537700;BROK G£OWICY
V301613;PRZEW”D ODMY SILNIKA
V301614;PRZEW”D ODMY SILNIKA
V301615;PRZEW”D ODPOWITRZAJ•CY SKRZYNI  KORBOW•
GATEMH528;PRZEW”D ODMY SILNIKA
6504049540312Q;B£OTNIK PRZ”D
1503170115;LAMPA COFANIA SOLARIS
1987482803;PRZEW”D ELASTYCZNY M18 1000MM
6PR013680021;CZUJNIK POZIOMU OLEJU
DF6363;TARCZA HAMULCOWA
GDB1844;KLOCKI HAMULCOWE
542698;DYWANIK GUMOWY TY£
102401043022;ZBIORNIK SPRYSKIWACZY
2190199;RAMI  WYCIERACZKI KPL
0W20 VW 5L;OLEJ SILNIKOWY 0W20 VW 5L
09657;KLUCZ P£ASKO-OCZKOWY 13
5170707;KLUCZ P£ASKI 12/13
G2G064PC;P”£Oå
0986594654;CZUJNIK ABS TY£ PRAWY SPRINTER
VKBA3475;£OØYSKO PIASTY TY£ SPRINTER KPL
1439392;USZCZELKA TURBOSPR ØARKI
068730;USZCZELKA TURBOSPR ØARKI
PNAT122;ZBIORNIK POWIETRZA
PNAT132;ZBIORNIK POWIETRZA
6PU009168911;CZUJNIK PO£OØENIA WA£U MERCEDES OM457
24V/12V;PRZETWORNICA 24V/12V DC-200 PRO
303110085;SI£OWNIK LEWARKA SKRZYNI BIEG”W
6V 5W;ØAR”WKA 6V 5W C5W RURKA
16394;KLOCKI HAMULCOWE
C4W005ABE;TARCZA HAMULCOWA
C2W013ABE;KLOCKI HAMULCOWE
9700511587;SI£OWNIK SPRZ G£A SETRA
6PR013680101;CZUJNIK POZIOMU OLEJU
205/55R16 NOKIAN;OPONA
001011;LAKIER CZARNY MAT SPRAY
115556755;MOCOWANIE ZDERZAKA
840101210;KO—C”WKA DR•ØKA KIEROWNICZEGO
AM97003;G•BKA DO MYCIA
GBS2152;CZUJNIK ABS
GDB1307DTE;KLOCKI HAMULCOWE
JAR924;DR•ØEK KIEROWNICZY
173110;WAHACZ TRANSIT
173109;WAHACZ TRANSIT
SPJWT665;ZBIORNIK SPRYSKIWACZA
1EL247014021;REFLEKTOR PRZ”D
JBE383;OS£ONA PRZEK£ADNI KIEROWNICZEJ
LH6847;PRZEW”D HAMULCOWY
C1F006ABE;KLOCKI HAMULCOWE
C2F007ABE;KLOCKI HAMULCOWE
LIN110111;LINKA HAMULCA R CZNEGO
12V6,4;AKUMULATOR
061AR0300450;SZCZYPCE RC-450 DO LIN STALOWYCH FI12
JTE1044;KO—C”WKA KIEROWNICZA
ASM09111;RURA WYDECHOWA
530008930;ZESTAW ROZRZ•DU
713610780;£OØYSKO KO£A
AM19633;åCIERECZKI
26584;PODUSZKA SILNIKA
K20TT;åWIECA ISKROWA
2BM004312061;LAMPA KIERUNKOWSKAZU
2006000012;ZAWLECZKA Fi 4x50 Ocynk
2211000089;SYGNA£ PNEUMATYCZNY 24V
1507080266;STOPIE— KABINY
1507010361;ZDERZAK PRZ”D
TYP1625;SZYBKOZ£•CZE WARSZTATOWE CZARNE OGUMOWANE
TYP1600;SZYBKOZ£•CZE WARSZTATOWE Z ZABEZP.
109701755;£OØYSKO KO£A
1100255001;SPR ØARKA POWIETRZA
110250;G£OWICA SPR ØARKI
251908450000;POMPKA PALIWA OGRZEWANIA POSTOJOWEGO
GATEMH534;PRZEW”D ODPOWITRZAJ•CY SKRZYNI 
GATEMH538;PRZEW”D ODPOWIETRZAJ•CY SKRZYNI 
V301612;PRZEW”D ODMY SILNIKA
102362;PRZEW”D ODPOWIETRZAJ•CY SKRZYNI 
STZSK750C;ZACZEP HOLOWNICZY
44985;PRZEW”D CH£ODNICY
00215766;TULEJA WAHACZA
HUC0132086;STEROWNIK åWIEC ØAROWYCH TRANSIT
709269350;CH£ODNICA OLEJU
443955465;USZCZELKA POMPKI SPRYSKIWACZA
26274;POMPKA SPRYSKIWACZA
107519755;ZBIORNIK WYR”WNAWCZY
35X57X9;USZCZELNIACZ
334634;AMORTYZATOR
334635;AMORTYZATOR
48005026;BRZESZCZOT DO DREWNA MILWAUKEE 5SZT
49222205;BRZESZCZOTY DO PI£Y MILWAUKEE ZESTAW
910069;OS£ONA AMORTYZATORA
27996;£OØYSKO AMORTYZATORA
RH2657;SPR ØYNA ZAWIESZENIA
104823;ZBIORNIK WYR”WNAWCZY
YT22930;SZCZYPCE DO åCI•GANIA IZOLACJI
YT2297;SZCZYPCE DO ZACISKANIA KONEKTOR”W
YT2300;SZCZYPCE DO ZACISKANIA KONEKTOR”W
0054665401;POMPA WSPOMAGANIA
304661585;LINKA HAMULCOWA
AP119/5;FILTR POWIETRZA
C70404;ØAåLEPKA GUMOWA FI 25
E71HD141;FILTR OLEJU
6PK1548;PASEK WIELOROWKOWY
MMTA042TM403475;WYK£ADZINA BAGAØNIKA
1T0831411C;ZAWIAS DRZWI
100X250X250;KOLANKO SILIKONOWE FI100 X250X250 90STOPNI
58400043600;CZUJNIK TEMPERATURY
55590467;åWIECA
AMIO03116;RAKLA
9438200097;PRZE£•CZNIK SZYB LEWY
IMP35510;NAK£ADKA NA PEDA£
X30HEADX1;LATARKA CZO£OWA PHILIPS
51254136418;WI•ZKA ELEKTRYCZNA SILNIKA MAN WTRYSK”W
10X920;PASEK KLINOWY
3397007120;PI”RA WYCIERACZEK
2368025;DRZWI TYLNE LEWE
2404367;ZDERZAK PRZ”D
2378172;ZDERZAK PRZEDNI G”RNA CZ å∆
2639602;REFLEKTOR PRZEDNI PRAWY
2242243;B£OTNIK PRZEDNI PRAWY
2485550;MASKA
AUTC6997;WAHACZ PRZ”D
3397007620;PI”RA WYCIERACZEK
28X47X8;USZCZELNIACZ SKRZYNI BIEG”W
32X56X11;USZCZELNIACZ SKRZYNI BIEG”W
HIPOL 15F 5L;HIPOL 85W90 15F 5L
6Q0831401C;ZAWIAS
160940;DR•ØEK KIEROWNICZY
0986080420;ALTERNATOR
1502020126;KLAMKA DRZWI MERCEDES
1801000246;B£OTNIK PE£NY TY£ Z MOCOWANIAMI
1204060139;CZUJNIK POZIOMU PALIWA
3397118991;PI”RA WYCIERACZEK
531014810;KO£O NAPINACZA
534025510;NAPINACZ PASKA
593519;KO£O PASOWE
BX0986080420;KAUCJA ZA ALTERNATOR
1502030064;KORBKA SZYBY
22099000038;K£”DKA TRZPIENIOWA
0008201908;SI£OWNIK CENTRALNEGO
1501030390;POKRYWA LUSTRA
534002410;ZAW”R
6PK1920;PASEK WIELOROWKOWY
37182;WAHACZ
NPWFR074;P”£Oå
OE684;FILTR OLEJU
5563805;USZCZELNIACZ P”£OSI
77600;K£”DKA
AM476/2;FILTR POWIETRZA
205/55R16 DEBICA;205/55R16 OPONA D BICA
320822AL;NIT OK£ADZINY ALUMINIOWY 8X22
5504009524935P;åLIZG ZDERZAKA L
185/60R15 DEBICA;OPONA
YT06882;ZESTAW PIERåCIENI SEGERA ZEW.
0XVATR413;ZAW”R KO£A TR413
6PK1335;PASEK WIELOROWKOWY
BUS4696;OS£ONA LUSTERKA 0000-059-220
MERSP013L;STOPIE— KABINY
1987435546;FILTR KABINY
910059;OS£ONA AMORTYZATORA
NE00799;ZESTAW SEGER”W ZEWN.
217120002215;CZUJNIK TACHO VDO
P553771;FILTR OLEJU
021107113020;SI£OWNIK H-CA 16 ALU. TY£
0009050603;CZUJNIK CIåNIENIA
2710101266;RURKA MIARKI OLEJU
215/55R16;OPONA ZIMOWA 97H
DEF008TT;OPORNIK DMUCHAWY
2701001955;ZESTAW KLUCZY
0451105067;FILTR OLEJU
1507060976;OBUDOWA STOPNIA KABINY
2701003090;ZESTAW KLUCZY
243600;USZCZELKA KORKA OLEJU
3749101;TULEJA WAHACZA
ØAR”WKA 6V H3 55W;ØAR”WKA 6V H3 55W
AP103/6;FILTR POWIETRZA
K1298A;FILTR KABINY
MS0861;£•CZNIK STABILIZATORA
TX1387D;TERMOSTAT
1001210049;KOREK ZBIORNIKA WYR”WNAWCZEGO
MERSP014L;STOPIE— KABINY
YT37490;ROLKI DO TRANSPORTU
530044930;ROZRZ•D KPL
6PK1217;PASEK WIELOROWKOWY
EWSHY001;PRZE£•CZNIK STEROWANIA SZYB
HST0537;CIåNIENIOMIERZ DO OPON
JTS483;£•CZNIK STABILIZATORA
PAP1020P10;TULEJA åLIZGOWA 10MM/12MM
QB1140405;ZESTAW NAPRAWCZY ZACISKU
310402E000;RURA WLEWU PALIWA
TV16TT;åWIECA ZAP£ONOWA
17704;KO—C”WKA DR•ØKA
1986AE0128;REGULATOR NAPI CIA
82610;CIåNIENIOMIERZ DO K”£
LB088W;ØAR”WKA 12V 21W LED
P3786;KOMPRESOR ZAWIESZENIA PNEUMATYCZNEGO
80W90 1L;OLEJ MOTUL 80W90 1L
MPS400;OPONA 225/75R16C
TECH291-1UL;KO£EK UNIWERSALNY 10MM
TECH252-1;KO£EK UNIWERSALNY 13MM
LIN090172;LINKA HAMULCA R CZNEGO
6PK1045;PASEK WIELOROWKOWY
SIRIOT327;ANTENA
GWS14125;SZLIFIERKA K•TOWA BOSH GWS9-125S
24136;DR•ØEK KIEROWNICZY
9406601101;OBUDOWA STOPNIA KABINY
0120390226;NAKR TKA SEPARATORA PALIWA SOLARIS
PH238;POMPA HAMULCOWA
5504009524933P;MOCOWANIE ZDERZAKA
LZBME000;LEWAREK ZMIANY BIEG”W
9012630073;ZABEZPIECZENIE LINKI ZMIANY BIEG”W
JTE1009;KO—C”WKA DR•ØKA
JTE1010;KO—C”WKA DR•ØKA
1986AE0140;REGULATOR NAPI CIA
1510000200;ZAW”R FOTELA
1204990194;CZUJNIK SPRZ G£A W SI£OWNIK
D6B012TT;NAGRZEWNICA
LIN274406;LINKI ZMIANY BIEG”W
SS11173;CZUJNIK PO£OØENIA WA£U KORBOWEGO
3397007187;PI”RA WYCIERACZEK
3397118908;PI”RA WYCIERACZEK
6115400066;RAMKA PRZE£•CZNIKA
36543;TULEJA STABILIZATORA
101177;TULEJA STABILIZATORA
6338360098;LISTWA £•CZENIOWA WENTYLACJI SETRA 415
JDDA1612;KLUCZ DO FILTRA
37183;WAHACZ
6004002518242P;ZAWIAS TY£ P
NGK6317;PRZEWODY ZAP£ONOWE
MGMN300AX4025;P£YTKA NOØA TOKARSKIEGO
CCMT09T304-MMPHH920;P£YTKA NOØA TOKARSKIEGO
CCMT09T304SH;P£YTKA NOØA TOKARSKIEGO
WCMX040208BZKOP1315;P£YTKA NOØA TOKARSKIEGO MA£A
CCMT09T304EMYBG205;P£YTKA NOØA TOKARSKIEGO
DCMT11T304HQM1030;P£YTKA NOØA TOKARSKIEGO
51261019353;ALTERNATOR 120A MAN 2020
T201N;P£YN DO CH£ODNIC G11 1L
C25860/8;FILTR POWIETRZA SOLARIS EURO 6
0000399862;FILTR PALIWA SEPARATORSOLARIS EURO6
1102751152;OSUSZACZ WK£AD SOLARIS EURO6
9408200097;PANEL NAWIEWU
VLTPMS04;ZAW”R KO£A DO CZUJNIKA FORD
235/55R19;OPONA
WCMT06T304-SHSH4025;P£YTKA NOØA TOKARSKIEGO
70AH630A;AKUMULATOR 70AH630A
313011313009;POMPA PALIWA
PRALUFE1B;CI ØAREK NAKLEJANY CZARNY 50SZT
81482200164;P£YTA NOåNA PEDA£U
JTC1000;WAHACZ
JTC1001;WAHACZ
Konwerter BNC;Konwerter BNC na skrÍtkÍ do monitoringu kamer TVI CV
Wtyk zasilania prosty;Wtyk zasilania prosty do monitoringu DC 5.5mm NX do kam
205/55R16 HP2;OPONA D BICA HP2
155740;ZESTAW USZCZELNIACZY TRZONKA ZAWORU
AJU11105200;USZCZELKA POKRYWY ZAWOR”W
49472877;USZCZELNIACZ TRZONKA ZAWORU
AD330291;LINKA R CZNEGO
0085453807;W£•CZNIK åWIATE£ WEWN TRZNYCH
51958007534;NAPINACZ PASKA MAN 2020
51059020072;USZCZELKA CH£ODNICY OLEJU MAN 2020
51059010173;USZCZELKA MODU£U OLEJU MAN 2020
713610830;£OØYSKO KO£A
ECXVW007;CZUJNIK POZIOMOWANIA åWIATE£
F026402809;WK£AD FILTRA PALIWA
27413;NAKR TKA KO£A
YT06884;ZESTAW ZAWLECZEK TYPU E
P390;POMPA WODY
6004000283P;ZAWIAS DRZWI
E1580L;FILTR POWIETRZA VDL
H64078713;CZUJNIK IMPULSOWY SKRZYNI BIEG”W VOITH
113855301;ZESTAW USZCZELEK KOLEKTORA SS•CEGO
315478;AMORTYZATOR
508530;ZESTAW USZCZELEK POKRYWY ZAWOR”W
C42019ABE;TARCZA HAMULCOWA
315471;AMORTYZATOR
613437000;USZCZELKA G£OWICY
613437010;USZCZELKA G£OWICY
90655;CH£ODNICA OLEJU
12782508;DYSZA SPRYSKIWACZA LEWA
12782509;DYSZA SPRYSKIWACZA PRAWA
9812113780;TERMOSTAT
802536;ZESTAW MONTAØOWY AMORTYZATORA
TIP5628104;WKR TAK DO WENTYLI Z MAGNESEM
CAR115556;ROZRUSZNIK MAN
75W 1L;OLEJ PRZEK£ADNIOWY 75W 1L
PN10836;ZAW”R PROPORCJONALNY RETARDERA VOITH
9849443980;TERMOSTAT
10W40 TEXACO 20L;OLEJ 10W40 TEXACO DELO 400 RDS 20L
PRASA;PRASA DO SWORZNI 50TON PNEUMATYCZNO-HYDRAULICZNA
D2X015TT;TERMOSTAT
2223302301;WAHACZ DOLNY S KLASA
0004705393;ZAW”R PALIWA
0061538528;CZUJNIK TEMPERATURY SPALIN
0005440175;OS£ONA ØAR”WKI REFLEKTORA
315477;AMORTYZATOR
6504038109583P;REPERATURKA B£OTNIKA
1986A00991;ALTERNATOR SOLARIS N/TYP 2018
215/60R17;OPONA
KTT030028;CEWKA KOMPRESORA KLIMATYZACJI
6502079533990P;ATRAPA
133240;KRZYØAK WA£U 47,7X135,5
530011710;ROZRZ•D
10W40 RIMULA BECZKA;OLEJ 10W40 RIMULA BECZKA
E2P6651BTA;ROLKA NAPINACZA
APV1114;NAPINACZ
104529015;ORING CZUJNIKA TEMPERATURY
153864201;USZCZELKA POMPOWTRYSKIWACZA
383280;USZCZELKA POKRYWY ZAWOR”W
533003510;NAPINACZ PASKA
828963;ORING OBUDOWY CZUJNIK”W TEMPERATURY P£YNU
A14426K;KO£PAKI 14 KPL
CC42682;SZCZOTKA ZE SKROBACZKA
12408;ZABEZPIECZENIE WTYCZKI CZUJNIKA
038109293A;USZCZELKA PODCIåNIENIA ”SEMKA
VKMAF310001;ZESTAW PASKA PK
0683580;POMPA WODY DAF SOLARIS WPDF116
MMTA1120004HD;KO£PAK KO£A PRZ”D STALOWY SZARY
LIN030155;LINKA R CZNEGO
VAL087937;OPRAWA ØAR”WKI KIERUNKOWSKAZU
317645;AMORTYZATOR
BWC107;CYLINDEREK
JBJ113;SWORZE— WAHACZA
JBJ703;SWORZE— WAHACZA
JTE143;KO—C”WKA DR•ØKA KIEROWNICZEGO
BUS5462;£OØYSKO DANA
BUS5463;£OØYSKO DANA
FARBA;FARBA DO ZBIORNIK”W
48765;ORING £•CZNIKA TERMOSTATU SOLARIS
2450054;USZCZELKA POMPY WODY SOLARIS
DLLA150P943;KO—C”WKA WTRYSKU
300032;AMORTYZATOR
37197;WAHACZ
0433171628;KO—C”WKA WTRYSKIWACZA
EC-3X1,5/10;PRZEW”D ELEKTRYCZNY 1-ØY£OWY
YT6453;åCISK STOLARSKI 1200X120MM
VH348;ZESTAW USZCZELEK VOITH
T0704AEL;åRODEK ZMI KCZAJ•CY TECH DO OPON
35X12.50-15;OPONA
114117755;KLAMKA
102810;£•CZNIK STABILIZATORA
GDB1783;KLOCKI HAMULCOWE
GDB1784;KLOCKI HAMULCOWE
6PT009309271;CZUJNIK TEMPERATURY
6PT358058221;CZUJNIK TEMPERATURY
96SKV187;KLAMKA KPL
H152WK;FILTR PALIWA
WD962;FILTR HYDRAULICZNY
H230W;FILTR OLEJU
FS19821;FILTR PALIWA
STX200018R;ROZRUSZNIK
OA0308OEM;POMPA OLEJU Z OBUDOW•
559021430;ROZRZ•D KPL
004015;TAåMA DO MOCOWANIA SZYBY
329910;USZCZELKA POKRYWY ZAWOR”W
771076230;PRZEGUB
DRM0594;USZCZELKA POMPY VACUM
JTS1195;£•CZNIK STABILIZATORA
WEN520944;ZAW”R KO£A
0XAT1068;ZESTAW DO ROZRZ•DU
VEWS2598;CZUJNIK TEMPERATURY P£YNU
0060112;MATA WYG£USZAJ•CA G£ADKA
12V W21/5W;ØAR”WKA 12V
529036010;ZESTAW PASKA WIELOROWKOWEGO
713610950;£OØYSKO KO£A
29913;PODUSZKA SILNIKA
9330024;PIASTA
205/55R16 MAXSNOW;OPONA BIEØNIKOWANA
205/55R16 FRIGO;OPONA FRIGO
553501;POMPA WSPOMAGANIA
KRT704150;K•TOWNIK 500MM ALU
36751012243;SZYBA TYLNA MAN 2020 Z SZER.WYåW.
2209041007;SZYBA TYLNA SOLARIS 1480X1340MM
2701000287;ZESTAW NASADEK UDAROWYCH TORX
2702000210;POMPA R CZNA DO OLEJU
1407001289;SZYBKOZ£•CZE TEK FI6/M12 ZEW PROSTE
D7W001TT;CH£ODNICA
TC1473;£•CZNIK STABILIZATORA
27200;£•CZNIK STABILIZATORA
339269;AMORTYZATOR
SEN10018;WI•ZKA PRZEWOD”W åWIEC
98017600;CZUJNIKI ZUØYCIA KLOCK”W SETRA 315
463091;ZAW”R ZWROTNY
4PK1028;PASEK WIELOROWKOWY
713610380;£OØYSKO KO£A
18344;PIASTA
AM20A33;P£YN DO MYCIA SILNIK”W 5L
YT06872;ZESTAW PODK£ADEK MIEDZIANYCH
19906;PODUSZKA SILNIKA
108779;PODUSZKA SILNIKA
E602L;FILTR ODMY
31799;ZABEZPIECZENIE PRZEWODU
YT4714;ZESTAW PRZECINAK”W I WYBIJAK”W
0008604547;DYSZA SPRYSKIWACZA
DDG014TT;DMUCHAWA
WIC017;CZUJNIKI KLOCK”W
WA6200010;USZCZELKI + ZAWORY KOMPRESORA
FT93309;RAMI  WYCIERACZKI TY£
8200706114;ODMA
111641;ROZRUSZNIK
205/55R16 KORMORAN;OPONA
AMGK200429;SILENTBOCK WAHACZA
AMGK200257;SILENTBLOCK WAHACZA
0000225654;OS£ONA SILNIKA SOLARIS DAF E6
0000225655;OS£ONA POD SILNIK SKRZYNI  BIEG”W SOLARIS DAF E6
0004309859;OS£ONA POD SILNIK PIEC SOLARIS DAF E6
2004252020;ZAMEK OS£ONY SILNIKA SOLARIS DAF E6
EL7320060;PASEK KLINOWY 060 ELMAX
0261210147;CZUJNIK PR DKOåCI OBROTOWEJ
N000000008434;PRZEW”D DO POMPY NOX SETRA
28407;åRUBA MOCUJ•CA WTRYSKIWACZ
6505069514015P;REPERATURKA PROGU
6299750556;R•CZKA FOTELA PRAWA
N000000005706;NAKR TKA M20X1,5
0002420053;TULEJKA DYSTANSOWA
0002400165;PODK£ADKA PODUSZKI
1508000415;AMORTYZATOR ATRAPY
DSK105/2;KO—C”WKA WTRYSKU
1457434438;FILTR PALIWA
MOT112924;OLEJ SILNIKOWY MOTUL 5W30 6100 FE
OE636;FILTR OLEJU
0501325886;FILTR SKRZYNI BIEG”W
127610;USZCZELNIACZ
127760;USZCZELKA MISKI
392490;USZCZELKA POKRYWY ZAWOR”W
559005710;ZESTAW ROZRZ•DU
713349200;USZCZELKA OBUDOWY
809284;USZCZELKA POMPY WODY
Z74;åWIECA
0008102033;SZK£O LUSTERKA 433X188
0XAT1265;BLOKADA ROZRZ•DU
LV70086;KOREKTOR SI£Y HAMOWANIA
255/45R18;OPONA
QBTX10;KO—C”WKA PRZEWODU HAMULCOWEGO
WP5800126;TR”JNIK PRZEWODU HAMULCOWEGO M10X1
TVKAMHWTT120M;KAMERA DO MONITORINGU 2,0MP
NGK1675;åWIECA
NGK48042;CEWKA
601003025401P;KLAMKA DRZWI
705271850;SONDA LAMBDA
GCH672;LINKA HAMULCA
245/45R18 NEXEN;OPONA
19X37X6,5/9;USZCZELNIACZ
2KA005049008;LAMPA PODåWIETLENIA TABLICY REJESTRACYJNEJ 12/24V 5W
6336731006;SZYBA BOCZNA
6019970645;ORING
0069906040;ORING
0258027205;SONDA LAMBDA
MERMR004;SZK£O LUSTERKA 435X196MM
302015100213;PRZEGUB
302015100221;PRZEGUB
559009410;ZESTAW ROZRZ•DU
H221W;FILTR OLEJU
PLKR7A;åWIECA ISKROWA
ZSE140;CEWKA ZAP£ONOWA
960-V85W;ZSZYWARKA DO PLASTIKU
852D+;SPAWARKA DO PLASTIKU
28X42X10;USZCZELNIACZ
C60418;TR”JNIK 20/20/20
554015810;KO£O Z BATE
4626/001/60 10;ZAWLECZKA Z K”£KIEM FI 10
5111G/18;PRZECINAK
NISB8910;SILENTBLOCK WAHACZA
NISB10628;SILENTBLOCK WAHACZA
I11084YMT;KO—C”WKA DR•ØKA
I11085YMT;KO—C”WKA DR•ØKA
36160100034;SWORZE— WAHACZA
108016;KOREK MISKI OLEJOWEJ
5040250200;TARCZA SPRZ G£A
889666MER;USZCZELNIENIE SI£OWNIKA DRZWI 0017600203
19310010A;AMORTYZATOR PRZ”D SOLARIS
4626/001/60 6;ZAWLECZKI Z K”£KIEM FI 6
GDB823;KLOCKI HAMULCOWE KPL
D41124K;REPERATURKA ZACISKU
DF4312;TARCZA HAMULCOWA
27834;£•CZNIK STABILIZATORA
36190;OS£ONA PRZEGUBU
38345;OS£ONA PRZEGUBU
AP157/4;FILTR POWIETRZA
31530;POMPA WODY
90660400001N;MOCOWANIE SIEDZISKA FOTELA GRAMMER
89-0001;ANTENA SAMOCHODOWA NA SZYB 
0820352632;TARCZA HAMULCOWA PRZ”D SOLARIS
HDMI;KABEL HDMI-HDMI 1,5M
466016355149;SONDA LAMBDA
00222824;TULEJA RESORU
93413;TURBOSPR ØARKA TRANSIT
D4656;ZESTAW NAPRAWCZY ZACISKU
6338360034;ZAåLEPKA WLOTU POWIETRZA LEWA
6338360134;ZAåLEPKA WLOTU POWIETRZA PRAWA
02ME027;TARCZA HAMULCOWA
559008710;ROZRZ•D KPL
54197;PRZEW”D WYDECHOWY ACTROS
2701001400;PRZECINAK 24MM
488309;ZESTAW NAPRAWCZY EGR
0820352541;DR•ØEK KIEROWNICZY SOLARIS MA£Y åRODKOWY
0000024300;DR•ØEK KIEROWNICZY SOLARIS MA£Y WZD£.
UF010;ZESTAW USZCZELEK
VD10033;PI”RA WYCIERACZEK
883700;ZESTAW USZCZELEK WTRYSKIWACZA
DRM0219;USZCZELKA WTRYSKIWACZA
1201010248;PRZEWODY ROZRUCHOWE 1200A 4M 25MM2
0242135528;åWIECA
3361601;OS£ONA PRZEK£ADNI KIEROWNICZEJ
F026400611;FILTR POWIETRZA
TYP31/PG;PODSTAWA G”RNA MIECHA
6PU009168091;CZUJNIK PO£OØENIA WA£U
NGK91450;åWIECA
811830400;USZCZELNIACZ WA£U
622312709;ZESTAW SPRZ G£A
813505100;USZCZELNIACZ
3182654301;WYSPRZ GLIK
GUMA G5;GUMA G5 ANTYWIBRACYJNA 25X50CM
6286833508;OS£ONA SILNIKA
4801040070;MODULATOR ABS
51541007115;SPR ØARKA LK4960 D2066
0065453414;CZUJNIK ZAMKNI CIA KLAPY TYLNEJ SILNIKA SOLARIS
36391266004;KRZYØAK WA£U MAN 2020
81960020467;POKRYWA PLAS.NADKOLA
2299000883;£ADOWARKA SAMOCHODOWA USB
9411373.;RDZE— WTRYSKIWACZ
439WN0501;TULEJA CYLINDRA
0003300507;ZESTAW NAPRAWCZY WAHACZA G”RA SETRA 315
DAYKPV266;ZESTAW PASKA WIELOROWKOWEGO
HEP210485;ROZRZ•D KPL
529005010;ZESTAW PAKA WIELOROWKOWEGO
588480;USZCZELKA OBUDOWY FILRA OLEJU
540860;USZCZELKA ZAWORU EGR
AJU01141200;USZCZELKA ZAWORU EGR
982420;USZCZELKA OBUDOWY KOLEKTORA SS•CEGO
1457429142;FILTR OLEJU
AP004/2;FILTR POWIETRZA
K1069-2X;FILTR KABINY
530011310;ROZRZ•D
AR316;FILTR POWIETRZA
10602;POMPA WODY
172704;TULEJA STABILIZATORA
JTE1011;KO—C”WKA DR•ØKA
JTE1012;KO—C”WKA DR•ØKA
PP968;FILTR PALIWA
261171;USZCZELKA EGR
L1SXM04;WORKI DO ODKURZACZA STARMIX MA£E
467450;ZAåLEPKA WTRYSKIWACZA
MERSP014R;STOPIE— KABINY
246150;USZCZELKA KOLEKTORA SS•CEGO
6PP009409161;CZUJNIK CIåNIENIA SPALIN
883680;ZESTAW USZCZELEK WTRYSKIWACZA
WDS100T3G0A;"DYSK TWARDY WD GREEN 1TB 2,5"" SATA III"
265/70R16;OPONA
GE133;åWIECA ØAROWA
APV4083;ROLKA PASKA DAF SOLARIS Q75 M10
330200;USZCZELKA POKRYWY
2661LM;KLEJ DO GWINT”W ANAEROBOWY 10ML
ADAPTER OBD2;ADAPTER OBD2 EMULATOR ADBLUE
713121817009;PRZETWORNICA
RP110116;NADKOLE PLASTIKOWE
ST-LINK;PROGRAMATOR MIKROKONTROLER”W
KYB443204;AMORTYZATOR
6286800009;OS£ONA SILNIKA CITARO
6102021231221P;WK£AD LUSTRA
6102021232222P;WK£AD LUSTRA
31,5X42X7;USZCZELNIACZ
28531;POMPA WODY
TALK;TALK TECHNICZNY DO OPON
1100250002;SPR ØARKA
098644D263;MODU£ ZASILAJ•CY ADBLUE SOLARIS DAF
AUG52894;TULEJA WAHACZA G”RNEGO SETRA
GDB3287;KLOCKI HAMULCOWE
GDB4143;KLOCKI HAMULCOWE
DF4931;TARCZA HAMULCOWA
DF4932;TARCZA HAMULCOWA
388200;USZCZELKA POKRYWY ZAWOR”W
YT82098;SZLIFIERKA K•TOWA
16X22X5;USZCZELNIACZ
9404901019;RURA WYDECHOWA PRZEDNIA
643331500;ZESTAW SPRZ G£A SETRA ASTRONIC
48005202;BRZESZCZOT PI£Y SZABLASTEJ METAL
48005787;BRZESZCZOT PI£Y SZABLASTEJ METAL 5SZT
ZGH630200W;ZBIORNIK
37596;CZUJNIK åWIATE£ STOP
SIME03;PRZEW”D CH£ODNICY POWIETRZA 115MMX210MM
0299001449;CZUJNIK TEMP.
0299001533;WTRYSKIWACZ
0004485355;SZYBA CZO£OWA SOLARIS DZIELONA
2201041070;SZYBA CZO£OWA SOLARIS CA£OåCIOWA
BL1850B;AKUMULATOR MAKITA 18V 5,0AH
0281004207;SONDA LAMBDA
MERFP006;ATRAPA
0242140512;åWIECA ZAP£ONOWA
T38513;NAPINACZ PASK”W SOLARIS CUMMINS
2N15 24V AC;"ELEKTROZAW”R 1/2"" 24V AC"
17X1175;PASEK KLINOWY
0242240619;åWIECA ZAP£ONOWA
0018102716;LUSTERKO ZEWN TRZNE LEWE SETRA 315
222105;CEWKA ROZRUSZNIKA
13104088;ZACISK HAMULCA
DDF485Z 18V;WIERTARKO WKR TARKA MAKITA
316150;KR”CIEC UK£ADU CH£ODZENIA ZAW”R PRZELEWOWY
3189600004;WIDE£KI SPRZ G£A
6PT010376121;SONDA LAMBDA
469556;DYSZA PIECA
5091251;CZUJNIK CIåNIENIA W OPONACH FORD
LMI25802;£•CZNIK STABILIZATORA
1301010649;RAMKA REFLEKTORA
A6M001MT;TULEJA AMORTYZATORA TY£
1304010048;HALOGEN ACTROS
1507010011;ZDERZAK ACTROS PRAWY
112079;ALTERNATOR
713575J;TERMOSTAT
DF4262S;TARCZA HAMULCOWA
T39460;NAPINACZ
RP150301;OS£ONA SILNIKA
JR3070CT;PI£A SZABLASTA MAKITA 230V
6PP358139281;CZUJNIK CIåNIENIA W OPONACH FORD TRANSIT
WK712/3;FILTR PALIWA
7868805021S;TURBOSPR ØARKA TRANSIT
P767021;ODPOWIETRZNIK ZBIORNIKA HYDRAULICZNEGO
PIANOWNICA;PIANOWNICA
1701052;PNEUMATYCZNA POMPA DO OLEJU 240SAE 5:1
APV2928;NAPINACZ
6288103116;LUSTRO LEWE CONECTO KPL.
51274210400;CZUJNIK CIåNIENIA MAN 2020
MD87345;CZUJNIK PO£OØENIA WA£U
422001210;DèWIGIENKA ZAWOROWA
497810;USZCZELKA G£OWICY
CO19036018;ZESTAW USZCZELNIACZY TRZONKA ZAWORU
39522;ZAW”R DOLOTOWY
092750;USZCZELKA POKRYWY ROZRZ•DU
559180820;ROZRZ•D
2004251020;ZAMEK KLAPY OS£ONY SILNIKA SOLARIS
0004213706;WSPORNIK ZACISKU
EVMK0250;ZESTAW USZCZELEK TURBOSPR ØARKI TRANSIT
110AH/920A;AKUMULATOR
K2K634;SILIKON DO USZCZELEK SPRAY 150ML
OP526/5;FILTR OLEJU
ZEVW50120SF;Z£•CZE ELASTYCZNE WYDECHU 50/120
360081030031C;CZUJNIK CIåNIENIA OLEJU
D6W004TT;WYMIENNIK NAGRZEWNICY SEAT VW
940113020308;BENDIKS
03887;SKRZYNKA BEZPIECZNIK”W
6PN358307131;CZUJNIK SPALIN NOX SPRINTER
MD87641;CZUJNIK SKRZYNI
0005462086;USZCZELKA STEROWNIKA SKRZYNI ASTRONIC
V102208;RAMI  WYCIERACZKI
0XPTJC0037;"POMPA DO DYSTRYBUCJI OLEJU ""åCIANA"""
182884;P”£Oå
16144980141;P”£Oå
000723180199;RAMI  WYCIERACZKI Z PI”REM
385/55-22,5;OPONA GITI
LANCA KARCHER HD;LANCA KARCHER HD
MD14757;MIECH PNEUMATYCZNY ACTROS
MA3258;NAROØNIK ZDERZAKA PRZ”D MAN LIONS PRAWY
34066;WENTYLATOR NAGRZEWNICY
8343LM;åRODEK DO CZYSZCZENIA WTRYSKIWACZY
EWSVW076;W£•CZNIK åWIATE£
613428000;USZCZELKA G£OWICY
1876829;CZUJNIK CIåNIENIA SPALIN
6505069533017P;REPERATURKA PROGU
APV1100;NAPINACZ
NPWVW019K1;WA£EK P”£OSI
1301010726;REFLEKTOR ACTROS 3 PRAWY
1603990120;RURA ELASTYCZNA OGRZEWANIA Q35X1000
0820353050;WSPORNIK ZACISKU H-CA MAN 2020
R719;DYSZA PIECA OGRZEWANIA 0,40 60S
1302010040;LAMPA TY£ PRAWA ATEGO Z COF.
714237400;USZCZELKA POKRYWY ZAWOR”W
BPZFR005;POKRYWA ZAWOR”W TRANSIT
CR2016;BATERIA
YB14LA2;AKUMULATOR
02374;KONCENTRAT DO CH£ODNIC G11
001010;åRODEK DO KONSERWACJI SPRAY BURSZTYNOWY
ROMC10022;SPINKA TAPICERSKA
ROM91017;SPINKA TAPICERSKA ZESTAW
EAS500MD38;FILTR ODMY
221137;PRZEGUB ZMIANY BIEG”W M14/M12 NAKR CANY
KR60325;JARZMO ZACISKU
DK55004;P”£Oå
380014;SPRZ G£O KOMPRESORA KLIMATYZACJI
107299;SPRAY ANTYODPRYSKOWY DO SPAWANIA
MOT111649;SMAR DO £A—CUCH”W SPRAY
VKBA3644;PIASTA KO£A
ENT250513;ZESTAW USZCZELEK WTRYSKIWACZA
041208A4P;TABLICA INFORMACYJNA KASETON A4
041208A2P;TABLICA INFORMACYJNA KASETON A2
REGENERACJA NORGREN;REGENERACJA SI£OWNIKA DRZWI NORGREN
2299000802;NAGRZEWNICA 24V
21545;TULEJKA STABILIZATORA
APV1093;NAPINACZ PASKA MERCEDES
11,75-22,5;FELGA STALOWA 11,75-22,5 F/10 otw. ET34
DW40;SI£OWNIK MYJNI DW40/22/320/530 U25
MULTITESTER;STEROWNIK 4-KANA£OWY MULTITESTER-ST1
K50;CZUJNIK PODCZERWIENI PRZESZK”D - FOTOKOM”RKA
DF2390S;TARCZA HAMULCOWA
NE00402;KAMERA ENDOSKOPOWA USB
C60705;SPINKA TAPICERSKA BLASZKA
C60761;SPINKA TAPICERSKA BLASZKA ROM C60761 Zestaw 10szt.
C70153;SPINKA TABICERSKA BLASZKA
59751121;FREZ DO ALUMINIUM
V10080358;DYSZA SPRYSKIWACZA TY£
28304;SILENTBLOCK DR•ØKA REAKCYJNEGO
621293;MOCOWANIE REFLEKTORA
0805990020;NAKR TKA M20
7841X3;MOCOWANIE B£OTNIKA
353980;USZCZELKA POKRYWY ZAWOR”W
6275400054;LAMPA PRZEDNIA LEWA
32816;MIECH PNEUMATYCZNY MERCEDES
NAPRAWA TABLICY LED;NAPRAWA TABLICY LED
FILTR 8MM;FILTR SS•CY SIATKOWY 8MM
JS64A6306S;KLUCZE TORX JONNESWAY
78020320;ZESTAW WYKROJNIK”W BOEHM 3-20MM
PALS12;INØEKTOR
23128IZAWIT;T£UMIK
80138;£•CZNIK RURY WYDECHWEJ 55MM
178393;ZAMEK DRZWI
177953;ZAMEK DRZWI
VAN21171;RURA WYDECHOWA
ME8100C;OBEJMA WYDECHU
1102732000;MODULATOR OSI
0120303294;MIARKA POZIOMU OLEJU SOLARIS CUMMINS
6NU014864701;ZAW”R EGR
6PK1610;PASEK WIELOROWKOWY
PN10154;ZAW”R REGULACJI POZIOMU
0281002940;PRZEP£YWOMIERZ
7PK1051;PASEK WIELOROWKOWY
8ET009149451;PRZEP£YWOMIERZ
YT068791;ZESTAW ORING”W DO KLIMATYZACJI
0004024226;LISTWA PROGOWA SOLARIS
134X150X15;USZCZELNIACZ 134X150X15
OSR64137;ØAR”WKA 12V HY21W KIERUNKOWSKAZ
AP139/3;FILTR POWIETRZA
AR234/4;FILTR POWIETRZA
JBJ804;SWORZE— WAHACZA
APV2543;NAPINACZ PASKA WIELOKLINOWEGO DAF SOLARIS
DG608;åWIECA ØAROWA
7840V2;MOCOWANIE ZDERZAKA
199191;USZCZELNIACZ WA£U
4618880009;ZNAK FIRMOWY
K1103;FILTR KABINY
31168;CH£ODNICA OLEJU
613377000;USZCZELKA G£OWICY
HST0102;NASADKA 8MM 1/4 D£UGA
HST0108;NASADKA 7MM 1/4
HST0109;NASADKA 8MM 1/4
HST0110;"NASADKA 10 3/8"""
713Z002;Z£•CZE PNEUMATYCZNE DUOMATIC M16X1,5
OSLONA TERMICZNA;OS£ONA TERMICZNA ALUMINIOWA 0,5MMX300MMX650MM
84BD600F9;TAåMA ALUMINIOWA ZBROJONA 50MM
CAR234129;ELEKTROMAGNES ROZRUSZNIKA
YT1408;NASADKA 9MM 1/4
YT0337;KLUCZ P£ASKO OCZKOWY 8MM
YT0339;KLUCZ P£ASKO OCZKOWY 10MM
VH299;POKRYWA SKRZYNI VOITH
64130414;WA£EK WEJåCIOWY VOITH
0803990073;åRUBA M18X55 SIERØANTA ACTROS
1201020634;PRZEKAèNIK ROZRUSZNIKA
712476010;CZUJNIK CIåNIENIA SPALIN
197428;PIASTA MOSTU INTEGRO TOURISMO
440035;NAKR TKA FLANSZY MOSTU M55X1,5
HST0104;NASADKA 10MM 1/4 D£UGA
YT1418;NASADKA 7MM 1/4 D£UGA
YT0341;KLUCZ P£ASKO OCZKOWY 12MM
YT1230;NASADKA 17MM 1/2 D£UGA
MATA TERMICZNA;MATA TERMICZNA
129-4;åCI•GACZ DO PRZEGUB”W 40MM KUKKO
2189001902;MODU£ REFLEKTORA
H60032BTA;NAKR TKA KO£A TRANSIT
VKMC021992;ROZRZ•D KPL
MA20A37;KLEJ UNIWERSALNY SPRAY
RA3329;SPR ØYNA ZAWIESZENIA
POLKA BAGAZNIKA;POLKA BAGAZNIKA
5232223249;TR”JNIK VOSS SZYBKOZ£ACZE TEKALANU
AUG68253;åRUBA STABILIZATORA M22X2 100/119
ROM603012;SPINKA TAPICERSKA
VAL2100128;WYSPRZ GLIK
3397004632;PI”RO WYCIERACZKI
KSC4176;WAHACZ
KSC4177;WAHACZ
RK0002;ZACISK HAMULCOWY
YT25862;ZESTAW WKR TAK”W
YT29980;GRZEBIE— DO GWINT”W
0501314432;CZUJNIK IMPULSOWY SKRZYNI BIEG”W ZF
CZH1591;ZACISK HAMULCA
RA5992;SPR ØYNA ZAWIESZENIA
H5G001BTA;PIASTA KO£A
6601020015861P;OS£ONA SILNIKA
9EL964531001;KLOSZ LAMPY
DF2586;TARCZA HAMULCOWA
DF1016;TARCZA HAMULCOWA
0039981450;ZAåLEPKA
4,10/3,50-4;OPONA 4,10/3,50-4
1845284;WKR TAK DO POBIJANIA GEDORE 14MM 250MM
H1G043BTA;PIASTA KO£A
1305010716;LAMPA OBRYSOWA
1305010238;LAMPA OBRYSOWA
2204000988;CHLAPACZ 600X350
56510;KLOSZ LAMPY TY£ MAN
F026407231;FILTR OLEJU
VAL007;OLEJ VALVOLINE 5W30 5L
201125515;REFLEKTOR PRZ”D
254038;CZUJNIK WA£U
002022;SZPACHLA NATRYSKOWA 1,2KG
0501332461;WYBIERAK SKRZYNI BIEG”W MERCEDES ZF.
462626;PIERåCIE— åLIZGOWY USZCZELNIACZA WA£U TY£
4253896;RURA WLEWU PALIWA
9347050057;ZAW”R 6 DROØNY PRZY OSUSZACZU ACTROS 5V
01334400A;TULEJA DR.REAKCYJNEGO TY£ VARIO
254051;CZUJNIK WA£U
ST5W;OPRAWKA ØAR”WKI 3W CA£OSZKLANA
D TKA 4,10/3,50-5;D TKA 4,10/3,50-5
4068;CYLINDEREK HAMULCOWY
35MM2X110;£•CZNIK OGNIWA
2DA343106017;LAMPA STOP 280MM D£
4721732260;ELEKTROZAW”R MAN
OPTI130101;MIECH PNEUMATYCZNY SOLARIS N/TYP (karton)
4PK995;PASEK WIELROWKOWY 4PK995
10PK2150;PASEK WIELOROWKOWY 10PK2150
8PK1955;PASEK WIELOROWKOWY 8PK1955
WA7371D;ZAW”R EGR
NGK7044;ZESTAW PRZEWOD”W ZAP£.
WK8105;FILTR PALIWA
12013363B;USZCZELNIACZ
0732040554;SPR ØYNA SKRZYNI
WP550;PRZEW”D H-CA
WP502;PRZEW”D H-CA
H101WK;FILTR PALIWA
4728800000;MODULATOR E-CAS
36950;TULEJA WAHACZA
1006100027;TULEJA WAHACZA
5961308601;ZESTAW WYMIANY OLEJU SKRZYNI BIEG”W
E342H D494;FILTR OLEJU
E483KP;FILTR PALIWA
9XW358164311;ZESTAW PI”R WYCIERACZEK
171363;KLAMKA
23539;SPR ØYNA GAZOWA
YT06867;ZESTAW KOSZULEK TERMOKURCZLIWYCH
YT068672;ZESTAW KOSZULEK TERMOKURCZLIWYCH
754816;PASEK KLINOWY
4PK1313;PASEK KLINOWY
10PK2160;PASEK KLINOWY
8PK2513;PASEK KLINOWY
T38785;NAPINACZ PASKA
T36741;ROLKA PROWADZ•CA
1302011195;LAMPA TY£ ATEGO
D1072;ZESTAW NAPRAWCZY
BLUZA;BLUZA
1407000874;TR”JNIK M22/2XM16
6504045507314P;B£OTNIK
203467;PRZEW”D WYSOKIEGO CIåNIENIA MERCEDES KOLANKO KR”TKI
1502990059;LINKA DRZWI ACTROS
9414370829;PRZEW”D
9414370929;PRZEW”D
9494600843;PRZEW”D
9494661357;PRZEW”D
88751030184;SZYBA CZO£OWA MAN PRAWA
81751040631;SZYBA CZO£OWA G”RNA WYåWIETLACZ MAN
6502075507910P;ELEMENT ZDERZAKA
6509015507923;ELEMENT ZDERZAKA
5502005507940P;WZMOCNIENIE ZDERZAKA
2012182152;REFLEKTOR PRZ”D
C0952B;LINKA HAMULCOWA
C0953B;LINKA HAMULCOWA
0299001479;USZCZELKA SOLARIS
0004649422;ODBOJNIK PRZ”D DOLNY SOLARIS LEWY
0004649425;ODBOLNIK PRZ”D DOLNY SOLARIS PRAWY
TH10683J;TERMOSTAT PODW”JNY MERCEDES E6
701700020;POMPA OLEJU
FS19785;FILTR PALIWA
770X0846317;DYSZA SPRYSKIWACZA
EB741;AKUMULATOR 74AH
6102022001775;SZK£O LUSTERKA
C0G055ABE;SZCZ KA HAMULCOWA
D31013A;ZESTAW NAPRAWCZY
D43279S;ZESTAW NAPRAWCZY ZACISKU
DBX024TT;ZBIORNIK WYR”WNAWCZY
170367;OLEJ MTF 1L
761031;USZCZELKA POKRYWY ZAWOR”W
T5137;AMORTYZATOR TY£
TEST;TEST
2012181152;REFLEKTOR
0801ALU;T£UMIK åRODKOWY
F026402840;FILTR PALIWA
K1054;FILTR KABINY
PP848/7;FILTR PALIWA
TH12588G1;TERMOSTAT
22655;T£UMIK WYDECHU
0901050136;PREK£ADNIA KIEROWNICZA SPRINTER
530049530;ZESTAW ROZRZ•DU
AP151/5;FILTR POWIETRZA
HST0234;SZCZYPCE Z LINK•
HST132;ZESTAW NARZ DZI
OP643/6;FILTR OLEJU
YT55469;ZESTAW WKR TAK”W
AM20N03;KLUCZ DO FILTRA
B1027CW;KLUCZ DO FILTRA
TH47787G1;TERMOSTAT
5513005507920;ELEMENT ZDERZAKA
2212000092;PRZEW”D DO POMPOWANIA 18M
235/45R17;OPONA HECTORRA 5 XL 97Y
6509013548920;NAK£ADKA ZDERZAKA
AP003/6;FILTR POWIETRZA
H10W15;FILTR OLEJU
M649;POMPA WODY OM366 COBUS
F026400391;FILTR POWIETRZA
1465ZS0040;CZUJNIK REGULACJI CIåNIENIA PALIWA SOLARIS
0146310020;POMPA WSPOMAGANIA
ZESTAW WYMIANY OLEJU MAN;ZESTAW WYMIANY OLEJU MAN
540225039365P;LUSTRO LEWE
0009060705;MODU£ ELEKTRYCZNY
545195;ORING FILTRA OLEJU SOLSRIS DAF
467861;PRZEK£ADNIA KIEROWNICZA SPRINTER
53424;CH£ODNICA SILNIKA
YT09990;ODKURZACZ PNEUMATYCZNY
0000320961;POTENCJOMETR 0930921421
ZESTAW WKR TAK”W TORX;ZESTAW WKR TAK”W TORX
DCG157TT;PRZEW”D CH£ODNICY
92140400;SZPILKA KO£A SPRINTER
240073;SPR ØARKA MERCEDES
24006;DR•ØEK REAKCYJNY SIERØANT ACTROS
01336800;TULEJA DR•ØKA REAKCYJNEGO
T38724;NAPINACZ PASK”W
4PK1173;PASEK WIELOKLINOWY
30177;OS£ONA PRZEK£ADNI VW
811000400;USZCZELNIACZ WA£U
53373;TULEJA STABILIZATORA
53378;TULEJA STABILIZATORA
53368;TULEJA STABILIZATORA
10588;KO—C”WKA DR•ØKA
RH558002;£•CZNIK STABILIZATORA
2/17X1739;PASEK 2/17X1739
1501030396;POKRYWA LUSTRA MA£A ACTROS,AROCS LEWA
1501030397;POKRYWA LUSTRA MA£A ACTROS,AROCS PRAWA
3397014615;PI”RA WYCIERACZEK
6ZL008280001;CZUJNIK CIåNIENA OLEJU
A17143K;KO£PAK 17
F026402290;FILTR PALIWA
0814830000;PIERåCIENIE T£OKOWE
133520;USZCZELKA KOLEKTORA
155560;USZCZELNIACZ WA£U
3000950019;SPRZ G£O KPL
332800;USZCZELKA POKRYWY
429550;USZCZELKA POKRYWY
613128000;USZCZELKA G£OWICY
7260016;CH£ODNICA SILNIKA
02741;USZCZELNIACZ ZAWORU
0805010476;AMORTYZATOR KABIN
7001020411;PR T GWINTOWANY M12 10,9
7001020409;PR T GWINTOWANY M10 10,9
7001020413;PR T GWINTOWANY M14 10,9
22252;KO—C”WKA DR•ØKA
4066;PREPARAT DO CZYSZCZENIA PRZEP£YWOMIERZY
PR131061;MISKA OLEJU
030528;TULEJA SIERØANTA
01034065;USZCZELNIACZ SKRZYNI
364060618;PODUSZKA
AP165/4;FILTR POWIETRZA
39207;TULEJA
39208;TULEJA ZAWIESZENIA
JBJ779;KO—C”WKA DR•ØKA
OE662/1;FILTR OLEJU
0000397143;SPRZ GIE£KO ZAWORU OGRZEWANIA SOLARIS
540225039345;LUSTRO ZEW,
504070040;USZCZELKA POKRYWY ZAW.
G2252;AMORTYZATOR TY£
GBS2759;CZUJNIK ABS
106466;OLEJ PRZEK£ADNIOWY MOTUL
RC5172;SPR ØYNA ZAWIESZENIA
TOTAL FLUIDE 1L;OLEJ TOTAL FLUIDE 1L
3182600261;WYSPRZ GLIK CENTRALNY
GBS2785;CZUJNIK ABS
0221504020;CEWKA
6PK1555;PASEK WIELOKLINOWY
NK32/20;£OØYSKO IGIE£KOWE
194025;FILTR SKRZYNI BIEG”W
194026;FILTR SKRZYNI BIEG”W
1150172073;DRUT DO MIGOMATU 0,8
E1620L;FILTR POWIETRZA
7DPK2425;PASEK WIELOKLINOWY SPRINTER LPG
81274210317;CZUJNIK CIåNIENIA SPALIN MAN
582092;REFLEKTOR LEWY MERCEDES INTEGRO
9700511760,;SI£OWNIK SPRZ G£A SETRA
2201041000;SZYBA CZO£OWA SOLARIS CA£OåCIOWA
6102021271152;SZK£O LUSTERKA
FRG77409682;DYWANIKI GUMOWE
0242235743;åWIECA ZAP£ONOWA
0221604010;KLOCKI HAMULCOWE 3087K
FRGDZ401051;WYK£ADZINA BAGAØNIKA
LAN68;OLEJ MASZYNOWY L-AN 68 20L
75888;PODK£ADKA ZABEZPIECZAJ•CA PIASTY TY£
6016003548154P;REPERATURKA DRZWI
6505063548011;POSZYCIE SCIANY BOCZNEJ
8PK2465;PASEK WIELOROWKOWY
DWW434TT;PRZEW”D GUMOWY
NCA112;CH£ODNICA SILNIKA SOLARIS E6
946120;ZESTAW USZCZELEK SILNIKA SPRINTER
051242;NAKR TKA PIASTY M86
6PN358186681;CZUJNIKSPALIN NOX SOLARIS DAF
1501010341;LUSTRO PANOWAMICZNE
31350;CH£ODNICA OLEJU
702551280;POMPA VACUM
F026407023;FILTR OLEJU
0250202130;åWIECA ØAROWA
723829756;ELEMENT KULOWY WIDE£EK
F41119;TULEJKA STABILIZATORA
2179705;PRZEW”D WSPOMAGANIA
1704634;PRZEW”D WSPOMAGANIA
1212679;ORING WSPOMAGANIA
23336;PODK£ADKA KLINOWA HEICO
532060810;ROLKA PASKA
P1516;POMPA WODY SPRINTER
DG617;åWIECA ØAROWA
KL3013;PRZEW”D PRZELEWOWY
ALOS74700000000;FELGA STALOWA 5,5JX16H2 6X205X161
6016003548153P;REPERATURKA DRZWI
MERDH014L;ZAWIAS DRZWI AXOR
HX124D;FILTR OLEJU SKRZYNI SPRINTER
012370;USZCZELNIACZ WA£U
0281002531;PRZEP£YWOMIERZ POWIETRZA
3000951790;SPRZ G£O KPL.
GE100;åWIECA ØAROWA
SS6027;ELEKTROMAGNES ROZR. SPRINTER
4630131160;ZAW”R REGULACJI KIEROWNICY
PRZEW”D EOBD;PRZEW”D EOBD
SYMULATOR TACHO;SYMULATOR TACHO
124678;AMORTYZATOR MB
0070051;PRIMER 30ML
17280;T£UMIK KO—COWY
1750ALU;T£UMIK åRODKOWY
256860;PIERåCIE— USZCZELNIAJ•CY
LK1813;SPR ØARKA POWIETRZA MERCEDES
0701000611;PIASTA KO£A DAF
1001020187;TARCZA HAMULCOWA DAF
2002000200;NAKR TKA M18X2
68201;åRUBA STABI.
1305050347;LAMPA B£YSKOWA KOGUT 12/24V LED
WA711022D;ZAW”R EGR
YT25967;ZESTAW WKR TAK”W
33392;PODUSZKA SILNIKA
24V/12V DC600;PRZETWORNICA DC-600/ DC-600 PRO
5PK628;PASEK WIELOROWKOWY
5PK1095;PASEK WIELOROWKOWY
32956;WAHACZ
32957;WAHACZ
SM9919;ZESTAW MONTAØOWY AMORTYZATORA
FT93504;G•BKA FOTELA SPRINTER
FT93505;TAPICERKA FOTELA SPRINTER
PRIMER 25ML LOCTITE;PRIMER 25ML LOCTITE/TEROSON UV
15686008;PRZEW”D FOTELA FI 4MM
J60337YMT;£•CZNIK STABILIZATORA
J60348YMT;£•CZNIK STABILIZATORA
SW132MT;SPR ØYNA ZAWIESZENIA
J30345YMT;WAHACZ
J30346YMT;WAHACZ
0805010020;AMORTYZATOR KABINY
9539640336;LATARKA STAREX LED £AMANA
91046;KOLANKO WYDECHUFI 45 90STOPNI
48X82X12;USZCZELNIACZ MOSTU
6299515821;OS£ONA FOTELA PRAWA SETRA
1386747;OBUDOWA FILTRA OLEJU
6504049539311P;B£OTNIK PRZ”D
6505060026013P;REPERATURKA PROGU
302015100308;PRZEGUB
UCHWYT MIG;R•CZKA DO MIGOMATU MB240 4M
ZESTAW NAPRAWCZY SCIAGACZA;ZESTAW NAPRAWCZY SCIAGACZA
114096;ROZRUSZNIK
172100022010;CZUJNIK ABS
6PT009109181;CZUJNIK TEMPERATURY POWIETRZA
728197160;ZAW”R CIåNIENIA
93262NIS;TURBOSPR ØARKA
YT82794;WKR TARKA BEZSZCZOTKOWA 18V
18X1,5 L1500;PRZEW”D ELASTYCZNY 18X1,5 L-1500
9438841722;OS£ONA WEW. OWIEWKI NAROØNIKA L
463634;FILTR ODMY
49539;SPRZ G£O WENTYLATORA CH£ODNICY
133142;KRZYØAK WA£U 47,7X135,2
540203811905;OåWIETLENIE TABLICY REJESTRACYJNEJ SPRINTER
F026402104;FILTR PALIWA
840142T60;"NASADKA 1/2"" T60"
35X55X11;USZCZELNIACZ
PE861191;CEWKA ROZRUSZNIKA
PE861192;ELEKTROMAGNES ROZRUSZNIKA
D9ME009TT;WIATRAK WENTYLATORA
4613150420;ZAW”R G£”WNY HAMULCOWY N/KPL
T7FC045;£OØYSKO SKRZYNI STOØKOWE45X95X26,5
12/24 DC-300;PRZETWORNICA 12/24 DC-300 4A 250W
C60500;ZAåLEPKA FI28/36 5SZT
57282;SILENTBLOCK ZAWIESZENIA KABINY
540302047204P;åWIAT£O ODBLASKOWE TY£ PRAWE SPRINTER
6102021231996P;WK£AD LUSTERKA LEWE SPRINTER
1987482543;LINKA HAMULCA R CZNEGO TRANSIT
9068800170;ZDERZAK PRZEDNI SPRINTER BEZ OTWOR”W NA HALOGEN
2201000010;PISTOLET DO CZYSZCZENIA I DMUCHANIA SPIRALA
0004045780;SZYBA TA. KIER. PRZ”D 2016X417
1708043065;OS£ONA POD SKRZYNI• BIEG”W DAF LE E4/5
1708041075;OS£ONA POD SILNIKEIM DAF LE III E4/E5
2201010100;SZYBA PRZEDNIA CA£• ZIELONA SOLARIS U8, 6, 9LE
KOREK WLEWU;KOREK WLEWU
59069;åRUBA MOCOWANIA STABILIZATORA
KTT120190;OSUSZACZ KLIMATYZACJI
HICAPST3580-1;£OZYSKO STOZKOWE 35X80X26
MA15491036;OS£ONA PRZEGUBU
4298201;PODUSZKA AMORTYZATORA
JGM1335T;AMORTYZATOR KPL
1987482522;LINKA HAMULCA R CZNEGO
1987482523;LINKA HAMULCA R CZNEGO
D4V006TT;WK£AD LUSTRA
6907005078030P;MOCOWANIE ZBIORNIKA PALIWA
000316G100;KULKA £OØYSKA 07,144
315437;AMORTYZATOR
315438;AMORTYZATOR
JGT1252S;AMORTYZATOR
952940;ZESTAW USZCZELEK WTRYSKIWACZA
ENT250717;ORING PRZELEWU WTRYSKIWACZA 4SZT
V9505681;MEMBRANA ODMY
693940;USZCZELKA CH£ODNICY OLEJU
100003015;GNIAZDO 7PIN
313011300133;POMPA PALIWA ELEKTRYCZNA
713713400;USZCZELKA KOLEKTORA
ACFG131QW;WTYCZKA 7PIN
40632;MOCOWANIE AMORTYZATORA
JGM1275T;AMORTYZATOR
45200003;BUTLA DO MIGOMATU 8L + REDUKTOR CISNIENIA
465133;CZUJNIK CIåNIENIA HAMULCA R CZNEGO
532091810;ROLKA PASKA MERCEDES
0205020671;NAPINACZ PASKA ACTROS 4
8PK2544;PASEK WIELOROWKOWY
BWD119;CYLINDEREK HAMULCOWY
CO49363469;USZCZELNIACZ MOSTU 48X82X12/20
114177;ROZRUSZNIK
235/55R18;OPONA
AP49;ZAåLEPKA GUMOWA FI30/37
1N0008582017;LAMPA PRZECIWMGIELNA MERCEDES
9063510280;USZCZELKA OBUDOWY MOSTU SPRINTER
FLME002L;LAMPA PRZECIWMGIELNA MERCEDES
NGK1128;åWIECA ZAP£ONOWA
STF211;HAK
2949902;£•CZNIK STABILIZATORA
09801;SZPILKA KO£A
MERMR028;UCHWYT LUSTERKA
827428;USZCZELKA KORKA WLEWU OLEJU
MERLSWT012;W£•CZNIK åWIATE£ AWARYJNYCH
134189;£OØYSKO MECHANIZMU R”ØNICOWEGO SPRINTER
3885;åWIAT£O LED W LUSTERKO 2SZT
NASADKA TORX;NASADKA TORX
AP0622;WTYCZKA 4PIN KATOWA
60532136;PIERåCIE— SYNCHRONIZATORA
60530693;TULEJA SUNCHRONIZATORA
60530518;PIERåCIE— SYNCHRONIZATORA
6299515721;OS£ONA FOTELA MERCEDES SETRA LEWA
C70162;SPINKA LAMPY TYLNEJ SPRINTER 5SZT
3397118309;PI”RA WYCIERACZEK
GAT42292;POMPA WODY
6PK2460;PASEK WIELOROWKOWY
745180;USZCZELKA MISKI OLEJOWEJ SPRINTER
ACFG021KT;GNIAZDO HAKA 7 PIN
GN7;GNIAZDO HAKA 7 PIN STEIN
YT0596;KLUCZE NASADOWE DO FILTR”W OLEJU
0019905317;åRUBA ZAåLEPKA CZUJNIKA OLEJU
1102002393;RURA WYDECHOWA PROSTA FI50 X 2000
1507050511;OWIEWKA MAN
1303010337;LAMPA KIERUNKOWSKAZU BEZ HAL. MAN
1204010121;CZUJNIK SKRZYNI BIEG”W VOLVO
1208010088;CZUJNIK IMPULSOWY WA£U VOLVO
1507010790;ZDERZAK MAN TGM
1501010182;LUSTRO MAN TGM
47867;£•CZNIK STABILIZATORA TY£
60172204;WA£EK ATAKU + TARCZA 11/46 Z B”W
031005509;FILTR OSUSZACZA Z ODOLEJACZEM M41X2
ODKURZACZ;ODKURZACZ 1650
83255045178;PRZE£•CZNIK ROZR. MAN
1102732030;MODULATOR OSI NAP DOWEJ EBS II
81960010002;KOSZULKA IZOLACYJNA PRZEWODU
1507020082;B£OTNIK L
3568201421;KIERUNKOWSKAZ BIA£Y LEWY O404
3606912110010;KLOSZ LAMPY LEWY INTEGRO
46511720000;USZCZELKA GUMOWA
87720380400;PODNOåNIK SZYBY
4602841097;OS£ONA
6510900166;ZAW”R PODCIåNIENIA GRUSZKA TURBINY
6511410369;ZAW”R ODPOWIETRZENIA SKRZYNI KORBOWEJ
9066944900;LISTWA BOCZNA
N00000000744564;åRUBA WA£U M10X1,25 TORX
2701001430;"PRZED£UØKA 3/4"" 400MM"
3397007644;PI”RA WYCIERACZEK
MPRD001;REDUKCJA WYDECHY 70-48
81259706110;CZ åCI I NAPRAWA SKRZYNI BIEG”W AUTOBUSU
463080;ZAW”R SKRZYNI BIEG”W SETRA
2299000319;PISTOLET DO ADBLUE
FE11723;WIENIEC KO£A ZAMACHOWEGO 160 Z B”W FI432 MAN Z OTWORAMI
116309;ALTERNATOR SPRINTER
1457434459;FILTR PALIWA
469577;B£OTNIK KABINY ACTROS
463015;PRZEKAèNIK ROZRUSZNIKA
235/50R18;OPONA
HIAZOTR414ALNR000;ZAW”R KO£A WENTYL TR 414 AL 100SZT
270318;PIERåCIE— ABS
W723;KRZYØAK WA£U SPRINTER 30,2 X 81,8
AM476/3;FILTR POWIETRZA
E714L;FILTR POWIETRZA
219900000015;POMPA PALIWA
3397014121;PI”RA WYCIERACZEK
AM20B39;NEUTRALIZATOR RDZY
PP904;FILTR PALIWA
MAN D2866;OBSADA WTRYSKIWACZA MAN D2866/D2676/D2876 29x24.4x20.35x11mm,otwÛr 7.3mm, d≥ugoúÊ 63.35mm
0114101000;CZUJNIK CIåNIENIA 0-10BAR 1 PIN M12X1,5
FILTR LAKIERNICZY;FILTR LAKIERNICZY
42180WIX;FILTR POWIETRZA
6504047521311Q;B£OTNIK PRZ”D
102043006340P;REPERATURKA PROGU
51958006104;NAPINACZ PASKA KLIMATYZACJI MAN
45AH/330A;AKUMULATOR
AM20B62;PIANA AKTYWNA 5L ACTIVE MIX
E970LC;FILTR KABINY
K2B305;TAåMA DO T£UMIK”W
8JD743557801;GNIAZDO BEZPIECZNIKA MINI
W962/27;FILTR OLEJU
KP0309OEM;PRZEKAèNIK åWIATE£
01033796;USZCZELNIACZ
19036447;USZCZELNIACZ 50X90X14
529052610;ZESTAW PASKA PK
575009;PI”RO WYCIERACZKI
910171;OS£ONA AMORTYZATORA
AP137/3;FILTR POWIETRZA
DF4273BS;TARCZA HAMULCOWA Z £OØYSKIEM
DF4361;TARCZA HAMULCOWA
32590;OLEJ SKRZYNI 75W90
FT45307;OBUDOWA ROZRZ•DU
GDB1498;KLOCKI HAMULCOWE
K1121;FILTR KABINY
OP641/2;FILTR OLEJU
PP836/2;FILTR PALIWA
TCK130;ZESTAW ROZRZ•DU
YT14501;"ZESTAW NARZ DZI1/4"" 56CZ"
120AH950A;AKUMULATOR
AK2962;PALNIK DO LUTOWANIA
35X12.50R17;OPONA
LK4972;SPR ØARKA POWIETRZA MERCEDES AROCS
SM1014;KLOCKI HAMULCOWE 3030K
J65030YMT;£•CZNIK STABILIZATORA
462729;POMPKA PALIWA MECEDES
1987946582;ROZRZ•D
DF4284;TARCZA HAMULCOWA
172148;POMPA WSPOMAGANIA
YT1950;SZCZYPCE
1462C00980;CZUJNIK CIåNIENIA PALIWA
1987946384;ROZRZ•D KPL
0265009341;CZUJNIK ABS TY£ P SPRINTER
100797;USZCZELKA
36626;KOLO PASOWE
NCA147;CH£ODNICZ BOVA FUTURA /VDL EURO 6
ISNT140400002N;WENTYL POZIOMU FOTELA ISRI
70596029;STACYJKA ZAP£ONU LIEBHEER
6504043547311Q;B£OTNIK PRZ”D
2702241;LINKA HAMULCA R CZNEGO
0000036382;LAMPA COFANIA 24V LED SOLARIS
525360F010;MOCOWANIE ZDERZAKA
MINI POMPKA;MINI POMPKA POWIETRZA
DWM027TT;PRZEW”D P£YNU CH£ODZ•CEGO SPRINTER
9065010015;KOREK ZBIORNIKA WYR”WNAWCZEGO SPRINTER
CZH1566;ZACISK HAMULCOWY
38008;NAKR TKA KO£A
ASW16000S;W£•CZNIK CIåNINIOWY
5619381A;OTWORNICA DIAMENTOWA M14 8MM
560681;WIERT£O DO SZK£A I P£YTEK FI 8MM
SI8T/K;G£”WKA CI G£A FI 8
350213153400;CH£ODNICA
0091533128;ZAW”R CIåNIENIA
C302963;PRZEGUB
5P0945257;OPRAWA ØAR”WKI TY£
6PK2211;PASEK WIELOROWKOWY
1404050342;SI£OWNIK SPRZ G£A VOLVO
C10031;NAKR TKA NADKOLA SPRINTER
166393;PRZEW”D TURBINY
5496046;REGENERACJA ZAVORU VTG CUMMINS EURO 6
75X98X10;USZCZELNIACZ P”£OSI SPRINTER
1501030571;WSPORNIK LUSTRA MAN
1502990152;LINKA OTWIERANIA DRZWI MAN
1502020179;KLAMKA DRZWI MAN
1507081128;STOPIE— KABINY
1507080749;STOPIE— KABINY ACTROS
2204000776;DYWANIK KABINY LEWY ACTROS 4
1407000857;KO—C”WKA TEKALAN Q-16
1987482029;LINKA HAMULCOWA
428011010;WA£EK ROZRZ•DU
434651;ZESTAW NAPRAWCZY POMPOWTRYSKIWACZA
655360;KPL. USZCZELEK SILNIKA
713610610;£OØYSKO KO£A
784740;USZCZELKA CH£ODNICY OLEJU
AP152/5;FILTR POWIETRZA
109399;PRZEGUB
171596;ZESTAW ROZRZ•DU
KTBWP2964;ZESTAW ROZRZ•DU
KYB910172;OS£ONA AMORTYZATORA
30014;OPONA
DET14;D TKA
3130011;B£OTNIK
6505069590011P;REPERATURKA PROGU
6504039590583K;REPERATURKA B£OTNIKA
6504039590584K;REPERATURKA B£OTNIKA
6505069590012P;REPERATURKA PROGU
12V HB3;ØAR”WKA
447050;USZCZELKA POKRYWY ZAWOR”W
GDB1466;KLOCKI HAMULCOWE
SX186MT;SPR ØYNA
1403002019;SI£OWNIK SPRZ G£A VOLVO
490004;POKRYWA FILTRA PALIWA
53018;TULEJA STABILIZATORA MAN
81154036150;POMPA ADBLUE MAN 2020
STX100061R;ALTERNATOR
0XEXA45;PRZED£UØKA WENTYLA 45 STOPNI 20SZT
GWINTOWNIK M14X1,25;GWINTOWNIK M14X1,25
18778;USZCZELNIACZ CH£ODNICY OLEJU
6502073548991P;LISTWA POD ATRAP• SPRINTER
MMTA169836;"NASADKA DO FELG ALUMINIOWYCH 1/2"" 22MM"
37196;WAHACZ
AD550299;LINKA HAMULCA R CZNEGO
6601018117801P;NADKOLE PLASTIKOWE
5703063547578P;LISTWA BOCZNA SPRINTER
G9F002BTA;KRZYØAK WA£U
U050;KRZYØAK WA£U
00444470;TULEJA £•CZNIKA STABILIZATORA
26440740;DYSZA DO CZYSZCZENIA
215/55R16 HECTORRA;OPONA 215/55R16
E1083L;FILTR POWIETRZA
E238HD332;FILTR OLEJU
E2962LC;FILTR KABINY
106306;ZESTAW ROZRZ•DU
U5034;CEWKA
538006010;POMPA WODY
KTAG;URZ•DZENIE DO PROGRAMOWANIA STEROWNIK”W ECU
109709466;WSPORNIK
111331466;£•CZNIK DèWIGNI ZMIANY BIEG”W
PP840/8;FILTR PALIWA
150127;GUMA PODNOåNIKA BA£WANKA 8T
9007599012;OPRAWA ØAR”WKI KIERUNKOWSKAZU
24017;ELEKTROZAW”R VOLVO
TENZI;P£YN DO MYCIA 5L
81255050837;PRZE£•CZNIK OTWIERANIA SZYBERDACHU
17X1850;PASEK KLINOWY
SLB795;TARCZA HAMULCOWA MA£Y SOLARIS ROZSTAW OTWOR”W 145
T224;SZNUR DO OPON TECH PERMACURE 130MM
T220;SZNUR DO OPON TECH PERMACURE 95MM
775EL;KLEJ DO OPON TECH 775EL 236ML
35445;ELEKTROZAW”R WYBIERAKA
LAU772366;ZACISK
6505060914015P;REPERATURKA PROGU
AUG51528;åRUBA M16X1,5X99
KR24827;SPR ØYNA GAZOWA
RE2270802;REFLEKTOR
TEXS0755N;URZ•DZENIE DO SPRAWDZANIA NIESZCZELNOåCI
187789;FILTR PALIWA
OC215;FILTR OLEJU
RH3536;SPR ØYNA ZAWIESZENIA
SM1553;PODUSZKA AMORTYZATORA
MMTA169403;KLUCZ DO FILTR”W
1818181;12V H1 LED 2SZT
AB7;åWIECA ZAP£ONOWA NGK 3010
AM19584;åRODEK DO KONSERWACJI OPON
K2K710;åCIERECZKI MIKROFIBRA 4SZT
MOT102898;OLEJ SILNIKOWY 5W30 MOTUL 8100 ECO 5L
CZM115232;KO£O PASOWE ALTERNATORA
19335;åRUBA KO£A
ECDBM009;NASTAWNIK TURBOSPR ØARKI
2600772;KLOCKI HAMULCOWE TY£ TRANSIT Z CZUJNIKAMI
LCC3209;RAMI  WYCIERACZKI LEWE SPRINTER
532047010;ROLKA PROWADZ•CA
SW50936626;KO£O PASOWE WA£U KORBOWEGO
1203200051;TULEJA STABILIZATORA SOLARIS MA£Y
0820320012;TULEJA STABILIZATORA SOLARIS MA£Y
0986444954;ZESTAW NAPRAWCZY WTRYSKU PALIWA
OKULARY;OKULARY SPAWALNICZE AUTOMATYCZNE
3397007555;PI”RA WYCIERACZEK
3397007557;PI”RA WYCIERACZEK
015997034664;USZCZELNIACZ MOSTU
9902612100;WK£ADKA USZCZELNIACZA
0750117875ZF;£OØYSKO WA£KA 60X125X37
32323;POMPA WODY MAN d2066
T226;SZNUR DO OPON TECH PERMACURE 190MM
6293230365;STABILIZATOR PRZ”D 1050X45 SETRA/ MERCEDES
24556;TULEJA STABILIZATORA 45MM/50X15MM
MA0028;PRZYCISK R KA CZERWONY
POMPA;POMPA PR”ØNIOWA TESTER CIåNIENIA
HST0741;PISTOLET DO ROPOWANIA
YT82295;OPALARKA 2000W
1402010112;WK£AD OSUSZACZA WABCO
650506952401SP;REPERATURKA PROGU
BUS4270;PRZEW”D DO PRZYCISKU CAPTON OKR. WTYCZKA
205/50R17;OPONA LETNIA D BICA UHP2
713678040;£OØYSKO PIASTY KO£A
2460700;SPR ØYNA KLAPY TY£ VW
343459;AMORTYZATOR TY£
913121;ZESTAW OS£ON AMORTYZATORA
0501218231;DR•ØEK KIEROWNICZY åRODKOWY SOLARIS MA£Y
36066606005;POMPA WENTYLATORA
530036130;ZESTAW ROZRZ•DU
28490;KOREK CH£ODNICY
530058230;ZESTAW ROZRZ•DU
245/40R18;OPONA LETNIA TH202
BHN963E;ZACISK HAMULCA
BHN963E RDZEN;ZACISK HAMULCA RDZEN
MAXI 100A;BEZPIECZNIK P£YTKOWY MAXI 100A
1210000231;WTYCZKA 4V 7PIN BAJONET Z PRZEWODAMI 90 STOPNI
ECDVW001;ZAW”R REGULACJI CIåNIENIA TURBO (GRUSZKA)
40X60X9;USZCZELNIACZ
40X60X6;USZCZELNIACZ
40X60X11;USZCZELNIACZ
CZH1222;ZACISK HAMULCA
CZH1199;ZACISK HAMULCA
TH143987J;TERMOSTAT
VETS2783;TERMOW£•CZNIK WENTYLATORA CH£ODNICY
702551380;POMPA VACUM
07637000;PISTOLET DO PRZEDMUCHIWANIA
0018113433;WK£AD LUSTERKA ATEGO/AXOR 380X170MM
81521306148;ZAW”R G£”WNY HAMULCA MAN
JRM413;PRZEK£ADNIA KIEROWNICZA
OE037/T10;åWIECA
0008205908;MODU£ STEROWANIA OGRZEWANIEM SPRINTER
2971001;TULEJA WAHACZA
AP183/6;FILTR POWIETRZA
172110;ZAMEK DRZWI
39048;FILTR KABINY
10046010HW;CH£ODNICA
EVAC027;ZAW”R REGULACYJNY CIåNIENIE DO£ADOWANIA SPRINTER
MERSP066;STOPIE— KABINY
90AH/820A;AKUMULATOR
A14424;SPINKA TAPICERSKA 25SZT
6505069524015P;REPERATURKA PROGU
REO28;REGULATOR NAPI CIA
ARE3051P;REGULATOR NAPI CIA
725210;ORING POKRYWY ZAWOR”W
AM20A30;åRODEK DO KONSERWACJI PROFILI
LIN397601;LINKA ZAMKA
1986AE0478;KO£O PASOWE ALTERNATORA PODW”JNE 17X88X37SZER
51981820091;PRZEW”D OLEJOWY £•CZ•CY RETARDERA FI 14X32MM MAN
51981820092;PRZEW”D £•CZ•CY RETARDERA FI29X32 MAN
LAU694040;PRZEK£ADNIA KIEROWNICZA
120425002;REFLEKTOR
2707000011;PRZED£UØACZ B BNOWY AUTOMATYCZNY 15M 3X1,5
612048131;ZAW”R ZAWIESZENIA PNEUMATYCZNEGO
2XPB2050;PASEK KLINOWY PODW”JNY
CO49371317;PRZEW”D CH£ODNICY OLEJU
CO49371318;PRZEW”D £•CZ•CY UK£ADU CH£ODZENIA
5506009548953P;ZDERZAK TY£
6504049524312Q;B£OTNIK PRZ”D
6504049524311Q;B£OTNIK PRZ”D
0258017016;SONDA LAMBDA
01841;NAKR TKA PIASTY KO£A
CO01031902B;USZCZELNIACZ WA£U KORBOWEGO
44736;NAKR TKA WA£KA ATAKU
19820;WAHACZ
GDB106;KLOCKI HAMULCOWE
HST0280;"NASADKA SPLINE M8 1/2"""
HST760;PRZEW”D PNEUMATYCZNY 12MM NA ZWIJAKU
CET8;åWIECA ZAP£ONOWA
J32108YMT;WAHACZ
J32109YMT;WAHACZ
6504049544311P;B£OTNIK
6504049544312P;B£OTNIK
245/40R18 CALOROCZNA;OPONA
0000215797;PARAPET SOLARIS MA£Y
1701169711;ZDERZAK PRZEDNI åRODKOWY SOLARIS MA£Y
0000165380;KLAPA åRODKOWA Z USZCZELK• MA£Y SOLARIS
1701169728;ZDERZAK PRZ”D PRAWY ZE åWIAT£EM PRZECIWMG. MA£Y SOLARIS
0000014403;ZDERZAK PRZ”D LEWY ZE åWIAT£EM PRZECIWMG. MA£Y SOLARIS
A2C5339773480;SI£OWNIK ZAMKA CENTRALNEGO
108865755;KLAMKA DRZWI
27099000462;PRZED£UØACZ ELEKTRYCZNY 20M
0002605451;LINKA ZMIANY BIEG”W 9850MM INTOURO
AUG51954;OBEJMA STABILIZATORA 40/70 X80MM
29647;TULEJA £•CZNIKA STABILIZATORA
C10032;KO£EK TAPICERSKI SPRINTER 10SZT
6504043547331K;REPERATURKA NADKOLA PRZ”D LEWY
6504043547312Q;B£OTNIK PRZ”D PRAWY
6504043547311P;B£OTNIK PRZ”D LEWY
E301L;FILTR POWIETRZA
110760755;PODUSZKA SILNIKA
1986AD1030;KOMPRESOR KLIMATYZACJI SPRINTER
23920;MASKOWNICA ZAMKA
8V0862153A;ELEMENT ZAMKA
1863869001;£OØYSKO KO£A ZAMACHOWEGO
1874000089;åRUBY KO£A ZAMACHOWEGO
V9867015;KO£O PODPOROWE
028PI00143000;T£OK
118902;ELEMENT KLAMKI DRZWI
1600080110;ZESTAW USZCZELEK KOMPRESORA
9404900101;T£UMIK WYDECHOWY TY£
PNAT147;ZBIORNIK POWIETRZA 1110 FI 276 60L
6288804914;WSPORNIK REFLEKTORA CONECTO
0008200559;REFLEKTOR åWIATE£ MIJANIA CONECTO
2BA008221007;LAMPA KIERUNKOWSKAZU CONECTO
0038202656;REFLEKTOR åWIATE£ PRZEDNICH Z POZYCJ• CONECTO
120X150X14,3/20;USZCZELNIACZ
258500;USZCZELKA PIASTY
00765N0;PIERåCIENIE T£OKOWE
HST700;ZESTAW BIT”W 40EL.
JGT1168T;AMORTYZATOR
4571800620;PRZEW”D OLEJOWY OD OBUDOWY FILTRA OLEJU
WPIV110;POMPA WODY Z KO£EM PASOWYM DAF
0XCE4000;GENERATOR DYMU
SEALDO50;P£YN DO GENERATORA DYMU
F026402269;FILTR PALIWA SEPARATOR
0010127;LAKIER BIA£Y
3397014164;PI”RA WYCIERACZEK
185/60 R14;OPONA HECTORRA
014175/4STD;PANEWKI KORBOWODOWE
C60749;SPINKA TAPICERSKA WYG£USZENIA SILNIKA SPRINTER 5SZT
ZBIORNIK WYR”WNAWCZY MERCEDES;ZBIORNIK WYR”WNAWCZY MERCEDES
719790;USZCZELKA KOLEKTORA SS•CEGO
BKSME023;KOLEKTOR SS•CY SPRINTER
6510910260;PIERåCIEN USZCZELNIAJ•CY KOLEKTORA SS•CEGO
1501020371;W£AD LUSTRA PANORAMICZNE 200X200
104445;PODUSZKA SILNIKA
MMTA0400077;DYWANIKI GUMOWE
0005011607;KRUCIEC CH£ODNICY
9064300103;ZBIORNIK PODCIåNIENIA SKRZYNI BIEG”W SPRINTER
014176/4STD;PANEWKI KORBOWODOWE
2228300003;PAROWNIK KLIMATYZACJI
05510037;RDZE— NAGRZEWNICY SPRINTER
EZCRE092;LINKA ZAMKA DRZWI TYLNYCH
EL221;OSUSZACZ Z ELEKTRONIK• MERCEDES ACTROS
1457429127;FILTR OLEJU
901900;USZCZELKA POKRYWY ZAWOR”W
022952;PRZEW”D CH£ODNICY
SKCM018C;ROZRZ•D KPL
9XW184107361;PI”RO WYCIERACZKI 900 NA åRUB 
13181300;USZCZELKA KOLEKTORA SS•CEGO
314290D;TERMOSTAT
145/70R12;OPONA
20364;AMORTYZATOR
T767;KLEJ DO OPON NA ZIMNO 10ML
172632;KR”CIEC UK£ADU CH£ODZENIA
FT61166;RURA UK£ADU CH£ODZENIA
6510910360;USZCZELKA EGR
01211900;USZCZELKA EGR
0216075;USZCZELKA EGR
0216076;USZCZELKA EGR
0216079;USZCZELKA EGR
306220;USZCZELKA EGR
33438;PRZEW”D CH£ODNICY IBRA 33438
01211000;USZCZELKA ZAWORU EGR
LCC5211;NAKR TKA PRZEWODU WSPOMAGANIA TRANSIT
352316170084;POMPA WODY
OM513;FILTR OLEJU
K102407N50;MODULATOR ABS
K102407N50RDZ;K102407N50RDZ
OC383;FILTR OLEJU
537022;CIåNIENIOMIERZ DO OPON FORCH
4130001Z;SSAWKA DO ODKURZACZA PIOR•CEGO KARCHER
AM19589;åRODEK DO CZYSZCZENIA TAPICERKI
DF4027;TARCZA HAMULCOWA
POMPA WODY;POMPA WODY
73470;OSTRZA£KA DO WIERTE£
SCIERNIWO;åCIERNIWO DO PIASKOWANIA 0,2-0,8MM 25KG KORUND
54224;RURA WYDECHU MERCEDES AXOR
CC0717;FILTR KABINY KLIMATYZACJI
0002601051;LINKA ZMIANY BIEG”W SETRA 9300MM
225241;DR•ØEK REAKCYJNY TY£ 445MM
RH541005;SWORZE— WAHACZA PRZ”D M36X1,5 STOØEK 50MM
10X838;PASEK KLINOWY
CT649;PASEK ROZRZ•DU
AR364;FILTR POWIETRZA
KS00000424;POMPA WSPOMAGANIA PRZEK£ADNI KIEROWNICZEJ
6511400502;ZAW”R EGR SPRINTER
821092810;WAHACZ
821092910;WAHACZ
48810;åRUBA JARZMA
KSC4070;WAHACZ
KSC4071;WAHACZ
RH3553;SPR ØYNA AMORTYZATORA
6504031301581K;REPERATURKA B£OTNIKA
3SB004438155;PRZEKAèNIK åWIATE£ 24V
6510910460;PIERåCIE— USZCZELNIAJ•CY KOLEKTORA DOLOTOWEGO SPRINTER
038105263H;KO£O Z BATE WA£U
QB11631K;åRUBA PROWADNICY ZACISKU
182469;åRUBA ZACISKU
51059010137;USZCZELKA POKRYWY CH£ODNICY
23890;DR•ØEK KIEROWNICZY POPRZECZNY L-1735
20416;AMORTYZATOR PRZ”D SETRA 315
06562542203;USZCZELKA 26X48X1,0
51981820095;RURA WTYKANA
51981820104;RURA WTYKANA
51059010145;USZCZELKA
83255040015;PRZE£•CZNIK MAN 2020
0444042137;POMPA ADBLUE SOLARIS DAF EURO 6
861257;PRZEKAèNIK ROZRUSZNIKA DAF SOLARIS
1457433739;FILTR POWIETRZA
9063560073;ZABEZPIECZENIE KORONKOWE SPRINTER
9064200089;ROZPIERACZ SZCZ K HAMULCOWYCH SPRINTER
0051535528;ZAW”R CIåNIENIA SPRINTER
HST0093;KLUCZE P”£OTWARTE DO PRZEWOD”W
JGT243T;AMORTYZATOR
YT0322;"GRZECHOTKA 3/8"""
YT0331;"GRZECHOTKA 1/4"""
1407000881;SZYBKOZ£•CZE TEKALANU FI6/M12
076892;USZCZELKA G£OWICY
GAT022851;PRZEW”D GUMOWY
KL3194;PRZEW”D GUMOWY
ASM05232;T£UMIK
0219140058P;GUMA T£UMIKA
DBX010TT;ZBIORNIK WYR”WNAWCZY
D200001;ZESTAW WAHACZY
215/50R18;OPONA
2799000224;WIERT£O SDS
2799000133;WIERT£O DO BETONU
354030;USZCZELKA POKRYWY ZAWOR”W
0265009340;CZUJNIK ABS TY£ L SPRINTER
36579;KOREK ZBIORNIKA WYR”WNAWCZEGO
6504045024312Q;B£OTNIK
6504045024311Q;B£OTNIK
4111922;KLUCZ PRZEWOD”W OTWARTY
6504035024581K;REPERATURKA B£OTNIKA
OE648/8;FILTR OLEJU
HP1630K;WIERTARKA UDAROWA MAKITA
0XAT1134;NARZ DZIE DO ZAWOR”W G£OWIC
2K5827574S9B9;LISTWA OåWIETLENIA TABLICY REJESTRACYJNEJ
6505062023011K;REPERATURKA PROGU
P3475;KOMPRESOR ZAWIESZENIA PNEUMATYCZNEGO SPRINTER
540205321910;LAMPY PODåWIETLENIA TABLICY REJESTRACYJNEJ LED 2SZT
6508049571701P;LISTWA DRZWI
2607010545;WIERT£A DO BETONU KPL
0930960300;CZUJNIK SKR TU SOLARIS CANNON
007950024500;OLEJ DO KLIMATYZACJI PAG 46 5L
2290601050;SPRZ G£O KPL
21829;OLEJ PRZEK£ADNIOWY 75W GL-4
95AH/830A;AKUMULATOR
190450219;HALOGEN SPRINTER
2011814252;LAMPA PRZEDNIA LEWA SPRINTER
21015;£•CZNIK STABILIZATORA
JTC2293;WAHACZ
JTC2294;WAHACZ
90688210149;MOCOWANIE LISTWY SPRINTER
90688211149;MOCOWANIE LISTWY SPRINTER
6502083547200P;PAS PRZEDNI SPRINTER
34751012036;SZYBA CZO£OWA
34732015010;ELEMENT åCIANY CZO£OWEJ
36732010131;OS£ONA KOLUMNY KIEROWNICZEJ
36251016073;LAMPA LED
36732010116;PRZES£ONA REFLEKTORA
36732010118;PRZES£ONA REFLEKTORA
0802040254;TULEJA RESORU 12X32X80
9066200024;ATRAPA POD LAMPAMI SPRINTER
350300003600;CH£ODNICA OLEJU
11486;PODUSZKA SILNIKA
23408;PODUSZKA SILNIKA
KR32164;SPR ØYNA GAZOWA
02190107420P;T£UMIK
ASM16084;RURA WYDECHOWA
BOS265895;£•CZNIK RUR
BOS250045;OBEJMA WYDECHU
0024312115;OSUSZACZ SPRINTER 12V
ES1200;AKUMULATOR PRZEMYS£OWY 110AH 760A
SS20034;CZUJNIK ABS
23822;CZUJNIK ABS
23824;CZUJNIK ABS
1507070128;WSPORNIK KIERUNKOWSKAZU
1301990175;WSPORNIK REFLEKTORA
026400256;FILTR POWIETRZA
81416100356;LISTWA ZDERZAKA
4421960RUE;LAMPA TY£
81416100355;LISTWA ZDERZAKA
D41826;ZESTAW NAPRAWCZY ZACISKU
30766;LINKA HAMULCA R CZNEGO
RA6148;SPR ØYNA TY£
DTD152RTJ;ZAKR TARKA UDAROWA MAKITA
OP595/1;FILTR OLEJU
K1362;FILTR KABINY
3PK790;PASEK WIELOROWKOWY
6PK952;PASEK WIELOROWKOWY
3340306;AMORTYZATOR PRZ”D
H90W23;FILTR OLEJU
131SC01276;LAMPA OBRYSOWA
1928868;FILTR OLEJU SOLARIS DAF MX11
01138900;ZABEZPIECZENIE NAKR TKI PIASTY TY£ MERCEDES INTEGRO,SETRA
0299910009;£•CZNIK ELASTYCZNY WYDECHU SOLARIS D£UGI
GDB2122;KLOCKI HAMULCOWE
AP113/8;FILTR POWIETRZA
DF6793;TARCZA HAMULCOWA
ZR9007;FILTR OLEJU DAF SOLARIS
115714001;MECHANIZM WYCIERACZEK
6284605103;POMPA SPRZ G£A
AM14055;åRODEK DO SPRAWDZANIA SZCZELNOåCI
ET0056C1;ZBIORNIK P£YNU CH£ODNICZEGO
YT36711;PALNIK GAZOWY
9068850163;åLIZG ZDERZAKA
6504047526311P;B£OTNIK
MB3580;REFLEKTOR CITARO LEWY
0018209121;LAMPA KIERUNKOWSKAZU LEWA
6288800372;NAROØNIK ZDERZAKA PRZEDNI LEWY CITARO
81255036423;PRZYCISK POCHY£U OBNIØANIA
OP10057;PRZEW”D ZASILAJ•CY TURBOSPR ØARK 
463405;KLAMKA DRZWI Z LINK•
225112;PRZEW”D TURBINY
HP110361;KR”CIEC UK£. CH£ODZENIA
NCP008;USZCZELNIACZ åWIECY
372520;USZCZELKA POKRYWY ZAWOR”W
C21910;"ZESTAW PRZED£UZEK 1/2"""
DF6123;TARCZA HAMULCOWA
178434;OS£ONA TARCZY
SCAPC018;PRZE£•CZNIK W KIEROWNICY
ENT250548;TULEJA USZCZELNIAJ•CA WTRYSKIWACZA
CZH1944;ZACISK HAMULCA
CZH1945;ZACISK HAMULCA
178435;OS£ONA TARCZY
GDB3636;KLOCKI HAMULCOWE
OE669;FILTR OLEJU
102343009421P;MOCOWANIE ZDERZAKA
1502010364;ZAMEK DRZWI WEWN TRZNY
1502030621;MECHANIZM PODNOSZENIA SZYBY
81475016047;SI£OWNIK WSPOMAGANIA
115504755;PRZYCISK WLEWU PALIWA
17560;T£UMIK
21905;T£UMIK
31355;CH£ODNICA OLEJU
319655;AMORTYZATOR
900183;OS£ONY AMORTYZATOR”W
7810051C;WTYCZKA PROSTA 3 PIN
DW1,6;W£•CZNIK SZLIFIERKI K•TOWEJ
16160500015;WAHACZ
16160500016;WAHACZ
OE688/5;FILTR OLEJU
JBJ1092;SWORZE— WAHACZA
G1G066PC;PRZEGUB
530343;PODPORA 14T
YT1948;SZCZYPCE
4971-11;KLUCZYK DO REGULACJI KLOCK”W HAMULCOWYCH
RH592006;AMORTYZATOR UK£ADU KIEROWNICZEGO
166497;PRZEW”D INTERCOOLERA
100729;åRUBA PODPORY WA£KA ROZRZ•DU
24SKV795;PRZEW”D TURBO
800620;USZCZELKA VACU POMPY
818034610;£•CZNIK
2001000975;åRUBA M14X1,5 40MM Z KO£NIERZEM
0703000055;NAKR TKA KO£A M14X1,5 Z KO£NIERZEM
0302990055;GUMA ZBIORNIKA PALIWA
100330020;TARCZA HAMULCOWA
235872001;KLOCKI HAMULCOWE
9298118;ZACISK HAMULCOWY
GCH385;LINKA HAMULCOWA
1602026088;W£•CZNIK SZLIFIERKI BOSH
44949;NAKR TKA KO£A
DBM017TT;ZBIORNIK WYR”WNAWCZY
6510100313;MISKA OLEJOWA SPRINTER
0W30 CASTROL LL;OLEJ SILNIKOWY 0W30 CASTROL LL 5L
97391;OS£ONA TWARZY
SPKFR007;PRZEK£ADNIA KIEROWNICZA
E391L;FILTR POWIETRZA
E60HD110;FILTR OLEJU
E83KP02D140;FILTR PALIWA
E972LI;FILTR KABINY
K2M350;SZCZOTKA DO MYCIA R CZNEGO
MGS01792;NASADKI DO URWANYCH SZPILEK 4SZT
YT7111;MIARA 5M
YT73921;MASKA SPAWALNICZA SAMOåCIEMNIAJ•CA
747050;USZCZELKA KOLEKTORA SS•CEGO
008790;USZCZELKA ZAWORU EGR
06569390071;USZCZELNIENIE PRZEWODU CH£ODNICY
SIMA86;ZESTAW £ACZNIK”W RETARDERA
492961;USZCZELKA KOLEKTORA WYDECHOWEGO
489990;USZCZELKA ZAWORU EGR
FAE75351;SONDA LAMBDA
G8G011PC;PRZEGUB
1507120105;OKULAR REFLEKTORA VOLVO
80X1000;PRZEW”D SILIKONOWY 80X1000
058360;USZCZELKA OBUDOWY ZAWORU ZWROTNEGO
15159526820;MARKER STEATYNOWY SPAWALNICZY
3568100118;ZNACZEK MERCEDESA
AJU77008100;ZESTAW USZCZELEK CH£ODNICY OLEJU
CLMA001;LAMPA KIERUNKOWSKAZU BOK
JTS490;£•CZNIK STABILIZATORA
VAN80065;KOLANKO WYDECHU FI 65
ZGZWG1/4-08;"ZAWOREK D£AWIACY 1/4"" FI8"
CAS158 4L;OLEJ CASTROL 5W30 C3 4L
OBUDOWA KLUCZYKA;OBUDOWA KLUCZYKA
BUS3962;SILNIK NAP DU WENTYLATORA SOLARIS
81720105252;OS£ONA SILNIKA
81720105129;OS£ONA SILNIKA MAN MA£A
1102000051;KOLANKO UK£ADU WYDECHOWEGO FI65 90STOPNI
1507140076;POKRYWA AUKUMULATORA
M16X1,5;TR”JNIK BBA M16X1,5 10L
FOLIA OCHRONNA;FOLIA OCHRONNA
112101;POMPA PALIWA
01210800;USZCZELKA EGR
0216095;USZCZELKA EGR
179807;WAHACZ
179809;WAHACZ
KS00001831;POMPA PRZEK£ADNI KIEROWNICZEJ 0034600980
6286833808;OS£ONA SILNIKA MERCEDES CITARO
CE0184112B1;CEWKA
MA20A90;SPRAY DO CZYSZCZENIA DPF
G8G009PC;PRZEGUB
LAU667020;PRZEK£ADNIA KIEROWNICZA
0281006074;ZAW”R REGULACJI CIåNIENIA
890634;KOMPRESOR KLIMATYZACJI
E2123L;FILTR POWIETRZA
44119;TARCZA HAMULCOWA
GDB2138;KLOCKI HAMULCOWE
H344W;FILTR OLEJU
JGM1183T;AMORTYZATOR
K1343;FILT KABINY
RX609032;CH£ODNICA SILNIKA MAN LIONS 900X920
496512100;USZCZELKA UK£ADU WYDECHOWEGO
FAE12410;CZUJNIK CIåNIENIA OLEJU
713678950;£OØYSKO KO£A
QB1050848;ZESTAW MONTAØOWY SZCZ K HAMULCOWYCH
KOTWA CHEMICZNA;KOTWA CHEMICZNA
175210;KLOCKI HAMULCOWE
YT70880;K•TOWNIK NASTAWNY
JQ212030;SZCZ KI HAMULCOWE
585100;PODK£ADKA WTRYSKIWACZA
CZH1265;ZACISK HAMULCOWY
CZH1264;ZACISK HAMULCOWY
3358013;AMORTYZATOR
3358014;AMORTYZATOR
15W40 WOLF 5L;OLEJ SILNIKOWY 15W40 WOLF 5L
910128;OS£ONA AMORTYZATORA KPL
CAS125 1L;OLEJ SILNIKOWY CASTROL 0W30 STAR STOP 1L
CAS125 5L;OLEJ SILNIKOWY CASTROL 0W30 START STOP 5L
27305;£•CZNIK STABILIZATORA
44176;FILTR OLEJU SKRZYNI
MGS13119;åCI•GACZ DO SPR ØYN
RA3540;SPR ØYNA AMORTYZATORA
SM5676;£OØYSKO AMORTYZATORA
05301;UCHWYT DO SZYB
SPIRAX S5 5L;OLEJ SPIRAX S5 5L DO SKRZYNI DSG/DCT
2600766;KLOCKI HAMULCOWE FORD TRANSIT 750 PRZ”D
ZAPALARKA;ZAPALARKA
6505067514015P;REPERATURKA PROGU
120150;G£OWICA SPR ØARKI
0102016;PRZEW”D UK£ADU CH£ODZENIA
382294;PRZEW”D UK£ADU CH£ODZENIA
PRZEW”D ELEKTRYCZNY 1 ØY£OWY 2,5MM2;PRZEW”D ELEKTRYCZNY 1 ØY£OWY 2,5MM2
0802040702;TULEJA RESORU MAN
2001000296;åRUBA M20X160
B0120253;R•CZKA SPAWALNICZA 5M
NRF32925;KOMPRESOR KLIMATYZACJI SPRINTER 4 PRZEWODY
KABEL OBD;KABEL OBD
713678790;£OØYSKO KO£A
0501000532;SPRZ G£O KPL. MAN
1305010290;LAMPA OBRYSOWA 111X51
C60580;SPINKA TAPICERSKA 10SZT BLASZKA
ROM45195;SPINKA TAPICERSKA WKR T 4,7 10SZT
C70510;SPINKA TAPICERSKA WKR T 5MM 10SZT
36697;PODUSZKA SILNIKA
37648;CZUJNIK POZIOMU P£UNU SPRINTER
GDB2180;KLOCKI HAMULCOWE
HST0304;ZESTAW KLUCZY IMBUSOWYCH
55490097;åWIECA ZAP£ONOWA
HZTNS002A;JARZMO HAMULCA
544013610;KO£O PASOWE WA£U KORBOWEGO
0216005023473P;MISKA OLEJOWA
NRF32851;KOMPRESOR KLIMATYZACJI
ENT491002;KR”CIEC PRZEW”D WLEWU PALIWA
1K0899185;ZAåLEPKA
0035405517;CZUJNIK POZIOMU PALIWA Z P£YWAKIEM
0028354847;FILTR KIEROWCY
55595279;NASTAWNIK FAZ ROZRZ•DU
GAT022469;PRZEW”D NAGRZEWNICY
183585152;LAMPA KIERUNKOWSKAZU BOK
1987473070;CZYJNIKI ZUØYCIA KLOCK”W
24819000672;CZUJNIKI KLOCK”W HAMULCOWYCH
2650LM;DODATEK DO OCHRONY DPF
713618770;£OØYSKO KO£A
27897;£•CZNIK STABILIZATORA
U5056;CEWKA ZAP£ONOWA
JGT218S;AMORTYZATOR
DF6019S;TARCZA HAMULCOWA
GDB1960;KLOCKI HAMULCOWE
LMI34711;SILENTBLOCK WAHACZA
OLEJ 15W40 MOBL;OLEJ SILNIKOWY 15W40 MOBIL 5L
14101024;PIASTA KO£A
58100231700;åLIZGI FOTELA ,SIEDZISKA
EWHHD001;W£•CZNIK HAMULCA R CZNEGO
890714;SPR ØARKA KLIMATYZACJI 7875
65AH/650A;AKUMULATOR
3397007638;PI”RA WYCIERACZEK
16718;KLOCKI HAMULCOWE
24620;TARCZA HAMULCOWA
46395;åRUBA MISKI OLEJOWEJ
HLME002R;REFLEKTOR PRZEDNI PRAWY AXOR
CLME005R;LAMPA KIERUNKOWSKAZU AXOR P
CLME005L;LAMPA KIERUNKOWSKAZU AXOR L
6505069523002K;REPERATURKA PROGU
6505069523001K;REPERATURKA PROGU
428470;USZCZELKA POKRYWY ZAWOR”W
428480;USZCZELKA POKRYWY ZAWOR”W
AUG75651;PIERåCIEN ABS PRZ”D
32300;CZUJNIK SWIATE£ STOP
38X72X10;USZCZELNIACZ 38X72X10
0008902601;ZESTAW NAPRAWCZY OBROTNICY SOLARIS/CITARO
26500938804;FILTR KABINY MAN
0242236658;åWIECA ZAP£ONOWA
AP056;FILTR POWIETRZA
D43397S;REPERATURKA ZACISKU
GDB1789;KLOCKI HAMULCOWE
1987429404;FILTR POWIETRZA
0281002937;CZUJNIK CIåNIENIA PALIWA
TC787;WAHACZ
PBO80540;FARBA ØAROODPORNA
3116709406;SZYBA BOCZNA PODW”JNA LEWA STRONA ZA KIEROWC•
NAPRAWA WYSWIETLACZA;NAPRAWA WYåWIETLACZA
112822;ROZRUSZNIK
1507032555;PO£•CZENIE MECHANIZMU WYCIERACZEK SWORZNIE
3000950098;SPRZ G£O
C60572;SPINKA TAPICERSKA 5SZT
07041;PRZEGUB ZMIANY BIEG”W M6 P
C70392;SPINKA TAPICERSKA 5SZT
CSZ1002ABE;SILNIK ZACISKU HAMULCOWEGO
B0502124;ROLKA NAPINACZA
80AH/800A;AKUMULATOR
37579;CZUJNIK STOP
6DD010966681;CZUJNIK STOP
KR32347;SPR ØYNA GAZOWA
540305312840P;LAMPA KIERUNKOWSKAZU
AUG10593;PRZEGUB ZMIANY BIEG”W M6 PRAWY
150535002;LAMPA OSWIETLENIA TABLICY REJESTRACYJNEJ
221070;P”£Oå
FH2350400;SEPARATOR PALIWA ODSTOJNIK KPL. SOLARIS
BOS261860;RURA WYDECHU FI60MM
BOS950089;RURA WYDECHU
QB1091218;ZESTAW NAPRAWCZY ZACISKU
QB1131464X;ZESTAW NAPRAWCZY ZACISKU
60AH/540A;AKUMULATOR L+
601001016449P;ZAMEK POKRYWY BAGAØNIKA
6PK1249;PASEK WIELOKLINOWY
8ET358095311;PRZEP£YWOMIERZ
ERRA105301;SZYBKOZ£•CZE KLIMATYZACJI CZERWONE 1/4
6102021232918P;WK£AD LUSTRA P
AUG53393;CI GNO ZAWORU POZIOMUJACEGO
PN10279;CI GNO ZAWORU POZIOMUJ•CEGO
27299;£•CZNIK STABILIZATORA
WUH700;PI”RO WYCIERACZKI 700MM
0605010921;NAKR TKAWA£KA ATAKU DAF
80X120X13/17;USZCZELNIACZ WA£KA ATAKU DAF
YT7529;OSTRZA DO NOØA £AMANE
1109970481;TULEJKA
27E25;PI”RA WYCIERACZKI
110622012;LAMPA TY£
EZP12;ELEKTROZAW”R MAGNETYCZNY ZAWIESZENIA 12V
NASADKA;"NASADKA 16MM 1/2"""
130443;£OØYSKO MOSTU DAF
4461901530;POTENCJOMETR DRZWI MERCEDES SOLARIS
DDM026TT;SILNIK DMUCHAWY SPRINTER
ENT491010;PRZEW”D WLEWU OLEJU MAN LIONS
2001000671;åRUBA M12X40
HLSC001L-R;SZK£O REFLEKTORA
C7W006ABE;LINKA HAMULCA R CZNEGO
CZH1211;ZACISK HAMULCOWY
YT6423;åCISK åRUBOWY
YT64252;åCISK åRUBOWY
375510;USZCZELKA POKRYWY
722382;USZCZELKA TURBINY
HST0460;REDUKCJA NASADKI
YT36171;NITOWNICA PNEUMATYCZNA
YT3853;REDUKCJA KLUCZA
YT4692;PUNKTAK
YT4700;PRZECINAK
YT70786;K•TOWNIK CIESIELSKI
42100895;£OØYSKO MOSTU DAF
1100250100;ZERSTAW USZCZELEK KOMPRESORA
M90R3553SE;ROZRUSZNIK MERCEDES CITARO 13Z
1987482864;LINKA HAMULCOWA
95569;OSUSZACZ KLIMATYZACJI
115165;W£•CZNIK åWIATE£
SET1193;£OØYSKO MOSTU
TEQ03170;SI£OWNIK PODNOSZENIA KABINY
K1318;FILTR KABINY
VA18-AP51/C-41S;WENTYLATOR OSIOWY 12V
5263485;SPR ØYNA ZAWIESZENIA
530069931;ZESTAW ROZRZ•DU
K016PK1263;ZESTAW PASKA PK
100785;MOCOWANIE AMORTYZATORA
45037;MOCOWANIE AMORTYZATORA
9091901233;åWIECA ZAP£ONOWA
PR141075;PODNOåNIK SZYBY
1986S00934;ROZRUSZNIK
530019610;ROZRZ•D KPL.
713644140;£OØYSKO PIASTY
E1004L;FILTR POWIETRZA
E1619L;FILTR POWIETRZA
E1959LC;FILTR KABINY
E5965LC;FILTR KABINY
171616;MISKA OLEJU
34608;OLEJ SKRZYNI BIEG”W
H355WK;FILTR PALIWA
JTS643;£•CZNIK STABILIZATORA
KS00910008;POMPA WSPOMAGANIA
PML373;POMPA HAMULCOWA
0804010267;åRUBA M20X180
BKL1500;SZLIFIERKA STO£OWA
6505062092001P;PR”G
6505062092002P;PR”G
35104;RURA WYDECHOWA
CONDOR;ZESTAW KLUCZY P£ASKO-OCZKOWYCH 4-32
4RD007794021;PRZEKAØNIK ELEKTRYCZNY 12V
6505062092042K;PR”G
6505062092001K;PR”G
83255040014;PRZE£•CZNIK POKRYWA MAN 2020
68251;åRUBA MOCOWANIA SIERØANTA ACTROS
0059970189;TULEJKA MOCOWANIA LAMPY TY£ CITARO
0209900501;åRUBA STABILIZATORA
9063261540;OBEJMA STABILIZATORA
36066506002;POMPA WENTYLATORA MAN 2020
1602030034;SILNIK DMUCHAWY MAN
1407001053;SZYBKOZ£•CZE PNEUMATYCZNE
1407000364;SZYBKOZ£•CZE PNEUMATYCZNE
1404020189;ZAW”R ODCINAJ•CY
DRUTMIGO0,8;DRUT SPAWALNICZY 0,8
0004018749;PAROWNIK
5300008607;RURA KLIMATYZACJI
5300008615;RURA KLIMATYZACJI
TRI313326;KOREK ZBIORNIKA WYR”WNAWCZEGO SPRINTER
TC2279;£•CZNIK STABILIZATORA
001407;PREPARAT DO WYKRYWANIA NIESZCZELNOåCI
GZBVW017;GA£KA ZMIANY BIEG”W
116709211;WTYCZKA ELEKTRYCZNA NOX
K3G097AK28-20;DMUCHAWA NAGRZEWNICY
710334030;ZAW”R EGR
0061537328;CZUJNIK SPALIN NOX MERCEDES
469688;PODGRZEWACZ DO DOZOWNIKA ADBLUE
872860541;WTYCZKA NOX
360081029013C;CZUJNIK CISNIENIA POWIETRZA M12X1,5 1-åRUBKA
145X175X13;USZCZELNIACZ
HEP210164;ROZRZ•D KPL
0250204001;åWIECA ØAROWA
0250603024;åWIECA ØAROWA
05312381;MOCOWANIE ZDERZAKA
8509902;SI£OWNIK SPRZ G£A
320153;KOMPRESOR KLIMATYZACJI
0930921221;SWORZE— OBROTNICY KPL KR”TKI SOLARIS
0930921321;SWORZE— OBROTNICY KPL D£UGI SOLARIS
6288802671;ZDERZAK TYLNY åRODKOWY CITARO
LMI39582;WAHACZ
LMI39583;WAHACZ
5504009523932P;MOCOWANIE ZDERZAKA
HP90451500;BLOKADA ROZRZ•DU SPRINTER
E444KPD308;FILTR PALIWA
001RS001110N0;ZESTAW PIERåCIENI T£OKA
6288850305;NAROØNIK ZDERZAKA PRAWY SETRA NF
0700600010;SPRZ G£O HUDROKINETYCZNE
313011300081;POMPA PALIWA
313011313045;POMPA PALIWA
DCP17151;KOMPRESOR KLIMATYZACJI SPRINTER
GDB3464;KLOCKI HAMULCOWE
GN056;åWIECA ØAROWA
0700600010 RDZEN;SPRZ G£O RDZE—
02190117599P;T£UMIK
02190117615P;T£UMIK
WALK82308;OBEJMA UK£ADU WYDECHOWEGO
ASM05279;T£UMIK
943/513;OS£ONA LUSTERKA
CAR335203;ELEKTROMAGNES ROZRUSZNIKA
6505062092041P;REPERATURKA PROGU
6505062092042P;REPERATURKA PROGU
57SKV188;OS£ONA TARCZY HAMULCOWEJ
305390755;DYSZA SPRYSKIWACZA
106336;WAHACZ
PAG 46 1L;OLEJ DO SPR ØARKI
AMAN0027ACLSL;SZYBA PRZEDNIA MAN LIONS A21 LEWA
6508061303936P;MOCOWANIE ZDERZAKA
6508061303935P;MOCOWANIE ZDERZAKA
48223100;MARKER DO METALU
SONIC CZYSCIWO;P£YN DO MYJKI ULTRADèWIEKOWEJ Eskaphor N6585 2KG
6286471104;NAROØNIK LEWY G”RNY CITARO
AUG69480;PRZEW”D UK£ADU CH£ODZENIA SPRINTER
GAT022018;PRZEW”D UK£ADU CH£ODZENIA
NRF49535;SPRZ G£O WENTYLATORA WISKO SPRINTER
BOS256652;USZCELKA UK£ADU WYDECHOWEGO FI 60
601003039423P;KLAMKA
YT0465;UCHWYT DO BIT”W
1050726;ZESTAW MONTAØOWY SZCZ K
31001273;KIERUNKOWSKAZ
31001283;KIERUNKOWSKAZ
GDB1437;KLOCKI HAMULCOWE
GS8639;SZCZ KI HAMULCOWE KPL
PN10228;ZAW”R 2/3 DROØNY KOSTKA ALU. REXROTH P862
APV2409;ROLKA PASKA
VKMCV51018;ROLKA PASKA
M0092;AMORTYZATOR PRZ”D
584500;åRUBA G£OWICY KPL
100270;PODUSZKA SILNIKA
39157;PODUSZKA SILNIKA
YT09515;KLUCZ PNEUMATYCZNY
SM5610;PODUSZKA AMORTYZATORA
601003039417P;KLAMKA
0501210798;FILTR SKRZYNI BIEG”W
LCC400;LINKA ZAMKA
92895E;TERMOSTAT
1382031;åRUBA
5W30 205L;5W30 ORLEN ULTOR PERFECT 205L E6-E11
713668040;£OØYSKA PIASTY KPL SPRINTER TY£
LP0965;KLOCKI HAMULCOWE
TEX3151/T07;PRZEW”D DO TESTERA USTEREK TEX
AR327/1;FILTR POWIETRZA
C1150;FILTR POWIETRZA
AF25551;FILTR POWIETRZA
1102002581;RURA WYDECHU
1101000649;T£UMIK
1102000216;£•CZNIK ELASTYCZNY WYDECHU
KAMIENIE DO ZAPALARKI;KAMIENIE DO ZAPALARKI
CEWKA LINING;CEWKA KOMPRESORA LINING Z PRZEWODEM145X207
457670;USZCZELKA G£OWICY
530037530;ROZRZ•D KPL
762811;USZCZELKA G£OWICY
AP150/1;FILTR POWIETRZA
685220;ZESTAW USZCZELEK SILNIKA
CLME009L;LAMPA KIERUNKOWSKAZU L
1986AD1002;KOMPRESOR KLIMATYZACJI
498910;USZCZELKA MISKI
810900214;FILTR OSUSZACZA KLIMATYZACJI SDD 05 15,4MM
VKPA81341;POMPA WODY Z TERMOSTATEM
V104915;KOREK WLEWU OLEJU
901762;ZESTAW MONTAØOWY KLOCK”W HAMULCOWYCH SPRINTER PRZ”D
4932480356;ZESTAW REDUKCJI
VKML88002;ROZRZ•D ZESTAW
0029919770;SPINKA MOCUJ•CA
3326101;PODUSZKA SILNIKA
530036930;ROZRZ•D KPL
559010610;£A—CUCH ROZRZ•DU
A6095PR;ALTERNATOR
K1247A;FILTR KABINOWY
PR141265;PODNOSNIK SZYBY
SBP1500;PASEK KLINOWY
YT10671;ZESTAW REDUKCJI
175143;USZCZELKA MISKI OLEJOWEJ SPRINTER
SW99130300;ZESTAW ROZRZ•DU
AMAN0013AGNS;SZYBA BOCZNA Z LUFCIKIEM
1506782;PRZEW”D TEX
0720387948;CZUJNIK ZUØYCIA KLOCK”W SOLARIS
G6R013PC;OS£ONA PRZEGUBU
1802000184;ZAWIESIE
1507011187;ZDERZAK AROCS
1507110197;KRATKA ZDERZAKA AROCS
186362;CZUNIK CIåNIENIA ADBLUE
1210000369;WTYCZKA LAMPY TY£ AROCS 7 PIN.
36963406019;PRZEW”D GI TKI
1102733010;MODULATOR OSIOWY
36061400040;ADAPTER
0004062701;CH£ODNICA WODY
9418201021;LAMPA KIERUNKOWSKAZU AXOR
DIN17201;RURA WYDECHOWA SOLARIS
WT/WSK1914;ZESTAW NAPRAWCZY ZAWORU POWIETRZA
C70795;BLASZKA MONTAØOWA
HST0231;SZCZYPCE DO OPASEK PRZEGUBU
KR1700063;G£OWICA KOMPRESORA
KR4700060;G£OWICA KOMPRESORA
2203000490;POKROWCE FOTELA
0804010031;åRUBA M14X110 WSP. STABILIZATORA MAN
153740;USZCZELNIACZ WA£KA
198283;åRUBA WTRYSKIWACZA
871430;USZCZELKI WTRYSKIWACZA
459942;USZCZELKI POMPY
YT1505;NASADKA DO WR TARKI
0002681991;LINKA ZMIANY BIEG”W 9400MM
23019010;ZAW”R G£. H-CA
F00VC17503K;USZCZELKA WTRYSKIWACZA SPRINTER 10SZT
KONTROLKA;ØAR”WKA Z OBUDOW• 24V
6328801472;ZDERZAK PRZ”D PRWY SETRA S415
AA108000P;SILNIK REGULACJI KLAPEK NADMUCHU SPRINTER
529010310;ZESTAW PASKA PK
KR23165;SPR ØYNA GAZOWA
NIS93163;TURBOSPR ØARKA
30365;FILTR POWIETRZA
K2B525;PISTOLET DO SILIKONU
MOT102782;OLEJ SILNIKOWY MOTUL 8100 ECO 5W30 1L
MERFP051L;UCHWYT ATRAPY L
0242229923;åWIECA KPL
GN1050312B1;CEWKA ZAP£ONOWA
CZH1223;ZACISK HAMULCA
LIN380113;LINKA HAMULCA R CZNEGO
WP033;PRZEW”D HAMULCOWY
NTK90130;SONDA LAMBDA
HR2630T;M£OTOWIERTARKA MAKITA SDS + WYMIENNY UCHWYT
529047020;ZESTAW ROZRZ•DU
5PK705;PASEK WIELOROWKOWY
AP035/5;FILTR POWIETRZA
F026400600;FILTR POWIETRZA
K2D0155;PIANA AKTYWNA
KTBWP2530;ZESTAW ROZRZ•DU
MOT102787;OLEJ 4T
MOT111657;OLEJ SILNIKOWY MOTUL 0W30 X-CLEAN 8100 EFE 1L
MOT111678;OLEJ SILNIKOWY MOTUL 0W30 X-CLEAN 8100 EFE 5L
OE695;FILTR OLEJU
463110;CZUJNIK STOP
6PT009309391;CZUJNIK TEMPERATURY P£YNU
1910482;USZCZELNIENIA PRZEWODU PRZEK£ADNI KIEROWNICZEJ FORD
MMTA109003;RAMKA TABLICY REJESTRACYJNEJ
PMN228;POMPA HAMULCOWA
0265007928;CZUJNIK ABS
6PX358141051;CZUJNIK ODLEG£OSCI
85W90 1L;OLEJ PRZEK£ADNIOWY 85W90 1L
5010511981BP;LUSTERKO ZEW.
RH054002;WAHACZ
CCZ1606ABE;CZUJNIK ABS
CCZ1605ABE;CZUJNIK ABS
FG112512B1;POMPA PALIWA
IMP25204;USZCZELKA POMPY PALIWA
0265007930;CZUJNIK ABS
51274210337;CZUJNIK TEMPERATURY P£YNU MAN 2020
0261230238;CZUJNIK CIåNIENIA
713617040;£OØYSKO KO£A
840077410;KO—C”WKA DR•ØKA
19387;SWORZE— WAHACZA
RD1092;SPR ØYNA AMORTYZATORA
AMAN011ACLS;SZYBA BOCZNA CITARO TY£ LEWA
AMER0035ACSSM6T;SZYBA BOCZNA Z LUFCIKIEM CITARO
2301905030;ZAMEK KLAPY
1987302907;ØAR”WKA D3S
JGM566S;AMORTYZATOR
34730;WAHACZ
34731;WAHACZ
42018;TULEJA WAHACZA
42176;WAHACZ
42177;WAHACZ
0120390070;WTRYSKIWACZ ADBLUE CUMMINS
0XAT7007;GLIKOMETR
40294M/8;"NASADKA TRZPIENIOWA 1/2"" RIBE 8"
621352755;PREZE£•CZNIK ZESPOLONY åWIATE£
890217;KOMPRESOR KLIMATYZACJI
300281;DR•ØEK KIEROWNICZY POPRZECZNY 695MM MAN 2020
21,8X35X7;USZCZELNIACZ
4932430852;BIT PH2 2SZT
49394599;USZCZELNIACZ WA£U
890000;CZUJNIK COFANIA
4932471959;WIERT£O DO CERAMIKI
MD23808;W£•CZNIK åWIATE£
0242135510;åWIECA ZAP£ONOWA
POMPKA DO ODKURZACZA;POMPKA DO ODKURZACZA PIOR•CEGO PUZZI
WK930/4;FILTR PALIWA
700782040;ZAW”R CISNIENIA
KSC4072;WAHACZ
KSC4073;WAHACZ
YT04372;"IMBUS 5 1/4"""
300426;OS£ONA PRZEGUBU
26770;REDUKTOR CIåNIENIA
CS220;SI£OWNIK SPRZ G£A
PURHA0093;FILTR POWIETRZA
2214000005;NAKLEJKA PR DKOåCI 100
MD77241;POMPA PALIWA
1987435069;FILTR KABINY
SBP1900;PASEK KLINOWY
E1516L;FILTR POWIETRZA
EL7320102;RURA DO ELMAX
2995655;FILTR OLEJU
W•Ø DO ODKURZACZA PUZZI 2,5M;W•Ø DO ODKURZACZA PUZZI 2,5M
180142;KR”CIEC UK£. CH£ODZENIA
1T0122157CJ;PRZEW”D NAGRZEWNICY
3C0121157AB;PRZEW”D UK£. CH£ODZENIA
6PK1990;PASEK WIELOROWKOWY
530023230;ROZRZ•D KPL
530076431;ROZRZ•D KPL
AR316/2;FILTR POWIETRZA
OP592/9;FILTR OLEJU
177731;WAHACZ
325085;MOCOWANIE ZBIORNIKA PALIWA
714490040;PRZEP£YWOMIERZ POWIETRZA
YT82288;OPALARKA
D4777;REPERATURKA ZACISKU
D7094C;REPERATURKA ZACISKU
DF3021;TARCZA HAMULCOWA
GDB3375;KLOCKI HAMULCOWE
HST0413;ZESTAW DO WYCINANIA SZYB
4333003854;£•CZNIK GUMOWY ZAWORU POZIOMUJ•CEGO FI6
4932479948;WIERT£A DO CERAMIKI ZESTAW
4800000541;åLIZG LUSTRA SOLARIS
24372704732;LINKA HAMULCA R CZNEGO
KS00000422;POMPA WSPOMAGANIA KIEROWNICY
49151;ZESTAW DO WYCINANIA SZYB FORCH
0155426017;CZUJNIK POZIOMU ADBLUE
9067400900;LISTWA LAMPA TABLICY SPRINTER
1283UNI;PRZEGUB DRZWI LEWY M10/M10
1282UNI;PRZEGUB DRZWI PRAWY M10/10
TD1754W;SILENTBLOCK WAHACZA
5602000120003;SILNIK NAP DU DRZWI
NGK7311;åWIECA ZAP£ONOWA
1237330821;KONDENSATOR ZAP£ONOWY
3000990437;SPRZ G£O KPL
466042;USZCZELNIACZ SKRZYNI
588620;USZCZELNIACZ WA£U
825042210;£•CZNIK STABILIZATORA
KSLF1029;£•CZNIK STABILIZATORA
ERRA107701;Z£ACZE KLIMATYZACJI PROSTE CZERWONE
ERRA107801;Z£•CZE KLIMATYZACJI PROSTE NIEBIESKIE
D7050;SZCZOTKA NA WIERTARKE
00442940;TULEJA WAHACZA
AM19628;ZESTAW SZCZOTEK
6336731906;SZYBA BOCZNA MERCEDES 1814X1128
EL2201;OSUSZACZ KPL. Z ELEKTRONIK• MERCEDES
0429012;åRUBA WAHACZA
006006;SZPACHELKI LAKIERNICZE
255502;WIESZAK WYDECHU
600036400;SPRZ G£O KPL
890012;CZUJNIK COFANIA
890017;CZUJNIK COFANIA
DP1310140112;WIESZAK T£UMIKA
YT2155;SZCZYPCE MORSA
9062670500;CI GNO WYBIERAKA SKRZYNI BIEG”W
0301990188;SZYBKOZ£•CZE PRZEWODU PALIWA K•TOWE Q8
4750150390;ZAW”R OGRANICZAJ•CY CIåNIENIE 8,5 BAR
B3033CW;NUMERATORY
HST612;ZESTAW DO NAPRAWY OPONY
MGS01821;PRASA DO SWORZNI SPRINTER
OE023442;ZAåLEPKA BLOKU
120W;PIERåCIE— 120W
6FH007832101;PRZE£•CZNIK
1001991402/S;PODUSZKI SILNIKA
1001991404/S;PODUSZKA SILNIKA
12330;POMPA SPRZ G£A
WS6760;SZK£O LUSTERKA VOLVO
0281002676;CZUJNIK PO£OØENIA WA£U SOLARIS
YT07605;KLUCZ DYNAMOMETRYCZNY
0039971771;KRUCIEC ZAWORU ADBLUE SETRA 415
6284710124;KRUCIEC ZBIORNIKA ADBLUE SETRA 415
3397016117;PI”RA WYCIERACZEK
B8HS;åWIECA ZAP£ONOWA
HST0094;KLUCZE TORX 9SZT
YT06123;åCI•GACZ DO SWORZNI
8ET009142861;PRZEP£YWOMIERZ
K001319N00;KOMPRESOR SPR ØONEGO POWIETRZA
P958829;FILTR POWIETRZA
FT84411;WIESZAK WYDECHU
6DPK2215;PASEK WIELOROWKOWY DWUSTRONNY
1004980088;PRZEGUB
YT45294;M£OTEK MIEDZIANY 1000G
SS11270;CZUJNIK POLOØENIA WA£U
PN10740;OSUSZACZ
VKM34701;ROLKA PROWADZ•CA PASKA WIELOROWKOWEGO
926860;ZESTAW USZCZELEK SILNIKA SOLARIS F4AE0681A
0986594555;CZUJNIK ABS
HST0253;KLUCZ DYNAMOMETRYCZNY
1TP150;PRZEKAèNIK CZASOWY ZW£OCZNY 12V
1507080040;OBUDOWA STOPNIA
T38773;NAPINACZ PASKA SOLARIS
00993N0;PIERåCIENIE T£OKOWE SOLARIS F4BE
ENT100138;POMPA PALIWA
13X1184;PASEK KLINOWY
AP130/8;FILTR POWIETRZA
DRM0606;NAKR TKA PRZEWODU WSPOMAGANIA
6601010032804PP;NADKOLE
2593215;PRZEW”D UK£ADU WSPOMAGANIA
G9U040BTA;KRZYØAK WA£U 30X80,15
ENT100069;POMPA PALIWA
VKDCV01011;TULEJA STABILIZATORA MAN CUKIEREK
8960801724;SPR ØYNA SI£OWNIKA
0125424217;CZUJNIK IMPULSOWY SKRZYNI BIEG”W MERCEDES
0004047921;CZUJNIK TEMPERATURY
0004662868;KRA—C”WKA
0120390042;NAKR TKA
577980;PI”RA WYCIERACZEK VALEO
984451;USZCZELKA MISKI
PP966/3;FILTR PALIWA
804526;ZESTAW USZCZELEK G”RA OM926 MERCEDES
ENT010388;USZCZELKA POKRYWY ZAWOR”W PERKINS
3681E021;USZCZELKA G£OWICY PERKINS
MERMR067L;OS£ONA LUSTERKA G”RNA ACTROS
0481511001;ZAW”R PNEUMATYCZNY
695710;USZCZELKA POMPY
SQ44010004;OPORNIK DMUCHAWY
YT2380;ODWADNIACZ
COD22;LINKA HAMULCOWA
0008207364;LAMPA TY£ LEWA SETRA NF
0008308970;SKRAPLACZ KLIMATYZACJI
02190124005P;T£UMIK
AUG53900;OS£ONA B BNA
47297;TULEJA METALOWA ZAWIESZENIA KABINY
ENT120036;WTYCZKA PRZEWODU
PNA16/16;SZYBKOZ£•CZE TEKALANU FI16 PROSTE
HP409597;MIARKA POZIOMU OLEJU
0219140054P;WIESZAK UK£ADU WYDECHOWEGO
1951646;FILTR OLEJU KPL. DAF SOLARIS
215/45R16;OPONA
CRK127;ZESTAW NAPRAWCZY ZACISKU HAMULCOWEGO
530023810;ROZRZ•D KPL
ZESTAW ZAWIESZENIA;ZESTAW ZAWIESZENIA PNEUMATYCZNEGO
10070509;LINKA OTWIERANIA MASKI
79389600;PANEWKI KORBOWODOWE
5506003281950P;ZDERZAK
KR31865;SPR ØYNA GAZOWA
5511009543225P;SPOJLER ZDERZAKA
47762;PROWADNICA DRZWI PRZESUWNYCH SPRINTER
32103;FILTR OLEJU
GDB496;KLOCKI HAMULCOWE
5W30 JASOL 4L;OLEJ SILNIKOWY 5W30 JASOL 4L
180467112;LAMPA KIERUNKOWSKAZU BOK
492180;USZCZELKA TURBINY DAF SOLARIS
143217202;ZESTAW åRUB G£OWICY
49371317;PRZEW”D OLEJU MAN
KL778;FILTR PALIWA
109621;FILTR OLEJU
AKC029M27;PIERåCIE— USZCZELNIAJ•CY (blasz.gumka) M27
130X150X13;USZCZELNIACZ WA£U DAF RVI
0201030348;ZESTAW PIERåCIENI T£OKA
81981806062;WTYCZKA K•TOWA
WKR TAK UDAROWY;WKR TAK UDAROWY
M£OTEK PNEUMATYCZNY UDAROWY;M£OTEK PNEUMATYCZNY UDAROWY
1210000222;WTYCZKA 2 PINY VOLVO LAMPY OBRYSOWEJ
1305011698;LAMPA OBRYSOWA VOLVO
940113190064;SZCZOTKI ROZRUSZNIKA
2479ALU;RURA WYDECHU
249730;USZCZELNIACZ VW
F171525;MIARKA POZIOMU OLEJU
27638;TULEJA STABILIZATORA
OP580/8;FILTR OLEJU
11PK2040;PASEK WIELOROWKOWY
JHZ5082;AMORTYZATOR PRZ”D
172514;CZUJNIK KLOCK”W HAMULCOWYCH
4932493869;ZESTAW WIERTE£ DO METALU MILWAUKEE
K2754;PRZEW”D SILIKONOWY 40X1000
ASOL0009ACLS;SZYBA PRZEDNIA SOLARIS
PN10348;ZAW”R HAMULCA R CZNEGO
PE816/3;FILTR PALIWA
A148334;ALTERNATOR MERCEDES
AUG74310;POMPA SPRZ G£A
ENT120097;WTYCZKA PRZEWODU PALIWOWEGO KATOWA FI11,8
1305011314;LAMPA OBRYSOWA CZERWONA 254X24
MMTA042TM413207;WYK£ADZINA BAGAØNIKA
01505;SILENTBLOCK RESORU
10021;TULEJA WAHACZA
12002;£•CZNIK STABILIZATORA
12102;OS£ONA PRZEK£ADNI KIEROWNICZEJ
19276;SWORZEN WAHACZA
GDB1204;KLOCKI HAMULCOWE
002550;LAMPA ULICZNA 60W VESPA
1890110;WI•ZKA HAMULC”W TY£ FORD
TC2000 20L;P£YN DO MYCIA 20L
8P0837220G;OBUDOWA KLUCZYKA
030155;ZAW”R D TKOWY GP5 TR-13
24V H15;ØAR”WKA H15 64177
HP701459;MIARKA OLEJU
AUG65096;KRZYØAK 30X82
0434250072;KO—C”WKA WTRYSKIWACZA
6601022556860P;OS£ONA SILNIKA
351210;USZCZELKA CZUJNIKA OLEJU
802417;ZESTAW MONTAØOWY AMORTYZATOR”W
C190976;OS£ONA PRZEGUBU
GDB2042;KLOCKI HAMULCOWE
YT1281;"NASADKA 19MM 1/2"" 12-K•TNA"
JTC421;WAHACZ
JTC345;WAHACZ
2702001163;PODNOåNIK ØABA 3T
2701000633;"NASADKA 17MM 1/2"" 12-K•TNA"
0299001512;CZUJNIK CIåNIENIA
0000073530;PRZEW”D HAMULCOWY
0004054986;MODU£ LED NAD DRZWI
0004361039;ZBIORNIK ADBLUE
0004047381;MULTIPLEKSER MUX2
0120302993;CZUJNIK CIåNIENIA
924867;PODK£ADKA WTRYSKIWACZA
30633;PODUSZKA SILNIKA
KR23866;SPR ØYNA GAZOWA
9405280982;PRZEW”D DOLOTOWY POWIETRZA INTOURO
OF690;MANETKI
11120811A;POMPA PALIWA THERMO PLUS
206065352;REFLEKTOR P
206066352;REFLEKTOR L
215/50R17;OPONA
YT3726;WIERT£O 6
EZCVW081;KLAMKA
LIN030101;LINKA HAMULCA R CZNEGO
6504042533314P;B£OTNIK PRZ”D
6504032533582K;REPERATURKA B£OTNIKA
FOLIA 0,3MM;FOLIA PRZEZROCZYSTA 0,3MM 700X1000
0250603008;åWIECA ØAROWA
498701;TAåMA TEFLONOWA
AB6;åWIECA
026400553;FILTR POWIETRZA
026402533;FILTR PALIWA
026407233;FILTR OLEJU
K1424;FILTR KABINY
WKLAD;WK£AD MARKERA STEATYNOWEGO 5X12X125
SS0029;ELEKTROMAGNES ROZRUSZNIKA
F026402355;FILTR PALIWA
E68KP01D73;WK£AD FILTRA PALIWA
713679150;PIASTA KO£A
ENT120096;WTYCZKA PRZEWODU PALIWOWEGO PROSTA FI 11,8
0219010077P;£•CZNIK RURY WYDECHOWEJ 50,5X95
ASM07264;T£UMIK
0095455424;PRZE£•CZNIK ZMIANY BIEG”W
48X72,5X10;USZCZELNIACZ
23488;WIESZAK WYDECHU
1004980148;WA£ NAP DOWY
715820;FILTR KABINOWY
PP988;FILTR PALIWA
530069130;ROZRZ•D KPL
OE662/3;FILTR OLEJU
429840;USZCZELKA WYDECHU FI75
6114/RCR;ZAW”R WYDECHOWY
EL125911;USZCZELKA G£OWICY
075400;USZCZELKA KOLEKTORA SS•CEGO
1509020019;ZACZEP HOLOWNICZY
529021910;ZESTAW PASKA WIELOKLINOWEGO
DF4283;TARCZA HAMULCOWA
GDB3509;KLOCKI HAMULCOWE
613798000;USZCZELKA G£OWICY
713691710;USZCZELKA KOLEKTORA WYDECHOWEGO
GDB3625;KLOCKI HAMULCOWE
YT82036;WIERTARKA UDAROWA
DUR192LZ;PODKASZARKA
1201020510;ROZRUSZNIK IVECO
141122701;ZESTAW åRUB G£OWICY
PU7014Z;FILTR PALIWA
6348/RCR;ZAW”R WYDECHOWY
53525616;ODBIJAK DO RDZY FORCH
080001;LAKIER CZARNY P”£MAT SPRAY
6PT009107141;CZUJNIK TEMPERATURY P£YNU
529039510;ZESTAW PASKA PK
81907150022;PODK£ADKA DYSZY ADBLUE MAN 2020
348295;USZCZELNIACZ TRZONKA ZAWORU DAF
5506008109970Q;ZDERZAK TY£
0045427618;CZUJNIK CIåNIENIA SI£OWNIKA OBROTU SOLARIS 3396.086.913
0002730280;USZCZELKA SKRZYNI BIEG”W ZF
DF2776;TARCZA HAMULCOWA
0520130471;USZCZELKA
05619;PRZE£•CZNIK åWIEC
3797301;PODUSZKA SKRZYNI
3849201;JARZMO ZACISKU FORD
149360;USZCZELNIACZ TRZONKA ZAWORU
225/65R17;OPONA
3796901;PODUSZKA SILNIKA
3962101;SWORZE— WAHACZA
3962201;SWORZE— WAHACZA
J16594K;"KO£PAKI 16"" KPL"
K1010;FILTR KABINOWY
OP533/1;FILTR OLEJU
YT828462;AKUMULATOR 18V 3,0
YT828498;£ADOWARKA 18V 2,2A
NAåWIETLACZ LED;NAåWIETLACZ LED
60106380;PISTOLET DO STRUKTUR 310ML FORCH
CX2083;PRZEW”D TURBINY
14834;KO—C”WKA DR•ØKA
175200;FILTR POWIETRZA
176446;ZAMEK DRZWI
SMAR GRAFITOWY 750G;SMAR GRAFITOWY 750G
DCW026TT;PRZEW”D INTERCOOLERA
1102002515;RURA WYDECHOWA
0805990009;ZAMEK KABINY
2702001071;POZIOMICA ALU
FE11846;NAKR TKA M14X2
2012511052;REFLEKTOR
AUG105123;åRUBA ZACISKU M16X1,5X60/74
KR24546;SPR ØYNA GAZOWA
TYP21PG;PODSTAWA G”RNA
HLME032L;REFLEKTOR LEWY
SM1038;PODUSZKA AMORTYZATORA
108194;TARCZA HAMULCOWA
16991;KLOCKI HAMULCOWE
24384;TARCZA HAMULCOWA
43764;PODUSZKA SILNIKA
45761;DR•ØEK KIEROWNICZY
16502;KLOCKI HAMULCOWE
JGT580T;AMORTYZATOR TY£
RA3561;SPR ØYNA ZAWIESZENIA
F026400698;FILTR POWIETRZA
NIS87191;SILNIK DMUCHAWY
TH633289J;TERMOSTAT
6PT009309161;CZUJNIK TEMPERATURY
RH042047;WAHACZ
RH042048;WAHACZ
AUG84699;PIERåCIE— ABS + USZCZELNIACZ TY£ SPRINTER
PW809;FILTR PALIWA
3570401;TULEJA WAHACZA
3694801;TULEJA WAHACZA
OE641;FILTR OLEJU
PP836/4;FILTR PALIWA
HLME032R;REFLEKTOR P
KOMPUTER SILNIKA;KOMPUTER SILNIKA
SENCS20444;WTYCZKA PRZEWODU ELEKTRYCZNEGO
026400287;FILTR POWIETRZA
1987432543;FILTR KABINOWY
43X58X7;USZCZELNIACZ SKRZYNI
116142;ALTERNATOR
6DD010966691;W£•CZNIK åWIATE£ STOP
19932;WAHACZ
GDB1902;KLOCKI HAMULCOWE
1609200314;ZESTAW FREZ”W
172074;POMPA WODY DAF
0009926205;TULEJA ZAWIASU KLAPY BAGAØNIKA SETRA/MERCEDES
HL46 205L;OLEJ HL46 205L
478705;ZAMEK
6327502004;POKRYWA NADKOLA L1340MM
6337500004;KLAPA BOCZNA LEWA 2205LG
N000000003435;åWUBA WA£U SPRINTER M10X1X25
NAPRAWA UK£ADU ADBLUE;NAPRAWA UK£ADU ADBLUE
5232000100;REDUKCJA PNEUMATYCZNA VOSS M22X1,5
5232002300;ZESTAW NAPRAWCZY Z£•CZA VOSS 232 NG12
819003610;GUMA STABILIZATORA
CC61547;KOREK LPG
0004705805;KOREK WLEWU PALIWA SPRINTER
1001020749;åRUBA M20X1,5 X70
25091QB;PRZEW”D HAMULCOWY
3438006;AMORTYZATOR TY£
178630;PRZEW”D HAMULCOWY
MGS13883;ZESTAW NASADEK 12 K•TNYCH
DF6252;TARCZA HAMULCOWA
3207QB;ZABEZPIECZENIE PRZEWODU HAMULCOWEGO
225/60R18;OPONA
GBS2682;CZUJNIK ABS SPRINTER PRAWY TY£
2290601141;SPRZ G£O KPL
CC61220;PODNOåNIK S£UPKOWY 2T
943/215;STOPIE— KABINY 9436660028
165/70R13;OPONA
AM20B67;P£UKANKA SILNIKA
36432206037;DR•ØEK REAKCYJNY MAN L-413MM
PE652734;ELEKTROMAGNES ROZRUSZNIKA
2204001063;DYWANIKI KPL
0801002883;AMORTYZATOR TY£ 36X60
4802051040;ZAW”R ZABEZPIECZAJ•CY CIåNIENIE EBS
HF35140;FILTR HYDRAULICZNY
E1862L;FILTR POWIETRZA
30569;SILENTBLOCK DR•ØKA REAKCYJNEGO SETRA 315 FI85X170 GR24
24671080020;åRUBA STOØKOWA M8X20
24671060020;åRUBA STOØKOWA M6X20
1BL010820001;REFLEKTOR LED
4323301;PODUSZKA SILNIKA
170529;WAHACZ
36054;WAHACZ
44270;WAHACZ
JTS985;£•CZNIK STABILIZATORA
VKMA33320;ZESTAW PASKA PK
GDB1763;KLOCKI HAMULCOWE
MB0224;WK£AD REFLEKTORA CITARO
88255036292;PRZE£•CZNIK ROZRUCHU I GASZENIA SILNIKA SOLARIS
3397014204;PI”RA WYCIERACZEK
934750;ZESTAW USZCZELEK EGR
DF1790;TARCZA HAMULCOWA
HST0203;PIERåCIENIE SEGERA ZEW. KPL
KSLF1016;£•CZNIK STABILIZATORA
1469499;PRZEW”D ABS
571013710;CZUJNIK NOX PRZED KATALIZATOREM
27756;SZPILKA KO£A
34322;FILTR OSUSZACZA
179231118001D;TULEJA STABILIZATORA
ORING FI89;ORING FI89
ORING 22,44;ORING 22,44
0301990258;ORING POMPY 45X2,5
0301990138;ORING POMPY 39,3X3,8
0301990137;ORING POMPY 47X2,5
108057;DR•ØEK REAKCYJNY L630MM SETRA 315UL
6803003269280P;POKRYWA SILNIKA
124075;USZCZELKA POMPY WODY
124180;O-RING
714040700;USZCZELKA POKRYWY ZAWOR”W
6505061151018P;REPERATURKA PROGU
33200;MECHANIZM WYCIERACZEK
BPZVW011;POKRYWA ZAWOR”W
V302257;ZESTAW CZ åCI DO WYMIANY OLEJU SKRZYNI BIEG”W
320/28;ZESTAW NAPRAWCZY ZAWIESZENIA SOLARIS £OØYSKO
K2D1005;P£YN DO FELG ROTON 5L
YT12439;"POKR T£O SZTYWNE 1/2"""
0001405578;POMPA ADBLUE
258610;ZESTAW åRUB G£OWICY
0702030101;"KO£PAK KO£A 16"" CHROM PRZ”D"
0702030110;"KO£PAK KO£A 16"" CHROM TY£"
FE49681;TERMOSTAT PODW”JNY CITARO
JBJ341;SWORZE— WAHACZA
H68218404;PRZEGUB G”RNY WAHACZA MA£Y SOLARIS
2037502;TARCZA HAMULCOWA
ZDERZAK;ZDERZAK
KR32149;SPR ØYNA GAZOWA
NISB15467;PODUSZKA STABILIZATORA
50251476;PIN WTYCZKI ZAWORY OGRZEWANIA
50282074;GUMKA WTYCZKI ZAWORU OGRZEWANIA
HST0517;PISTOLET DO ROPOWANIA
YT2246;SZCZYPCE DO ZACISKANIA KONEKTOR”W
508209;USZCZELNIACZ WA£U KORBOWEGO
CO200015457B;USZCZELNIACZ WA£U KORBOWEGO
076220;USZCZELNIACZ WA£U KORBOWEGO
1100410001;KOMPRESOR SPR ØONEGO POWIETRZA
0009894506;ZESTAW CZ åCI DO WYMIANY OLEJU SKRZYNI BIEG”W
QB3253;SRUBA PRZEWODU HAMULCOWEGO M12X1
YT067842;ZESTAW OPASEK ZACISKOWYCH ZATRZASK 170SZT
YT06475;SZCZYPCE DO ZACISKANIA OPASEK
E20N;FILTR OLEJU
HP108718;MOCOWANIE PRZEWODU HAMULCOWEGO
35319;PODUSZKA SILNIKA
MMTA042TM405295;MATA BAGAØNIKA
172109;ZAMEK DRZWI
HST0443;"PRZED£UZKA 1/2"" 127MM"
K1332A;FILTR KABINY
108945;OLEJ SILNIKOWY MOTUL 5W30 X-CESS 4L
0000044432;SZYBA PRZEDNIA PRAWA SOLARIS U8,6
88751030189;SZYBA CZO£OWA MAN LEWA
BATERIA LR44;BATERIA LR44
60AH640A;AKUMULATOR
1811031012;KIERUNKOWSKAZ BOCZNY
1811032012;KIERUNKOWSKAZ BOCZNY
3397007504;PI”RA WYCIERACZEK
342068;REGULATOR DMUCHAWY
349136;AMORTYZATOR TY£
533132464010;OS£ONA NA SZYB 
725069;TERMOSTAT
DF4995S;TARCZA HAMULCOWA PRZ”D
DF6312;TARCZA HAMULCOWA
GDB1782;KLOCKI HAMULCOWE
JBJ1083;SWORZE— WAHACZA
JTS432;£•CZNIK STABILIZATORA
KKSK09;SKROBACZKA DO SZYB
LR03P20BP;BATERIA LR03 AAA
742167SP;AMORTYZATOR
54401;ZESTAW NAPRAWCZY DR•ØKA
0986594004;CZUJNIK ABS
STX200035;ROZRUSZNIK
STX200035 KAUCJA;ROZRUSZNIK KAUCJA
PNME039;PRZEW”D CISNIENIOWY CH£ODZENIA SPR ØARKI
4181354006;PIERåCIE— STEROWANIA KRZYNI•
4181354009;T£OK CYLINDRA SKRZYNI BIEG”W
30AH330A;AKUMULATOR
490291200;CZUJNIK TEMPERATURY POWIETRZA DOLOTOWEGO SOLARIS
SLB034;AMORTYZATOR PRZ”D SOLARIS MA£Y VOITH
1305030049;LAMPY JAZDY DZIENNEJ WAå 133X44
27049;åRUBY ZABEZPIECZAJ•CE
671650;CH£ODNICA SILNIKA MERCEDES CITARO
172132;ZAMEK DRZWI
94016;ZESTAW BEZPIECZNIK”W P£YTKOWYCH MINI
530005710;ZESTAW ROZRZ•DU
AP005;FILTR POWIETRZA
28480;£•CZNIK STABILIZATORA
28481;£•CZNIK STABILIZATORA
PP850;FILTR PALIWA
89-0017;BEZPIECZNIKI P£YTKOWE ZESTAW 5A
86205CAR;BEZPIECZNIK MINI NISKI PROFIL 10A
86208CAR;BEZPIECZNIK MINI NISKI PROFIL 25A
0986594554;CZUJNIK ABS
33703031;WK£AD LUSTRA
4497120300;PRZEW”D ABS WTYK
86207/1CAR;BEZPIECZNIK MINI NISKI PROFIL 20A
0000033338;WTRYSKIWACZ
0120303206;CZUJNIK CIåNIENIA EGR SOLARIS
1501219388;PRZE£•CZNIK OTWIERANIA DRZWI SOLARIS
265/70R17,5;OPONA 265/70R17,5
VAL444708;ALTERNATOR SPRINTER 180A
GE35207;ROLKA PROWADZ•CA PASKA
YT0365;KLUCZE P£ASKO OCZKOWE 6-32
AC694819;INTERCOOLER
10011014HW;CH£ODNICA SILNIKA
MMTCP10030;POKROWIEC NA FOTEL
54044AT;TARCZA HAMULCOWA
6504031150583P;REPERATURKA B£OTNIKA
6504031150584P;REPERATURKA B£OTNIKA
198231;åWIATLO OBRYSOWE
ROM11468;SPINKA TAPICERSKA
C30178;SPINKA TAPICERSKA
315/70R17;OPONA
289307214R;DYSZA SPRYSKIWACZA
115461;ALTERNATOR TRANSIT 150A
38567;CEWKA KOMPRESORA
4932471808;ZESTAW WKR TAK”W
HST0570;WIERT£O STOPNIOWE
14440;SWORZE— WAHACZA
HST0032;"GRZECHOTKA 3/8"""
HST0034;"GRZECHOTKA 1/4"""
HST0147;"NASADKA 18 1/2"""
HST0150;"NASADKA 22 1/2"""
HST0455;"POKR T£O 1/4"""
36211036021;FALOWNIK
TH507788J;TERMOSTAT
220848;åRUBA SKRZYNI
PMD966AT;KLOCKI HAMULCOWE
33010JR;£OØYSKO ZAWIESZENIA SOLARIS 50X80X24
40X52X7;USZCZELNIACZ ZAWIESZENIA SOLARIS
60X85X8;USZCZELNIACZ ZAWIESZENIA SOLARIS
116463;ALTERNATOR SPRINTER 2PIN 150A
K1327A;FILTR KABINY
KPV342;ZESTAW PASKA PK
PNA0014;PRZEW”D ABS 2PIN
TRI318898;KOREK WLEWU OLEJU TRANSIT
II31098;SI£OWNIK HAMULCOWY TYP20
4410500100;ZAW”R POZIOMOWANIA ECAS
053108705;åWIAT£O STOP
17X1350;PASEK KLINOWY
AUG53423;SILENTBLOCK DR•ØKA REAKCYJNEGO 75X130
AUG51972;SILENTBLOCK DR•ØKA REAKCYJNEGO 75X130 OTW”R 21MM
333737;REGULATOR NAPI CIA
HST0506;åCI•GACZ IZOLACJI
JTE161;KO—C”WKA DR•ØKA
JTS125;£•CZNIK STABILIZATORA
500086009;FILTR PALIWA
41162BBP;ZESTAW NAPRAWCZY HAMULC”W
X95;KOMPRESOR 12V SPRINTER X95
0804020300;OBEJMA STABILIZATORA MERCEDES
0501100407;OSUSZACZ KPL. SPRINTER KNORR
KESS V2.80;INTERFEJS DO PROGRAMOWANIA ECU
2702001229;PISTOLET DO DYSTRYBUCJI OLEJU
1317900;TAåMA IZOLACYJNA KREMOWA
0700600022;SPRZ G£O HYDROKINETYCZNE
0700600022 RDZEN;SZPRZ G£O HYDROKINETYCZNE RDZE—
0501000426;SPRZ G£O KPL. FI395
2705000254;KOMPRESOR
RA7032;SPR ØYNA ZAWIESZENIA
5W30 SHELL 5L;OLEJ SILNIKOWY 5W30 SHELL 5L
723655001;USZCZELKA ZBIORNIKA P£YNU DO SPRYSKIWACZY
28661;PODUSZKA SILNIKA
36625;KO£O PASOWE
H305WK;FILTR PALIWA
41198620;T£OK
33206;£OØYSKO
ENT120080;WTYCZKA PRZEWODU PALIWOWEGO/ADBLUE FI6 90STOPNI
2DA959071737;LAMPA STOP
ENT250794;PODK£ADKA POD WTRYSKIWACZ MERCEDES/SETRA
39612;SILENTBLOCK DR•ØKA
9060910224;ZAW”R ZWROTNY POMPY PALIWA
CAS006 4L;OLEJ SILNIKOWY 5W40 CASTROL EDGE 4L
4932480357;"PRZEGUB NASADOWY 1/2"""
VAN31005MN;PRZEW”D METALOWY UK£ADU CH£ODZENIA
504288649;£OZYSKO PIASTY KO£A
133143;KRZYZAK WA£U 52X147,2
W712/95;FILTR OLEJU
742166SP;AMORTYZATOR
AM19603;ODåWIEØACZ POWIETRZA
31347;GUMA STABILIZATORA
TX2587D;TERMOSTAT
YT1342;"PRZED£UØKA 3/4"" 40CM"
K3G097AK3489;WENTYLATOR NAGRZEWNICY SOLARIS
3397118929;PI”RA WYCIERACZEK
53425A;CH£ODNICA
807101004800;TURBOSPR ØARKA
LE2330071;USZCZELKA POKRYWY ROZRZ•DU CITARO
PURHA0106;FILTR POWIETRZA
1457429359;FLTR PALIWA
1457429975;FILTR POWIETRZA
HST0622;MIERNIK CIåNIENIA OLEJU
1457429647;FILTR OLEJU
1457432192;FILTR POWIETRZA
HIPOL 15F 20L;OLEJ PRZEK£ADNIOWY 85W90 20L
0102000735;SEPARATOR PALIWA KPL. MAN BEZ PODG.
P768187;FILTR P£YNU CH£ODZ•CEGO
1102002586;RURA WYDECHU
2302552072;KLUCZ TRZYFUNKCYJNY
CAS063 5L;OLEJ SILNIKOWY 5W30 CASTROL EDGE M 5L
F026400468;FILTR POWIETRZA
F026402397;FILTR PALIWA
6541801100;FILTR OLEJU
21926;£•CZNIK STABILIZATORA
20034298;USZCZELNIACZ
248300;USZCZELNIACZ WA£U
323300;åRUBA G£OWICY
443020;USZCZELKA POMPY VACUM
558006910;ZESTAW £A—CUCHA ROZRZ•DU
614216500;USZCZELKA G£OWICY
798660;USZCZELNIACZ WA£U
886660;USZCZELKA FILTRA OLEJU
GDB1464;KLOCKI HAMULCOWE
4421960LUE;LAMPA TY£ L
9821120980;GNIAZDO NOX
315/70R22,5;OPONA PRZ”D 315/70R22,5
KIEDRA;KIEDRA
H68217410;KOREK ROZPOROWY ZAWIESZENIA SOLARIS M8X6
H68252201;USZCZELNIACZ ZAWIESZENIA SOLARIS
E197HD06;FILTR OLEJU
01701;NAKR TKA M24X1,5
79418600;PANEWKA OPOROWA
HP109378;BROK SILNIKA
0081534228;CZUJNIK CIåNIENIA SPALIN
77907600;PANEWKI WA£U
101107;CZUJNIK POZIOMU OLEJU
37111600;PANEWKI
79516600;PANEWKI
4411505L;LAMPA KIERUNKOWSKAZU
4411505R;LAMPA KIERUNKOWSKAZU
2KA005049011;LAMPA PODåWIETLENIA TABLICY REJESTARCYJNEJ
369901;USZCZELNIACZ
335018;KO£O PASOWE ALTERNATORA
HD57/5;FILTR HYDRAULICZNY
RH201005;SWORZE— ZAWIESZENIA
559019641;ROZRZ•D KPL
0261500164;WTRYSKIWACZ
707919140;POMPA OLEJOWA
AP173/1;FILTR POWIETRZA
06H198205N;ZESTAW WA£K”W
330170;USZCZELKA KOLEKTORA
538096710;POMPA WODY
655840;USZCZELKA KOLEKTORA
685662;USZCZELKA G£OWICY
898000;USZCZELKA FILTRA OLEJU
898010;USZCZELKA CH£ODNICY OLEJU
OP526/7;FILTR OLEJU
100123220;TARCZA HAMULCOWA
209611521;KLOCKI HAMULCOWE
721895550;ZAW”R CIåNIENIA DO£ADOWANIA
789960;USZCZELKA
826725;SPRZ G£O KPL
102145;ODB”J RESORU
47584;TULEJA RESORU
5W40 JASOL 5L;OLEJ SILNIKOWY 5W40 JASOL 5L
OP622;FILTR OLEJU
PFR7S11EG;åWIECA ZAP£ONOWA
6338200201;LAMPA SUFITOWA
XXL/175;KLAMKA DRZWI
AJU01107400;USZCZELKA POMPY
62AH/550A;AKUMULATOR YUASA
1501200110;KOMPUTER CENTRALNY CAMU 3
0820325688;NAKR TKA M25X1,5
230026;ZESTAW £OØYSK ZWROTNICY Z £OØ OPOROWYM
12V G4;ØAR”WKA 12V G4 HALOGEN
941024;PASEK ROZRZ•DU
547247;USZCZELKA POKRYWY ZAWOR”W
24082;PRZE£•CZNIK ZESPOLONY åWIATE£
F026402260;FILTR PALIWA
5506009568952Q;ZDERZAK
0501322858;USZCZELNIACZ SKRZYNI BIEG”W
0501322860;USZCZELNIACZ SKRZYNI BIEG”W
0501322910;USZCZELKA SKRZYNI BIEG”W
C5I007ABE;CYLINDEREK HAMULCOWY
C5G037ABE;CYLINDEREK HAMULCOWY
0001400594;FILTR ADBLUE
AUG86677;KLEMA AKUMULATORA
24V H1 LED;ØAR”WKA 24V H1 LED KPL
24V H7 LED;ØAR”WKA 24V H7 LED 2SZT
023613001;ZESTAW USZCZELEK
K1432A-2X;FILTR KABINOWY
EZCVW139;ZAMEK KLAPY
AP183/3;FILTR POWIETRZA
NKWME001;KRZYØAK WA£U
1006500003;PIASTA KO£A
90688015709;ZDERZAK PRZEDNI SPRINTER
1210000413;WTYCZKA OKR•G£A BAJONET 4 PIN DO ZAWORU (PRZESUNI CIE)
0986017120;ROZRUSZNIK
0986017120 KAUCJA;ROZRUSZNIK KAUCJA
491914;KRZYØAK
KX191/1D;FILTR PALIWA
17X1040;PASEK KLINOWY
21150162D;WTRYSKIWACZ ADBLUE
C2C013ABE;KLOCKI HAMULCOWE
LAU772912;ZACISK HAMULCA
150350;USZCZELKA ODMY
485410;ZESTAW USZCZELEK WTRYSKIWACZA
150860;USZCZELKA KOLEKTORA
IS001FAI;ZESTAW USZCZELEK WTRYSKIWACZA
374640;ZESTAW USZCZELEK WYDECHU
ESWVW020;POKRYWA WYCIERACZKI
N90982902;ZAåLEPKA SILNIKA
6V0955485A;KOREK ZBIORNIKA SPRYSKIWACZY
0281006086;CZUJNIK CIåNIENIA PALIWA MAN
571013510;CZUJNIK NOX
103988;WTRYSKIWACZ ADBLUE
3397118406;PI”RA WYCIERACZEK
HST0820;ZESTAW ADAPTER”W DO GWINTOWNIK”W
182112;P”£Oå
1986A00932;ALTERNATOR
713650680;£OØYSKO
HST0191;NASADKI TORX ZESTAW
135103;PRZEP£YWOMIERZ POWIETRZA
MOT104121;OLEJ 10W40 4T 4L
MOT109452;P£YN RBF700 0,5L
YT06873;ZESTAW ZAWLECZEK
ADZ93626;SI£OWNIK SPRZ G£A
3Q0955455;KOREK ZBIORNIKA
236870;ZESTAW USZCZELEK POMPY WODY MERCEDES/SETRA
51054006007;REGULATOR TEMPERATURY
51059040244;USZCZELKA MISKI OLEJOWEJ
YTX9-BS;AKUMULATOR 9AH
G4G001PC;KRZYØAK
HFA2922;FILTR POWIETRZA
AUG53085;SILENTBLOCK DR•ØKA REAKCYJNEGO FI75X152 OTW”R 25MM
HF303;FILTR OLEJU
6068101565;STOLIK FOTELA Z OTWOREM
6068160176;ZAWIAS STOLIKA
535031010;KO£O PASOWE ALTERNATORA
05336870;åWIAT£O STOP
529036110;ZESTAW PASKA PK
535020310;KO£O PASOWE ALTERNATORA
9818468580;PRZEW”D UK£ADU CH£ODZENIA
010675;TULEJA DR•ØKA
4800020220;ZAW”R G£. H-CA SETRA
KF40076;FILTR KABINOWY
H500K;OBUDOWA FILTRA PALIWA
SS3004;ELEKTROMAGNES
ASM21009;T£UMIK
BOS265579;£•CZNIK ELASTYCZNY WYDECHU
225/40R18;OPONA POWERGY XL 92Y
4800200280;ZAW”R PEDA£U HAMULCA MAN
EK508;AKUMULATOR
K171126K50;OLEJ KOMPRESORA
942867;PODK£ADKA WTRYSKIWACZA
370100;ZBIORNIK POWIETRZA 6L FI154 L-416MM
621351;W£•CZNIK åWIATE£
V306091315;ZESTAW USZCZELEK EGR SPRINTER
003050;ORING POMPY OLEJU MERCEDES 38,3X6MM
2702000085;DR•ØEK TELESKOPOWY DO SZCZOTKI MYCIA
37600;KOREK ZBIORNICZKA WYR”WNAWCZEGO
0000130788;KO£O WA£KA ROZRZ•DU SOLARIS
2SB345982001;LAMPA TY£ LED CZERWONA MAN
62AH540;AKUMULATOR
11120854A;POMPA OBIEGOWA MAN
51254136562;WI•ZKA WTRYSKIWACZA MAN D0836
PTC4262;ROZRUSZNIK
0221604014;CEWKA
538005410;POMPA WODY
AM20A58;SMAR MIEDZIOWY 500G
PLZKAR6A11;åWIECA ZAP£ONOWA
STN094;HAK
0986445023;POMPOWTRYSKIWACZ
PTC4262 KAUCJA;ROZRUSZNIK KAUCJA
2012034152;REFLEKTOR
C70143;MOCOWANIE REFLEKTORA
3397007426;PI”RA WYCIERACZEK
TH44687G1;TERMOSTAT
713665100;USZCZELKA POKRYWY ZAWOR”W CA£Oå∆ D0836
2012033052;REFLEKTOR
ZWROTNICY RL75;ZESTAW NPRAWCZY ZWROTNICY RL75
1114426012;LAMPA TY£
12.4-28;D TKA
C25710;FILTR POWIETRZA
2205041129;OS£ONA CZUJNIKA ALU. SOLARIS
12.4-28 BKT;OPONA
24372706532;LINKI HAMULCOWE
3000990132;SPRZ G£O
529046210;ZESTAW PASKA
529046910;ZESTAW PASKA
K1160A-2X;FILTR KABINY
TI15388;TERMOSTAT
51254136089;WI•ZKA WTRYSKIWACZA MAN
AM446/3;FILTR POWIETRZA
3463530072;NAKR TKA WA£KA ATAKU FI55
1303010207;LAMPA KIERUNKOWSKAZU AXOR PRAWA PRZ”D
DPOWER89;åWIECA ØAROWA
SS10693;CZUJNIK SKRZYNI
WP5100112;Z£•CZKA PRZEWODU HAMULCOWEGO
WPCU-4.75-5;PRZEW”D HAMULCOWY FI4,75 5MB
94982;PASEK ROZRZ•DU
AD1302201;LINKI HAMULCOWE
265311;Z£•CZE ELASTYCZNE WYDECHU 45/230
48871;KOREK MISKI OLEJOWEJ
TH29682G1;TERMOSTAT
ZE55200;Z£•CZE ELASTYCZNE WYDECHU 55/200
ZE60200;Z£•CZE ELASTYCZNE WYDECHU 60/200
YT0810;£YØKA DO OPON
6504033548332P;REPERATURKA B£OTNIKA
6504033548331P;REPERATURKA B£OTNIKA
S3124S;ROZRUSZNIK
4572030130;KRUCIEC POMPY WODY
2401174381;SZCZOTKA DRZWI WYSOKA
0930921500;PROWADNICA PRZEWOD”W
IV2737;SI£OWNIK HAMULCA 14 TARCZA
1507050332;OWIEWKA KABINY
1303010275;LAMPA KIERUNKOWSKAZU
1986A00970;ALTERNATOR MAN
ASTE0021AGNS;SZYBA PRZEDNIA INTEGRO
51965010728;USZCZELKA WI•ZKI WTRYSKIWACZA
FME670K;OPALARKA STANLEY SL-FME670K
464911;OBUDOWA FILTRA OLEJU CONNECTO
YT0398;KLUCZE OCZKOWE GI TE
YT1438;REDUKCJA 1/4 -3/8
DS1;ØAR”WKA
YT71087;MIARA ZWIJANA 10M
YT71086;MIARA ZWIJANA 7,5M
0250403012;åWIECA
334827;AMORTYZATOR
334828;AMORTYZATOR
HST0565;REDUKCJA 3/8 - 1/4
RH3006;SPR ØYNA AMORTYZATORA
C6G017ABE;B BEN HAMULCOWY
C0G049ABE;SZCZ KI HAMULCOWE KPL
C5G022ABE;CYLINDEREK HAMULCOWY
51254410312;ELEMENT WTRYSKIWACZA UCHWYT
QBCU0800AA;PRZEW”D HAMULCOWY
PNR0236;ZESTAW NAPRAWCZY OSUSZACZA SPRINTER
QB1050705;ZESTAW MONTAØOWY SZCZ K HAMULCOWYCH
1303010274;KIERUNKOWSKAZ
1502010360;ZAMEK KLAPY P
1502010359;ZAMEK KLAPY L
538002610;POMPA WODY
530053810;ROZRZ•D
717945;RURA WYDECHU
74783;LINKA DRZWI
4570700246;ZAW”R PALIWA
1457434123;FILTR PALIWA
SMMA008;LAMPA DRZWI
0004058660;ZAW”R TR”JDROØNY
0299001440;CZUJNIK NOX
5300016412;CZUJNIK NOX
1349635;KO£O Z BATE POMPY PALIWA DAF SOLARIS
612046211;ZAW”R POZIOMOWANIA PNEUMATYCZNY HALDEX
DBX016TT;ZBIORNICZEK WYR”WNAWCZY
THK596201.83J;TERMOSTAT SILNIKA
725277;TERMOSTAT SILNIKA
0001401578;pompa adblu
930125;SI£OWNIK HAMULCA 24
FE02953;KoÒcÛwka drπøka kier. LH
68278531;Filtr kabiny
6856715;Miech zawieszenia MB
53529831;Miech zawieszenia - guma 130/130
095.531;Zestaw naprawczy zacisku h-ca
FE 02954;KoÒcÛwka drπøka kier. RH
MDP3087K;Klocki hamulcowe 29202(29108,29061)
517089;Lampa obrysowa pomaraÒczowa
27-04-00-0242;Lampka warsztatowa LED przenoúna
OX174D;Filtr oleju
EKWA.9.6.CH2;G≥owica sprÍøarki 3-cyl ma≥a
Podpora wa≥u DB MB 748;Podpora wa≥u DB MB 748
Zestaw naprawczy zacisku hamulca;Zestaw naprawczy zacisku hamulca
Czujnik temperatury p≥ynu ch≥odniczego;Czujnik temperatury p≥ynu ch≥odniczego
ZawÛr czteroobwodowy zabezpieczajπcy;ZawÛr czteroobwodowy zabezpieczajπcy
Zbiornik wyrÛnawczy uk≥. ch≥odzenia;Zbiornik wyrÛnawczy uk≥. ch≥odzenia
020058;åruba M16*1,5*50
4343291410;åruba M16*1,5*55 (10.9)
1432650473;Filtr oleju F026407112
1432650474;Uszczelnienie przewodu ch≥odnicy
LE1624;NakrÍtka G ocynk JHS 10x30
KA149576;NakrÍtka U ocynk JHS 12x40
CE176448;Ko≥o metal-guma skr. 160mm
CE302952;"NEO U nasadka szeúciokπtna 1/2"" 13mm"
CE255518;"NEO U nasadka szeúciokπtna 1/2"" 19mm"
CE176714;"NEO U grzechotka 1/4"" przed≥uøana"
CE388227;NEO U úcisk stolarski 50x150mm
CE388228;NEO U úcisk stolarski 80x300mm
CE388232;NEO U úcisk stolarski 120x300mm
CE65515;Drut do migomatu SG2 0,8/15kg
CE101855;Otulina izolacyjna PE 28/9 szara
CE101856;Otulina izolacyjna PE 35/9 szara
OM516/2;Filtr oleju
90688210149B51;Mocowanie listwy
CE103312;Otulina izolacyjna PE 48/9 szara
CE423329;"Nasadka 1/2"" 16mm krÛtka"
CE423331;"Nasadka 1/2"" 30mm krÛtka"
CE367792;Szczotka tarczowa fi=120 z trzpieniem fi=6
CE367796;Szczotka tarczowa fi=80 z trzpieniem fi=6
CE310176;Szczotka doczo≥owa fi=80 z trzpieniem fi=6
CE310372;PÍdzelek fi=19
CE310184;Szczotka tarczowa fi=100 nakr. M14
CE308682;NÛø 180mm metalowy
SI151256;Miara 5m
CE166206;Ostrza ≥amane 18mm 10szt.
CE260106;Dysza gazowa ≥uska MB24
PG158619;Hammerite farba szara m≥otkowa 0,7L
PU140067;Hammerite farba srebrno-szara m≥otkowa 0,7L
CE263902;PÍdzel kaloryferowy 25mm
CE263905;PÍdzel kaloryferowy 60mm
CE419727;Dysza prosta regulowana
CE309232;PodwÛjny rozdzielacz wÍøa z zaworami
CE309212;"Szybkoz≥πczka 1/2"" ze stop fastem"
CE309211;"Szybkoz≥πczka 1/2"" bez stop fast"
CE309208;"Reparator wÍøa 1/2"" fest"
CE401374;Dysza zraszajπca fest
CE65835;WkrÍtak p≥aski 6,0x150mm
CE72935;WkrÍtak krzyøowy PZ 2x100mm
2299000884;£adowarka samochodowa do zabudowy 2xUSB
0000181699;£oøysko oporowe zwrotnicy
RL55EC;SworzeÒ zwrotnicy Solaris Urbino
BUS 3612;£oøysko sworznia zwrotnicy RL55EC
R884/8;PierúcieÒ osadczy Segger
RQSG60VM;Szybkoz≥πcze proste do tekalana fi=06 metal
DKOL M22x1,5 T13;K.wπø 2SN 13 0,52
DKOL M18x1,5 T10;K.wπø 2SN 10 1,37
FE04496;Korek ch≥odnicy
1 987 302 524/10;ØarÛwka 24V P21/5W (10 szt)
1 987 302 706/10;ØarÛwka 24V R10W (10 szt)
6112PF/XL;RÍkawice ochronne nitrylowe XL (100 szt.)
AKU-180AH 1000A wπski;Akumulator 12V 180AH 1000A wπski
EL902350;Uszczelka turbosprÍøarki
6601-01-3547801P;Nadkole plastikowe przÛd L
EL633510;Uszczelniacz silnika
EL199360;Podk≥adka pod wtryskiwacz
FE107779;Tuleja wahacza przÛd
714 498 0063;PÛ≥oú napÍdowa przÛd prawa
714 498 0062;PÛ≥oú napÍdowa przÛd lewa
4474375221;SworzeÒ zwrotnicy
600 0353 00;SprzÍg≥o kpl. z ko≥em dwumasowym
H140WK01;Filtr paliwa
RH52-9001;KoÒcÛwka drπøka kierowniczego
R1234A 12kg + butla;Czynnik R134A 12kg + kaucja
PN-A0011;Czujnik ABS 3000mm prosty
NLX150 K10szt;ØarÛwka R5W 24V (10 szt.)
474583;Lampa obrysowa pomaraÒczowa led
441 035 929 2;Czujnik ABS Prosty L=3000mm (WABCO)
49938101;Podk≥adka miedziana 12x18x1,5
48120852;Zestaw naprawczy zacisku hamulca
Krπøek úcierny FESTO 225;Krπøek úcierny FESTO 225
PrÍt g≥adki 6mm S235JR 1mb=0,22kg;PrÍt g≥adki 6mm S235JR 1mb=0,22kg
PrÍt g≥adki 8mm S235JR 1m=0,40kg;PrÍt g≥adki 8mm S235JR 1m=0,40kg
PrÍt g≥adki 12mm S235JR 1m=0,90kg;PrÍt g≥adki 12mm S235JR 1m=0,90kg
PrÍt g≥adki 10mm S235JR 1m=0,64kg;PrÍt g≥adki 10mm S235JR 1m=0,64kg
Blacha P≥. OC 1,0x1000x2000 16kg;Blacha P≥. OC 1,0x1000x2000 16kg
P≥askownik 40x4 S235JR 1m=1,32kg;P≥askownik 40x4 S235JR 1m=1,32kg
P≥askownik 60x4 S235JR 1m=1,88kg;P≥askownik 60x4 S235JR 1m=1,88kg
Sklejka overlay 12mm;Sklejka overlay 12mm
EKWA.32.104;Zestaw naprawczy zaworu
321-0112;Lusterko DB Sprinter 09- /L/
351516000071;Pompa oleju DB
FE06844;Tuleja stabilizatora
0 986 479 H39;Tarcza hamulcowa ty≥ dwuczÍúciowa
0 986 494 790;Klocki hamulcowe
12-31306-12;Uszczelniacze kpl. 16szt.
14-32322-01;åruby g≥owicy
1 987 482 559;Linka hamulca rÍcznego
21-0164;Zestaw ≥aÒcucha rozrzπdu
24.0710-2095.3;Czujnik ABS Ford Transit ty≥
24.3727-0683.2;Linka hamulcowa lewa
25603.175.1;Klocki hamulcowe
LMI33697 01;SworzeÒ wahacza SPRINTER
337810-LS;Resor ty≥
NRF34038;Dmuchawa kabiny
EL387741;Uszczelka pokrywy rozrzπdu
EL471501;Silikon Dirko 200ml czarny
EL549130;Uszczelka pompy vacuum
61-36950-10;Uszczelka g≥owicy DB
6511800115;ZawÛr
7.07919.36.0;Pompa oleju
71-10262-00;Uszczelka miski olejowej
71-40436-00;Uszczelka kol. ssπcego
71-40438-00;Uszczelka pokrywy zaworÛw
71-40451-00;Uszczelka kol. wydechowego
81-40459-00;Uszczelniacz wa≥u
EL898190;Uszczelniacz przewodu zaworu EGR
EL933770;Uszczelka zaworu EGR
EL980810;Uszczelka zaworu EGR
A00274;Czujnik zuøycia klockÛw
A00483;Czujnik zuøycia klockÛw
DRM0911;Uszczelka
HZT-FR-029;Zacisk hamulcowy ty≥ prawy TURNEO/TRANSIT
P50111;Klocki haamulcowe przÛd W222 S-klasa
STR-50303;Strzemie resoru
VL-TPMS-04/4;ZawÛr ko≥a kpl. 4 szt
YT0619;Przeciπgacz do zaworkÛw gumowych
WA.22.030.R;Zestaw naprawczy zaworu EBS
Podk≥adka metal-guma 16,7x24x1,5;Podk≥adka metal-guma 16,7x24x1,5
Szybko≥πczka pneumatyczna;Szybko≥πczka pneumatyczna
Z≥πcze;Z≥πcze
PierúcieÒ 55x80x8;PierúcieÒ 55x80x8
0070033;Masa poliuretanowa klejπco-uszczelniajπca /czarna/
15300606710;Zestaw uszczelek retardera
81-35721-00;Uszczelniacz 70x88x8
OP10082;PrzewÛd smarowania turbosprÍøarki
1 986 A01 027;Alternator
51923681;Klocki hamulcowe
H411WK;Filtr paliwa
K 747;Filtr powietrza
FT37419;Filtr kabiny
0044325701;Zbiornik powietrza MB 1L
37402312;Zestaw naprawczy sprÍøarki klimatyzacji
FE171785;Filtr skrzyni automatycznej skrzyni biegÛw + olej
WT/MSK.7.6;Zestaw naprawczy hamulca
D-16TN;Podnoúnik punktowy 1-teleskopowy
0 486 001 032;Czujnik ABS
EL451130;Uszczelniacz 145x175x8
EL451110;Uszczelniacz 145x175x15
011.534-00A;Podk≥adka
124060;Poduszka silnika
2446970;Drzwi tylne
2747129;Drzwi tylne
1691718;Klamka wew. drzwi
1736707;Ramka
TRACON LY03BR;Praska do nieizolowanych nasuwek konektorowych
6511421280;Uszczelka zaworu EGR
Glas shine 1L;Glas shine 1L
TRUCK CLEANER 20L;Piana aktywna 20L
A-13ED10L;Pompa oleju do automatycznej skrzyni biegÛw
OFW3-2S;Klucz do filtrÛw olejowych
FE45362;Drπøek kierowniczy wzd≥uøny
ENT000435;Zestaw uszczelek silnika Andoria SW400
3225-00053;PrzewÛd paliwowy 8mm /GATES/
72.30.02;Linka prÍdkoúciomierza STAR 200
PER 60-039;Pasta do mycia rπk
925 481 150 0;Si≥ownik hamulcowy
FE100982;Czujnik temperatury
8EL012 574-481;Alternator
FE188616;Zbiornik powietrza
6PK1390;Pasek wielorowkowy
03.9902-0521.2;Smar do hamulcÛw
QB113-1499X;Zestaw naprawczy zacisku hamulcowego
3 397 018 199;PiÛro wycieraczki L-1000mm
FE18871;ZawÛr regulacji poziomu
PER 62-002;Pasta do mycia rπk 3,79 L
0735300973ZF;£oøysko skrzyni biegÛw
FAG528548B;£oøysko zwrotnicy
0634304270ZF;Element mostu
1.15302;Element blokujπcy synchronizatora
Plak 750ML;Plak 750 ml
4613150427;ZawÛr g≥Ûwny hamulcowy
3754322301;Zbiornik powietrza 20L
EL736810;Uszczelniacz 83x103x8
6PK691 ELAST;Pasek wielorowkowy elastyczny
Zestaw naprawczy opon;Zestaw naprawczy opon
86.0001;Zbiornik powietrza 60L 276x1108mm
51.15408-0017;Czujnik spalin NOX
6285503856;PrzewÛd sprÍøarki klimatyzacji
0129973145;Oring przewodu klimatyzacji
TEK10 METAL;Szybkoz≥πcze teklan fi10 metalowe
åRUBA M10X45X1,25 10,9;åruba M10x45x1,25 10,9
70-31414-20;Masa uszczelniajπca 200ml 300c REINZ /CZARNA/
NAKR TKA M10x1,5 10,9;NakrÍtka M10x1,5 10,9 ocynk z ko≥nierzem
22-99-00-0883;£adowarka do zabudowy 2xUSB z woltomierzem
PODK£ADKA CU FI12;Podk≥adka miedziana FI-12
PODK£ADKA CU FI16;Podk≥adka miedziana FI-16
PODK£ADKA CU FI18;Podk≥adka miedziana FI-18
PODK£ADKA CU FI20;Podk≥adka miedziana FI-20
PODK£ADKA CU FI22;Podk≥adka miedziana FI-22
PODK£ADKA CU FI24;Podk≥adka miedziana FI-24
PODK£ADKA CU FI26;Podk≥adka miedziana FI-26
PODK£ADKA CU FI30;Podk≥adka miedziana FI-30
PODK£ADKA CU FI8;Podk≥adka miedziana FI-8
8EL 012 584-481;Alternator SOLARIS 100A
PUR-HA0092;Filtr powietrza
FE17871;ZawÛr regulacji poziomu
TECh-klej uniwersalny 235ml 760;TECh-klej uniwersalny 235ml 760
Tech-≥atka kwadratowa uniwersalna 115;Tech-≥atka kwadratowa uniwersalna 115
Tech-≥atka okrπg≥a do dÍtek 35mm 10;Tech-≥atka okrπg≥a do dÍtek 35mm 10
Tech-≥atka okrπg≥a do dÍtek 45mm 11;Tech-≥atka okrπg≥a do dÍtek 45mm 11
Tech-≥atka okrπg≥a do dÍtek 60mm 12;Tech-≥atka okrπg≥a do dÍtek 60mm 12
Tech-≥atka okrπg≥a do dÍtek 80mm 13;Tech-≥atka okrπg≥a do dÍtek 80mm 13
tech-zestaw ≥atek kwadr.(115 i 116)117NB;tech-zestaw ≥atek kwadr.(115 i 116)117NB
ZawÛr LKW 58 MS (G);ZawÛr LKW 58 MS (G)
Tech-≥ata radialna CT-10H.D. 65x80mm 164;Tech-≥ata radialna CT-10H.D. 65x80mm 164
Tech-≥ata radialna CT-20(75mmx125mm) 170;Tech-≥ata radialna CT-20(75mmx125mm) 170
FE27724;Pompa wody MB
4.90927;Komplet uszczelek pompy wody
5.41105;O-ring 130x3,5mm
ABM 506-31-D05;Miech zawieszenia pneumatycznego
22-02-00-0103;Szczotka do mycia bez drπøka
R901083065;Cewka elektromagnetyczna
Miech zawieszenia ty≥ /SOLARIS/;Miech zawieszenia ty≥ /SOLARIS/ SP 558377-K
3.10102;Odma
LE24500.58;Uszczelka pompy cieczy ch≥odzπcej
LE24500.54;Uszczelka pompy cieczy ch≥odzπcej
AMIO 01252;ØarÛwka 24V H7 70W Filtr UV
34 PO3;åwiat≥o obrysowe
02953 Febi;KoÒcÛwka drπøka kierowniczego
10-EC0034;Filtr Oleju
P556245;Filtr paliwa
SO5242/1;Wk≥ad filtra oleju
4139301635ZF;Uszczelka skrzyni biegÛw
CO200346088;Uszczelniacz skrzyni biegÛw
H 710/1 X;Filtr hydrauliki skrzyni biegÛw
CP-313;Pompa sprzÍg≥a
CO20020422B;Uszczelka skrzsyni biegÛw
226.088;Silentblock drπøka reakcyjnego
8PK1910HD;Pasek wielorowkowy
STR-80311;Zestaw naprawczy zwrotnicy
5.12132;£oøysko zwrotnicy
343 0220 10;Tarcza sprzÍg≥a
FE06571;Korek ch≥odnicy
GDB5067;Klocek hamulcowy kpl.
KR.4700.061;G≥owica kompresora
KR.5400.008SM;T≥ok kompresora kpl. 88,00mm
19033009;Zbiornik wyrÛwnawczy
206.067;Czujnik zuøycia klockÛw hamulcowych L-2100mm
EL7-320-032;Nasadka 32mm ELMAX
TECH-Check Concetrate 945ml;TECH-Check Concetrate 945ml
WK£AD zaworu krÛtki;WK£AD zaworu krÛtki
NAKR TKA plastikowa na zawÛr czarna;NAKR TKA plastikowa na zawÛr czarna
KamieÒ szlifierski-okrπg≥y;KamieÒ szlifierski-okrπg≥y
WKR TAK do wk≥adÛw zaworÛw Aligator;WKR TAK do wk≥adÛw zaworÛw Aligator
Kalibrownik s.o. czarny DCT22;Kalibrownik s.o. czarny DCT22
205/75R16C MAXMILER 113/11R;Opona GtRadial 205/75R16C WT3 113/111R
6PN 358 186-051;Czujnik spalin NOX
Oring 9.5x3.5;Oring 9.5x3.5
Rozpylacz SW400;Rozpylacz SW400
SImmering 83x103;SImmering 83x103
Tuleja PL606598;Tuleja PL606598
USZCZELka obsady;USZCZELka obsady
PierúcieÒ pompy wody;PierúcieÒ pompy wody
4.61039;PrzewÛd odmy silnika
CL-ME016R;Kierunkowskaz bok prawy MB
5065843K;Reparaturka b≥otnika Sprinter
5065833K;Reparaturka b≥otnika ty≥ Sprinter
27-02-00-1132;Strzykawka odsysarka do oleju 1500ml
FE37607;Czujnik po≥oøenia wa≥ka rozrzπdu
8800-00-1559400P;Uchwyt zamykania drzwi przÛd lewy
TR1A03.01;Kontrast UV 1L
PN-10596;W≥πcznik drzwiowy
K144126K50;Czujnik ABS kπtowy L-400mm
310005011;Filtr przewodowy
56.0335;Kluczyk regulacji klockÛw
860081;Zbiornik powietrza 10L 206x371mm
KLIMEX-1;Uszczelka p≥yty zaworowej Bitzer - gÛra
KLIMEX-2;Uszczelka p≥yty zaworowej Bitzer - dÛ≥ 60mm
453023;Czujnik poziomu p≥ynu ch≥odzπcego
1423207-GAT;Pasek klinowy zespolony 17x2200
PN-M-0400/1;PrzewÛd po≥πczeniowy
644N 67109;Miech zawieszenia pneumatycznego
H64.078717;Element automatycznej skrzyni biegÛw
73.10.010.0;Si≥ownik hamulcowy
PK06M-01-4T;Pas ≥adunkowy
50658371;Reperaturka
ODWADNIACZ;ZawÛr odwadniajπcy zbiornik powietrza M22x1,5
PODK£ADKA CU FI8/10 SZT;Podk≥adka miedziana Fi8 /10szt/
27-01-00-0097;Bit krzyøakowy PH1
27-01-00-0098;Bit krzyøakowy PH2
22-99-00-0719;Bateria 1,5V LR44 /blister 10szt/
TEKALAN Q-16;PrzewÛd tekalana FI 16
KAW15;Z≥πcze skrÍcane tekalanu Q-15
5902200240006BP;ZawÛr nagrzewnicy
45481;Naolejacz narzÍdzi pneumatycznych
NRF32214;Kompresor klimatyzacji
713 6106 10;£oøysko ko≥a z piastπ
10033042;Ch≥odnica wody /SETRA/
57700087101;Lustro kpl prawe /SETRA/
906LA393;PrzewÛd uk≥. ch≥odzenia FI 50/70/150
FE172930;åruba dyszy wtryskiwacza
FE04389;Przegub kulisty
771 0578 30;Przegub wewnÍtrzny
EL266060;Uszczelka pokrywy zaworÛw
PP 840/6;Filtr paliwa
189403;Przegub kulisty drπøka zmiany biegÛw
189402;Przegub kulisty drπøka zmiany biegÛw
RH57-2003;Przegub kulisty drπøka zmiany biegÛw
CO80001861;Poduszka skrzyni biegÛw
W115 K2;Odrdzewiacz z MSO2 VULCAN 500ml
YT09632;Szlifierka pneumatyczna prosta
FE16334;Klocki hamulcowe
TKJ41KBI/100;Konektor øeÒski J2,5 /1opk = 100 szt/
25-711-0003-304;W≥πcznik drzwiowy
KNOTT FI-64;Os≥ona piasty KNOTT
ABM506-31-E03;Miech zawieszenia pneumatycznego
03.9901-8110.2;Zmywacz do hamulcÛw ATE Brake Cleaner 500ml
4.81189;Podpora wa≥u
Klucz planetarny;Klucz planetarny
PN-10693;ZawÛr magnetyczny
6102-02-1231985P;Wk≥ad lusterka Caddy lewe
KTT030036;Cewka kompresora klimatyzacji
PiÛro wycieraczki;PiÛro wycieraczki
VECTON5W30 E6 208L;Castrol Vecton F.Saver5W30 E6/E9 /208L
ZS Zbiornik wyrÛwnawczy U89 E6;ZS Zbiornik wyrÛwnawczy U89 E6
1101-143-151;PRZEW”D HAMULCOWY SOLARIS PRAWY Z MOC. K•TOWYM
VKJA 8788;Przegub wewnÍtrzny
755113;Czujnik po≥oøenia wa≥u
LM9506;Olej silnikowy 5W-30 1L LONGTIME HIGH TECH /LIQUI MOLY/
LM9507;Olej silnikowy 5W-30 5L LONGTIME HIGH TECH /LIQUI MOLY/
0XPTJB0055;Smarownica
G7W039PC;Przegub wewnÍtrzny
23890 MONROE;Amortyzator ty≥
0 986 628 663;Filtr kabinowy
F 026 402 398;Filtr paliwa
F 026 400 600;Filtr powietrza
HU6020Z;Filtr oleju
091.122;Czujnik ciúnienia i temperatury
6567336;Poduszka ch≥odnicy
583371;Klamka klapy bagaønika
583229;Wk≥adka zamka klapki wlewu paliwa
23-02-00-0430;Czyúciwo celulozowe w rolce 100m
YG-19-061A;Przycisk otwierania
529 0361 10;Zestaw paska PK
BO0324;ØarÛwka H1 24V 70W
F 026 402 269;Filtr paliwa
2/XPB 1650;Pasek 2.XPB 1650
LZ0199;Czujnik zuøycia x2
YG-04-243AR;Lampa tylna prawa SETRA 400
12363;Poduszka ch≥odnicy
10.5310.80;ZawÛr ograniczajπcy ciúnienie
03.9901-6603.2;P≥yn hamulcowy DOT 5.1 5L
KYB91540O;Zestaw os≥on amortyzatora
KYB SM9704;Mocowanie amortyzatora
ATE03.9901-8110.2;Zmywacz do hamulcÛw Brake Cleaner PRO 500ML
LM 2187;Pasta do mycia rπk 12,5 kg Liqui Moly
32004-X;£oøysko
0843 BOSMA;ØarÛwka T10 24V W5W Bosma
X30POCKX1 PHILIPS;Lampka warsztatowa lampa latarka
81000401;Smar ceratec texar do hamulcÛw
2314403COJ;ZawÛr poduszki powietrznej
MD-013 Z LED;Lampa obrysowa MD-013 Z LED QS150 110x45 z przewodem 13-05-01-1560
HP208 294;Silnik wycieraczek
PF 815;Filtr oleju
EL361960;Uszczelka przewodu ch≥odnicy powietrza
FF5074;Filtr paliwa
434 100 124 0;ZawÛr przep≥ywowy
SEA VS405;Nape≥niacz do oleju rÍczny
0000.036.379BP;Lampa przeciwmgielna ty≥
133188;Krzyøak wa≥u napÍdowego
FE172050;Czujnik biegu wstecznego
17.528;Rura Opel Corsa c 1.3 CDTI TD
WS0180A;Czujnik klockÛw
2262116COJ;Czujnik
ENT250107;£πcznik przewodu paliwowego
4.64601;Czujnik ciúnienia
FE45765;Czujnik biegu ja≥owego
4139.298-038;Filtr skrzyni biegÛw
Tunel wentylatora ch≥odnicy;Tunel wentylatora ch≥odnicy
FE46045;ZawÛr elektromagnetyczny drzwi
Filtr oleju automatycznej skrzyni biegÛw;Filtr oleju automatycznej skrzyni biegÛw
7.731.145.005.0;PrzewÛd spryskiwacza
11-11445-01-2;Lampa ty≥ prawa Sprinter
FT87204;Odblask zderzaka ty≥ lewy Sprinter
AKC030M18/18;Kolanko M18/18
A3277;Alternator
26-06-00-0227;Frez 10mm wolnoobrotowy
19-99-00-0018;Mata antyposlizgowa 5m x 25cm x 6mm
0558 9461 100;Wtyk okrπg≥y Izol.Czer.D4mm 0.5-1.0
0558 9471 100;Tulejka okrπg.izol.czer.D4mm 0.5-0.1
3002LD;SprÍøyna gazowa MB 736
42105552;ZawÛr dwudroøny SC 111
19-99-00-0009;Mata antypoúlizgowa 5mX25cmX3mm
25-14-00-0064;KoÒcÛwka smarownicy prosta 4-szczÍkowa
EL952940;Zestaw montaøowy wtryskiwacza
FT45210;Pokrywa zaworÛw
535 0012 10;Ko≥o pasowe alternatora
JTC11787;Zestaw uszczelek turbosprÍøarki
221.099;KO—C”WKA DR•ØKA KIEROWNICZEGO
2218242COJ;ZawÛr elektromagnetyczny
BO0515;ØarÛwka 5W 24V BA15S /BOSMA/
BO1529;ØarÛwka 21W 12V P21W /BOSMA/
BO1574S;ØarÛwka P21/5W 12V BAY15D /BOSMA/
QB109-1218;Zestaw montaøowy klockÛw przÛd
818 0336 10;£πcznik stab.
818 0335 10;£πcznik stab.
QB109-1762;Zestaw montaøowy klockÛw
FREZ KORDU 8MM;Frez do naprawy opon FI8
01 2050 900002;Napinacz paska
Filtr powietrza;Filtr powietrza
LE26019.12;Uszczelka podstawy filtra oleju
WK11023Z;Filtr paliwa
CAR335383;Przekaünik rozrusznika
185/60/R15;Opona 185/60/R15 DÍbica
PN-10888;ZawÛr g≥Ûwny PN-10888 STAR 1142
24-02-00-0060;P≥yn do sprysk.letni 200L
27-99-00-0009;Kaucja za beczkÍ plast na p≥uy do sprysk 200L
27-06-00-0005;Pompa reczna paliwa do beczki 200L
18-03-00-0016;Konewka do oleju z miarkπ 5L
13-05-01-1573;Lampa obr.øÛ≥ta 96x30 b.wsp.LED 217P z szybk./217P-J
48223711;Marker bia≥y
02.239.020.6;Si≥ownik hamulcowy
FE45663;Miech z dolnπ podstawπ
FE20661;Miech zawieszenia 150/150
092.305-01;Si≥ownik hamulca
22.01.3249;ZawÛr przep≥ywowy
66.2982;Przek≥adnia kierownicza
FE29449;Olej ATF
KYB940003;Os≥ona amortyzatora przÛd
0 986 594 645;Czujnik ABS
LMI31148 01;KoÒcÛwka drπøka
LMI33925 01;Os≥ona przek≥adni kierowniczej
FE186099;Czujnik ABS
FE186100;Czujnik ABS
JRA541;Drπøek kierowniczy
C.22731;Klucz d≥ug do nasadek 1/2 cala d≥ 730mm
OPONA 195/65/R15;OPONA 195/65/R15 DÍbica
FE19174;Zestaw naprawczy sworznia zwrotnicy
6PU 009 168-91;Czujnik po≥oøenia wa≥ka rozrzπdu
PE M90R3548SE-V;Rozrusznik
71-34258-00;Uszczelka
FE21096;Korek spustowy oleju
5W30 FORD 1L;Olej silnikowy 5W30 OE FORD 1L
5W30 FORD 5L;Olej silnikowy 5W30 OE FORD 5L
PE995/2;Filtr paliwa
OP543/2;Filtr oleju
FE101659;Filtr powietrza
12-10-00-0042;Wtyczka lampy kier.MB Act.1-3 Axor 96r-/11r-4pin
F2.3.00M00;ZawÛr zwrotny pompy paliwa
8497573.9663.02400;ZawÛr nagrzewnicy 3-droøny
35915259;PrzewÛd wtryskowy VI cylindra
STR 200 F1;Komplet uszczelek silnika STAR 200
08.01.S316;ElektrozawÛr
H 12 110/2 X;Filtr oleju
ER RP1119.01;ZawÛr kulowy klimatyzacji
EL467721;Uszczelka
NE00246;Tester szczelnoúci uk≥adu azotem
APS-510G;Przy≥bica automatyczna
MX9005M;Spray czarny mat
BG0206002;Element fotela/siedzenia Mercedes Setra S4154 Tourismo
4932 3632 64;Wiert≥o INOX fi 5 mm Milwaukke
48-47-5789;Brzeszczoty do metalu 300mm Milwaukke kpl 5 szt.
14-07-00-0421;"Szybkoz≥πcze Tekalanu Fi 1/4"" øeÒskie na przewÛd 8mm"
15-02-03-0522;Modu≥ ster.szyb MB Spr.06-16r prawy
YT-1056;Zestaw nasadek w os≥onkach do alufelg kpl 17,19,21
13 X 950;Pasek klinowy
334034;Elektromagnes rozrusznika
WD5000AAKX;"Dysk twardy Western Digital WD Blue WD5000AAKX 500GB SATA 3,5"""
OXAT7019;PrÛbnik tester napiÍcia
P917X;Filtr paliwa
934-959;Obejma t≥umika 59mm
A6299515721;Os≥ona fotela pasaøera lewa Setra
A6299513721;Os≥ona fotela pasaøera prawa Setra
727781;Lampa tylna prawa MB Citaro VB 2
10.5210.50;ZawÛr ograniczajπcy ciúnienie
Akumulator 225AH/12V 1150A;Akumulator 225AH/12V 1150A
A0359;Alternator
ARC0216S;Prostownik SYS Bosch
MMT A169 836;Nasadka udarowa 22
FE100254;Zestaw montaøowy filtra skrzyni
Wπø ssawny zbrojony FI30;Wπø ssawny zbrojony FI30 przeüroczysty 6m odcinek
472 176 316 0;ZawÛr magnetyczny
WALK86019;Obejma uk≥adu wydechowego
1 986 AE0 051;Regulator napiÍcia
WPO-282;Filtr powietrza /AUTOSAN/
56110-6;Zestaw pobijakÛw Hans
08-02-02-1740;Membrana 946N MB/Setra/Citaro /P=T/Sabo
441 035 926 2;Czujnik ABS
22-99-00-0884;£adowarka samochodowa 2xUSB 42606
0114-101-000;Czujnik ciúnienia powietrza el. 10bar
1991805 ACI;Lusterko lewe
YT-81461;Zestaw konektorÛw termokurczliwych
KR.60.045.R;Pokrywka zabezpieczajπca
WA.21.000.E3;Elektromagnes zaworu ECAS 472 900 056 0
586752;Lampa kierunkowskazu lewa SETRA 400
552310;Os≥ona lusterka prawa
FT32832;Zacisk hamulcowy
FT32833;Zacisk hamulcowy
3.75156;G≥owica sprÍøarki
1820-010-269;Cewka 24V
KTT430001;WykrÍtak do zaworkÛw klimatyzacji
EL742950;Uszczelniacz wa≥u
SUNMC-993K10;Zaworki z≥πcza serwisowego klimatyzacji /10 szt/
FE102860;Uszczelka skrzyni biegÛw
EL507990;Uszczelniacz wa≥u
009-B40-22;Dmuchawa powietrza
4D0 260 749B;Uszczelki klimatyzacji
Mata wyg≥uszajπca 9mm;Mata wyg≥uszajπca 9mm 350x100cm trudnopalna zamkniÍtokomÛrkowa (7,02m2)
Mata wyg≥uszajπca 20mm;Mata wyg≥uszajπca 20mm 50x100cm trudnopalna otwartokomÛrkowa
ANS1122-12B1;Czujnik NOX
HP114 775;Oring
KTT110433;Skraplacz klimatyzacji
LM2661;Klej do gwintÛw 10ml
084.717-00;ZawÛr elektromagnetyczny
BO0508;ØarÛwka 24V 21/5W /BOSMA/
OSR64138;ØarÛwka 24V H21
YT-47873;"Talerz polerski 150mm z rzepem gwint 5/16"" YT-47873"
FE103988;Wtryskiwacz amoniaku uk≥. doz. DeNOx
KTT050001;Uszczelnienia kompresora klimatyzacji
ENT570158;Elementy modu≥u dozujacego DeNOx
CARGO-E009;Mocowanie ≥adunku uchwyt na pasy transportowe
543BCL/II W74.1;åwiatlo obrysowe Lewe
543BCP/II W74.1;åwiat≥o obrysowe Prawe
VKMA 34700-1;Zestaw paskÛw i rolek
Uzin GN 222 5KG;Klej Uzin GN 222 5KG
UZIN KE 2000S 14KG;Klej UZIN KE 2000S 14KG
3.37005;Czujnik temperatury
TD03-70-177HR;Wk≥ad lusterka prawy przÛd SETRA 400 /0018114633/
BO0287;ØarÛwka pomaraÒczowa PY21W bau15s P21w Bosma
BO1949;ØarÛwka W5W T10 12V 5W
BO0423;ØarÛwka H7 24V 70W Bosma
BO0447;ØarÛwka BA15S 24V 21W P21W Bosma
1987 302 777;ØarÛwka H7 12V/55W
00 00 1146;Wykrywacz nieszczelnoúci / instalacje ciúnieniowe LPG Boll 300ml spray
BO0379;ØarÛwka Hal H4 24V 75/70W Bosma
061767;Zestaw do wymiany oleju
PN-12047;RÍczny zawÛr hamulcowy
8EL011 713-761;Alternator
934 714 740 0;ZawÛr wieloobwodowy
EVMK5038;Zestaw montaøowy turbosprÍøarki
LRTK077;Kolektor wydechowy prawy
906 826 00 40;åwiat≥o odblaskowe lewe zderzak Sprinter
20-03-00-0100;Podk≥adka miedziana Fi8 opak 10szt
20-03-00-0199;Podk≥adka miedziana Fi14 opak 100szt
20-03-00-0251;Podk≥adka miedziana Fi12 opak 10szt
20-03-00-0253;Podk≥adka miedziana Fi10 opak 10szt.
KR.60.001.R;Zestaw t≥oczkÛw zacisku hamulcowego
KR.60.042.K2;Kabel pokrywy zacisku L-5000mm
434 208 027 0;ZawÛr wielodroøny Wabco
BCR215A;Tarcza hamulcowa
R16100;Spinka tapicerska
506519C;Lampa obrysowa
LRT5320;Pokrywa zacisku 3 kable MAN
59000067900;Klucz kwadrat
YG-04-243L-1;Lampa tylna lewa /SETRA/
RH53-9004;Drπøek reakcyjny
20W50;Olej 20W50 Orlen Classic Life+ 4,5L
RR88716177;Drπøek reakcyjny prosty
449 712 030 0;PrzewÛd ABS
10X818;Pasek klinowy
434 100 126 0;ZawÛr przep≥ywowy
Rozpierak Polonez;Rozpierak Polonez Caro Plus Lucas lewa + prawa
14-07-00-1670;"Szybkoz≥πcze pneumatyczne Fi 1/4"" na przewÛd 13 mm"
FE30353;Filtr powietrza
716 010 0012/HD;SworzeÒ wahacza przÛd dolny Transit nr bocz.741
Mata antypoúlizgowa 1250x6 3mb;Mata antypoúlizgowa
VOE04045;Zestaw naprawczy do gwintÛw M24x1,5
YT-81501;Taúma parciana do wiπzek kabli 25m 19mm
MC02031;Podk≥adka miedziana 14x20mm
YT-8174;Taúma izolacyjna 25mm x 20m czarna
TC1150;SworzeÒ wahacza przÛd L/P
MTC02037;Podk≥adka miedziana 26
14-067 Amtra;Taúma samowulkanizujπca
TA1808;KoÒcÛwka drπøka
000 328 2130 EBS;ZawÛr poziomujacy poduszki
435 100 126 0;ZawÛr przep≥ywowy
QB105-0004;Zestaw montaøowy szczÍk hamulcowych
S 50 521;SzczÍki hamulcowe
NRF727037;Czujnik temp. p≥ynu
EL584500;Zestaw úrub g≥owicy cylindrÛw
EL387662;Uszczelka kolektora wydechowego
AJU14100200;Uszczelka miski olejowej
EL588620;Uszczelniacz wa≥u korbowego
V30-60-91315;Zestaw uszczelek ch≥odnicy oleju
559 1003 20;Rozrzπd kompletny
FE188353;Korek wlewu oleju
NGV3.20.6;ZawÛr TL 115 MS-27 (G) V3.20.6
177;Tech - ≥ata radialna CT-33(100mmx125mm) 177
TM-400;Tech - proszek do wywaøania kÛ≥ 370g TM400
3.33307;Prze≥πcznik zespolony
4.60302;W≥πcznik/czujnik úwiat≥a cofania/stopu
70143Z;Spinka tapicerska ROM 70143Z Zestaw 10szt
K S00 001 610;Wa≥ kierowniczy
4.64580;Filtr Paliwa
OC976;Filtr oleju
E3G0001BTA;Napinacz paska
KR.1700.065;G≥owica kompletna kompresora
A906464031864;Spirala kontaktowa
FE17424;Wieszak uk≥adu wydechowego
ASM05.056;T≥umik uk≥adu wydechowego ty≥
D4-2114C;Zestaw naprawczy
227.043;£πcznik stabilizatora
FE188707;Napinacz paska PK /MAN/
24/12 DC-200;Przetwornica napiÍcia 24/12V 10A
870246725500;PrzewÛd AdBlue
YG-04-243R-1;Lampa ty≥ prawa /SETRA 400/
095.1212;Drπøek reakcyjny
095.344;Drπøek reakcyjny
4.60429;Przegub kolumny kierowniczej
02.239.016.6;Si≥ownik hamulca tarczowego /TYP 16/
4.64617;ZawÛr poziomujπcy
767539;Przycisk regulacji poziomu fotela
60A MAXI;Bezpiecznik p≥ytkowy MAXI 60A
FE30151;SworzeÒ wahacza /SPRINTER/
TEQ-01.012;Prze≥πcznik zespolony
DRMSONICNC;Zapach NEW CAR DR. MARCUS
FE03855;Tuleja zawieszenia
AUG70702;Tuleja wahacza
LM3305;Smar w sprayu 500ml
0303-380-035;Filtr z zaworem odcinajacym
2690-000-610;åruba DIN960 M12x1,5x45 dac 10.9
2690-000-620;åruba DIN960 M12x1,5x50 dac 10.9
2690-001-430;NakrÍtka DIN985 M12x1,5 oc.B KL.10 sam.
030-380-035;Filtr z zaworem odcinajπcym
101 425;Amortyzator przÛd
970 150 008 0;Si≥ownik sprzÍg≥a
FE181032;Piasta ko≥a
71-42374-00;Uszczelka pokrywy zaworÛw
11 25 50;G≥owica sprÍøarki powietrza
ENT250512;Zest. mont. wtryskiwacza
FE177315;Pokrywa zaworÛw
LRTK078;Wolektor wydechowy lewy
BB0030;Si≥ownik hamulca tarczowego TYP16
HUTS500305;Amortyzator napinacza paska PK
AUG107333;PrzewÛd gumowy redukcyjny 70/60/170
A 651 141 10 04;PrzewÛd rurowy
973 001 010 0;ZawÛr przekaünikowy
973 500 000 0;ZawÛr zwalniajπcy
SPB1478;Pasek klinowy
SPB1426;Pasek klinowy
2480004;Odolejacz/odwadniacz
0XAT9203;Nasadka udarowa 95mm
1100 025 001;Kompresor powietrza
OS£ONA SILNIKA SETRA 415;Os≥ona silnika SETRA 415
0000-105-338;Czujnik poziomu p≥ynu /SOLARIS/
NRF166029;PrzewÛd intercoolera
LMI33147;Poduszka silnika
LMI33150;Poduszka silnika
NRF166000;PrzewÛd intercoolera
DJAC0110;Imad≥o
TL-UN096L/R-L;Klosz lampy tylnej
4139301579ZF;Uszczelka skrzyni biegÛw
230.128;Zestaw naprawczy zwrotnicy
Spreøynki Polonez Caro Plus;Zestaw sprÍzynek szczÍk hamulcowych Polonez Caro Plus LUCAS
PA1653;Pompa cieczy ch≥odzπcej
RH51-3037;Drπøek kierowniczy wzd≥uøny
CU-SE-001;Czujnik ciúnienia oleju
BD081216;Tarcza hamulcowa
0501276;"Bit Torx 1/4"" x 25 T40 opakwanie"
0501289;"Bit Torx 1/4"" x 50 T40"
DCRS300260;Element pompy CR
DG-617;åwieca øarowa
EL021272;Uszczelka ch≥odnicy oleju
11031018HW;Ch≥odnica silnika
DJAC0106;Imad≥o
SI-MA133;PrzewÛd ≥πczπcy
SI-MA134;PrzewÛd ≥πczπcy
RH51-3038;Drπøek kierowniczy poprzeczny
01.04.2407;Osuszacz
65717/1;Poduszka pieca
EL719800;Uszczelka pokrywy zaworÛw Sprinter
2790.65;Krzyøak wa≥u 57x144
802 419;Mocowanie amortyzatora
900 183;Zestaw os≥on amortyzatora
319 684;Amortyzator przÛd
MER-01756;Lampa oúwietlenia tablicy rejestracyjnej
432 410 022 0;Osuszacz powietrza
EVCH0058;Cartridge turbiny Sprinter
EVCH04023;Cartridge turbiny Sprinter
MOR 08034250;Uszczelniacz przedni wa≥u korbowego 63,5x88,9x19 do silnika SW400
010.5034;PrzewÛd sp≥ywu oleju
KT140060;Zestaw montaøowy turbiny Sprinter
1 986 S00 765;Rozrusznik 12V Sprinter
446 190 150 0;W≥πcznik úwiate≥ drzwiowych
A 000 528 14 82;Rura powietrza
S477;Smar natryskowy OMC2 500ml /FORCH/
HU 6020 Z;Filtr oleju
K120;Klej do gwintÛw niebieski 50g /FORCH/
PU 11 001 Z KIT;Filtr paliwa
F 026 400 468;Filtyr powietrza
Titan GT1 PRO C3 5w30;Titan GT1 PRO C3 5w30 5L
FP 25 034-2;Filtr kabiny
ENT491049;PrzewÛd wlewu oleju
81.25505-0837;Prze≥πcznik silnika szyberdachu
MMT CP10064;Pokrowiec na kierownicÍ
115556;Rozrusznik MAN TGA
92320303;Tarcza hamulcowa
E1242;Hebel - wy≥πcznik prπdu
P00166;Przekaünik rozrusznika
861191;Przekaünik rozrusznika
Uszczelka miski olejowej SW400;Uszczelka misy olejowe SW400
AKC054/14K;Koszulka termokurczliwa z klejem 14mm
AKC054/18K;Koszulka termokurczliwa z klejem 18mm
AKC054/7,5K;Koszulka termokurczliwa z klejem 7,5mm
NRF32698;Kompresor klimatyzacji
FE116228;Klocki hamulcowe
LP3311;Klocki hamulcowe
Uszczelka trÛjkπt wydech Star 266;Uszczelka trÛjkπt wydech Star 266
USZCZELKA RURY WYDECHOWEJ Star 266;USZCZELKA RURY WYDECHOWEJ kwadratowa Star 266
MN3002-5;P≥yn hamulcowy DOT4 5L /MANNOL/
L10555;SworzeÒ wahacza /SPRINTER/
01.190.8507.120;Prze≥πcznik zespolony kolumny kierowniczej
NRF342044;NRF342044 Rezystor dmuchawy jeø
VAN45817SE;Poduszka wydechu
OSRLEDIL408;Lampa przenoúna warsztatowa bezprzewodowa led
YT-06876;Komplet oringÛw
7755102;Konektor tulejka zaciskowa 1.5
A 222 300 09 00;Peda≥ gazu
7755101;Konektor tulejka zaciskowa 0.25-1.5
434 100 125 0;ZawÛr przep≥ywowy (odpowiednik dla 434 100 126 0)
RIV700021;Rozrusznik IVECO
235/65R16 R C Continental VanContact Eco;Opona letnia 235/65R16 R C 115/113 Continental VanContact Eco
R670;Spray do czyszczenia stykÛw elektrycznych 400ml /FORCH/
S446;Odrdzewiacz z grafitem 400ml /FORCH/
175/80R14 88T Barum Bravuris;Opona letnia 175/80R14 88T Barum Bravuris
150439;Poduszka ch≥odnicy
G12+ TEXACO HAVOLINE XLC OF02 200L;Koncentrat p≥ynu ch≥odniczego G12+ TEXACO HAVOLINE XLC OF02 200L
DF-050;PiÛra wycieraczek bezszkieletowe 450/600
A0009872043;Poduszka ch≥odnicy /dolna/
80505;Dystans gumowy filtra powietrza MB W123 /A0010945480/
YT17634;Zestaw naprawczy gwintÛw M10x1,5
BO0133;ØarÛwka W21W 12V /BOSMA/
FE47867;£πcznik stabilizatora ty≥ /SPRINTER/
31916 01;Mocowanie amortyzatora przÛd /SPRINTER/
FE44882;Os≥ona amortyzatora przÛd /SPRINTER/
99444041;ZawÛr czujnik ECAS
4.90772;Zest. naprawczy z≥πcza VOSS230 NG12
FE28480;£πcznik stabilizatora przÛd /SPRINTER/
321-0104-3;Kierunkowskaz lewy lusterka /SPRINTER/
70671973;ZawÛr regulacji ciúnienia do≥adowania
YT5837;Zestaw imbusÛw calowych
FDB4239;Klocki hamulcowe
W 940/69;Filtr oleju
STR-40217;åruba ko≥a
1 987 237 063;Regulator napiÍcia alternatora
230134;Zestaw zwrotnicy
PUR-HA0152;Filtrm powietrza
68171944AF;PrzewÛd hamulcowy
0229978145;Zestaw naprawczy z≥πcza VOSS
0 092 S50 130;Akumulator 100Ah 830A P+
M9T61971;Rozrusznik MAN
KR.1700.063;G≥owica kompletna kompresora LP4865/LK4937
0000.036.381BP;Lampa kierunkowskazu przÛd L/P LED
YT2990;PokrÍt≥o do gwintownikÛw
599249;Regulator napiÍcia 14V
4.480599;Tuleja stabilizatora ty≥ /SPRINTER/
VKPC7046;Pompa wody MAN
K038805N00;ZawÛr hamulca rÍcznego
3957158S;Czujnik obecnosci wody w filtrze paliwa
343.420;Pompa cieczy ch≥odzπcej
81001401;Smar do hamulcÛw Texar
K975;Filtr kabinowy
93310E;Filtr powietrza
FE40035;£πcznik stabilizatora ty≥ MB
A6510300512 UØYW.;Ko≥o zamachowe automatycznej skrzyni biegÛw /SPRINTER/
A6297230164;Drπøek drzwi MB, SETRA L-490mm
U4854;Pompa obiegowa wody
STX101671;Alternator Sprinter Stardax STX101671
12-01-02-1041;Bendix 12-01-02-1041 AS
FE39510;Tulejka drπøka sta MB 706
88-64-01-00004-00;Dmuchawa
2302.552.000BP;Zamek klapy
ANS1056-12B1;Czujnik NOx
Szk≥o reflektora L PrzÛd;Szk≥o reflektora L PrzÛd
FE32364;Poduszka odbÛj M10
CRL10605AS;Przekaünik rozrusznika PACCAR
"KLucz dynamometryczny 1/2""";"KLucz dynamometryczny 1/2"""
A6289980847;Poduszka ch≥odnicy
280.966;Amortyzator
861222;Elektromagnes rozrusznika
BAP7540PRO;Akumulator 75Ah/12V 750A P+
TRUCK PB STP-50T;CiÍøarki nabijane 50g
19031012;Zbiornik wyrÛwnawczy MAN
8GS 242 632-291;Øarnik xenon D1S
W22MPR-U;åwieca zap≥onowa
17.0041;Drπøek reakcyjny L-630mm MB/SETRA
FT19116;Przek≥adnia kierownicza Sprinter
5410 300;åciereczka WIPE & DRY 66x43cm /FORCH/
FE44736;NakrÍtka wa≥ka atakujπcego
JW4549;£oøysko stoøkowe
SKF31307;£oøysko stoøkowe SKF31307
4.20821;Uszczelka dyferencja≥u 4.20821
534158;£oøysko pÛ≥osi napedowej CEI 534158
5002-02-0512P;Podstawa dolna miecha
0070231;Pojemnik plastikowy 400ml
0070233;Pojemnik plastikowy 1300ml
0070234;Pojemnik plastikowy 2240ml
265/70-19,5 Bieønikowana;265/70-19,5 Bieønikowana
932 400 016 0;Osuszacz powietrza (11,5 bar, z regulatorem ciúnienia, 24V, bayonet)
BO1970;ØarÛwka W3W 3W 12V /BOSMA/
BO0669;ØarÛwka 5W 24V C5W 10x36 /BOSMA/
2262054;Czujnik temperatury SOLARIS CUMMINS
B111657DKM;Klocki hamulcowe Alfa Romeo
63010-2RSR;£OØYSKO 63010-2RSR NKE
19-99-00-0001;Mata antypoúlizgowa 5mx25cmx6mm Regupol
LRT_B_K026763RC;Zacisk prawy ty≥ Integro
Kaucja za zacisk;Kaucja za zacisk
504015670;Pompka spryskiwacza
Taúma akustyczna 70mmx30m;Taúma akustyczna 70mmx30m Tasma pod kontr≥aty PE 3mmx70mmx30m 7042 grafitowa
5.4101;Pompa wody
5.41448;Napinacz paska wielorowkowego Solaris Urbino 12
45x52x4 RZV;Uszczelniacz sworznia zwrotnicy 45x52x4 RZV
YT81441;Koszulka termokurczliwa z cynπ YT-81441
YT81442;Koszulka termokurczliwa z cynπ YT81442
3.18250;Czujnik poziomu p≥ynu ch≥odzπcego
TR”JK•T ODBLASKOWY;TrÛjkπt odblaskowy przykrÍcany do przyczepki
500A MEGA;Bezpiecznik 500A MEGAVAL
0867465;Lampa obrysowa przÛd gÛra bia≥a Solaris FT-012 B LED
15-686-009;Rurka fotela - zestaw naprawczy
15-686-008;Rurka fotela - zestaw naprawczy
15-686-015;Rurka fotela - zestaw naprawczy
BOS265-459;£πcznik rur
BOS255-025;Wieszak uk≥adu wydechowego
ASM03.074;T≥umik uk≥adu wydechowego
JAAA1804;NarzÍdzie do obs≥ugi cylindrÛw i t≥okÛw
1905.024.067;Wk≥ad lustertka zewnÍtrznego
0206-05-9522005P;Belka zawieszenia silnika
011.229-00;£oøysko zwrotnicy
0821.358.50/DL;Zestaw naprawczy zwrotnicy
BC-1702/NWB/;£oøysko stoøkowe
0131-506-035;Pokrywa wk≥adu filtra oleju O-ring
2.97008;Regulacja wysokoúci siedzenia
CAR115413;Alternator
FE21833;Prze≥acznik zespolomny pod kierownicπ
FE109557;Czujnik cisnienia w kolektorze ssπcym
EL497370;Uszczelka pokrywy zaworÛw
EL497390;Uszczelka pokrywy zaworÛw
EL222520;Podk≥adka pod wtryskiwacz
000 142 00 19;Element mod. t≥. DeNOx
AUG69464;PrzewÛd gumowy uk≥adu chlodzenia trÛjnik
EL924867;Podk≥adka wtryskiwacza
10-03-00-0011;Czujnik ABS Wabco 4410328620
0002571480;ZESTAW NAPRAWCZY CYLINDRA SKRZYNI BIEG”W MERCEDES
0004010971;SZPILKA KO£A M22X1,5X75/5MM TY£ MERCEDES CITARO Z FREZ,
0004012371;SZPILKA KO£A MERCEDES CITARO PRZ”D M22X1,5X68
0008110561;OS£ONA LUSTERKA PRAWA MERCEDES CITARO
0008203564;LAMPA TY£ MERCEDES CITARO STOP/POZ LEWA
0008203664;LAMPA TY£ MERCEDES CITARO STOP/POZ PRAWA
0008260443;LAMPA TYLNA KIERUNK.BUS G”RNE WEW. CITARO
0008261344;LAMPA TYLNA STOP/POZYCJA G”RNA WEW.
001796;USZCZELKA POKRYWY ZAWOR”W MERCEDES CITARO OM457
0018205821;LAMPA KIERUNKOWSKAZU MERCEDES CITARO LEWA
0018205921;LAMPA KIERUNKOWSKAZU MERCEDES CITARO PRAWA
002070;USZCZELKA POMPY PALIWA
0038204056;LAMPA OåWIETLENIA TABLICY REJ. MERCEDES CITARO DIODOWA
M18X1,5 L1000;PRZEW”D ELASTYCZNY M18X1,5 L-1000
M18X1,5 L400;PRZEW”D ELASTYCZNY M18X1,5 L-400
M18X1,5 L600;PRZEW”D ELASTYCZNY M18X1,5 L-600
M18X1,5 L800;PRZEW”D ELASTYCZNY M18X1,5 L-800
0099873951;GUMA USZCZELKA DRZWI DOLNA MERCEDES CITARO 0099873951BP
01070700;POMPA WODY MERCEDES (dodatkowe wyjúcie od czo≥a)
0119815110;£OØYSKO WA£KA KOLUMNY KIEROWNICY DOLNE MERCEDES 404
0139815910;£OØYSKO WA£KA KOLUMNY KIEROWNICY G”RNE MERCEDES 404
01711300;NAKR TKA KO£A M22X1,5
0205C/N;KLOSZ LAMPY TY£ 3/5 SEGMENTOWA
021380;USZCZELKA POMPY WODY MAN A23 D2066
021411;USZCZELKA OBUDOWY POMPY WODY MAN A23/D2066
0222L;LAMPA PROSTOK•TNA TY£ BIA£A/CZERWONA/POMARA—CZOWA 115X138mm
02MA003;TARCZA HAMULCOWA MAN PRZ”D BEZ KO£.
02ME006;TARCZA HAMULCOWA
03108100;ZESTAW NAPRAWCZY ZWROTNICY 45X214
050320;USZCZELKA POKRYWY ZAWOR”W OM906
05610200;TARCZA HAMULCOWA PRZ”D NEOPLAN/SETRA 215 02-SE001
05610300;TARCZA HAMULCOWA SETRA 432X45 S300 KA1006
05B-2;£A—CUCH ROLKOWY MOCOWANIA DRZWI
05B-2 CL;Z£•CZKA £A—CUCHA PROSTA
0634303152;ORING MOSTU AV132 277X2,5
067121640;£OØYSKO LINIOWE OTWIERANIA DRZWI CITARO (przeciÍte)
074790;USZCZELKA POKRYWY ZAWOR”W OM906 PLASTIK
07640610;MEMBRANA SI£OWNIKA 20 NISKA
07640710;MEMBRANA SI£OWNIKA 24 NISKA
07640810;MEMBRANA SI£OWNIKA 30 NISKA
07641010;MEMBRANA SI£OWNIKA 14 NISKA
07641210;MEMBRANA SI£OWNIKA 12 NISKA
07641310;MEMBRANA SI£OWNIKA 16 G£ BOKA
07641410;MEMBRANA SI£OWNIKA 20 G£ BOKA
082135850;ZESTAW NAPRAWCZY ZWROTNICY SOLARIS SW. 234MM
1008-18;NITY OK£ADZIN HAMULCOWYCH 8x15/8x16/8X18/8x20
100X130X11;USZCZELNIACZ WA£U KORBOWEGO 100X130X11
100X130X12;USZCZELNIACZ 100X130X12
100X130X13;USZCZELNIACZ PIASTY MAN 100X130X13
100X140X15;USZCZELNIACZ 100X140X15
102X125X13;USZCZELNIACZ 102X125X13
10576;POMPKA PALIWA R CZNA
105X130X12;USZCZELNIACZ WA£U KORBOWEGO PRZ”D MAN 105X130X12
105X140X13,5;USZCZELNIACZ 105X140X13,5
10PK1400;PASEK WIELOKLINOWY 10PK1400
10PK1688;PASEK WIELOKLINOWY 10PK1688
10PK1850;PASEK WIELOKLINOWY 10PK1850
10PK1863;PASEK WIELOKLINOWY 10PK1863
10PK2050;PASEK WIELOKLINOWY 10PK2050
RURA PESZLA 10X1000;RURA PESZLA 10X1000
10X1025;PASEK KLINOWY 10X1025
10X1075;PASEK KLINOWY 10X1075
10X1100;PASEK KLINOWY 10X1100
10X1125;PASEK KLINOWY 10X1125
10X1200;PASEK KLINOWY 10X1200
10X1225;PASEK KLINOWY 10X1225
10X1250;PASEK KLINOWY 10X1250
10X1275;PASEK KLINOWY 10X1275
10X1350;PASEK KLINOWY 10X1350
10X1425;PASEK KLINOWY 10X1425
10X1450;PASEK KLINOWY 10X1450
10X1475;PASEK KLINOWY 10X1475
10X1500;PASEK KLINOWY 10X1500
10X1650;PASEK KLINOWY 10X1650
10X1725;PASEK KLINOWY DwurzÍdowy
10X1750;PASEK KLINOWY 10X1750
10X1775;PASEK KLINOWY 10X1775
10X600;PASEK KLINOWY 10X600
10X650;PASEK KLINOWY 10X650
10X875;PASEK KLINOWY 10X875
10X950;PASEK KLINOWY 10X950
10X975;PASEK KLINOWY 10X975
110X140X13;USZCZELNIACZ 110X140X13
111930;NAKR TKA STRZEMIONA M24X1,5
112659;WIENIEC KO£A ZAMACHOWEGO MERCEDES/MAN Q-432 160-Z WCISKANY
11293;ROLKA PASKA WIELOKLINOWEGO MERCEDES CITARO (Q80X44X10)
113448;ALTERNATOR 28V 100A CITARO/ACTROS MA£Y MERCEDES
114001;ROZRUSZNIK 24V KW 4.0 MAN 310
114U001;OS£ONA PRZEGUBU FORD
115X140X12;USZCZELNIACZ 115X140X12 WA£U TY£ MERCEDES
11PK2015;PASEK WIELOKLINOWY 11PK2015
1200;£OØYSKO 1200
120X140X13;USZCZELNIACZ WA£U TY£ MAN,DB 120X140X13
1245;PODK£ADKA KO£A M22 STOØKOWA SPR ØYNOWA
125X150X10;USZCZELNIACZ 125X150X10 SKRZYNI BIEG”W
125X150X15;USZCZELNIACZ PIASTY 125X150X15
125X150X15/13;USZCZELNIACZ 125X150X15/13
126750;WIENIEC KO£A ZAMACHOWEGO MERCEDES OM906
1268201301;LAMPA OåWIETLENIA WN TRZA MERCEDES
127088;RURA WYDECHU Q-80X2000MM
128898;LAMPA OBRYSOWA CZERWONA DIODOWA
12PK1165;PASEK WIELOROWKOWY 12PK1165
1305050029;LAMPA B£YSK. Z”£TA 12/24V DIODA
1305620546;SZK£O REFLEKTORA PRAWE MERCEDES O405-408
132X160X10;USZCZELNIACZ PIASTY 132X160X10 AV132
132X172X12;USZCZELNIACZ PIASTY 132X172X12 MAN/CITARO
1346;PODK£ADKA KO£A STOØKOWA M22
135x175x18-fpm ABS MAN BUS;USZCZELNIACZ 135x175x18-fpm ABS MAN BUS KOMPAKTOWY
1361;FILTR OSUSZACZA POWIETRZA (WK£AD)
139705;PODUSZKA SILNIKA OKR•G£A WCISKANA
13X1000;PASEK KLINOWY 13X1000
13X1025;PASEK KLINOWY 13X1025
13X1050;PASEK KLINOWY 13X1050
13X1075;PASEK KLINOWY 13X1075
13X1100;PASEK KLINOWY 13X1100
13X1125;PASEK KLINOWY 13X1125
13X1175;PASEK KLINOWY 13X1175
13X1200;PASEK KLINOWY 13X1200
13X1225;PASEK KLINOWY 13X1225
13X1250;PASEK KLINOWY 13X1250
13X1275;PASEK KLINOWY 13X1275
13X1300;PASEK KLINOWY 13X1300
13X1325;PASEK KLINOWY 13X1325
13X1375;PASEK KLINOWY 13X1375
13X1400;PASEK KLINOWY 13X1400
13X1425;PASEK KLINOWY 13X1425
13X1432;PASEK KLINOWY 13X1432
13X1450;PASEK KLINOWY 13X1450
13X1500;PASEK KLINOWY 13X1500
13X1525;PASEK KLINOWY 13X1525
13X1550;PASEK KLINOWY 13X1550
13X1575;PASEK KLINOWY 13X1575
13X1600;PASEK KLINOWY 13X1600
13X1625;PASEK KLINOWY 13X1625 dwurzÍdowy
13X1650;PASEK KLINOWY 13X1650
13X1675;PASEK KLINOWY 13X1675
13X1700;PASEK KLINOWY 13X1700
13X1725;PASEK KLINOWY 13X1725
13X1750;PASEK KLINOWY 13X1750
13X1775;PASEK KLINOWY 13X1775
13X1800;PASEK KLINOWY 13X1800
13X1875;PASEK KLINOWY 13X1875
13X1900;PASEK KLINOWY 13X1900
13X1925;PASEK KLINOWY 13X1925
13X1950;PASEK KLINOWY 13X1950
13X1975;PASEK KLINOWY 13X1975
13X2000;PASEK KLINOWY 13X2000
13X2025;PASEK KLINOWY 13X2025
13X2100;PASEK KLINOWY 13X2100
13X2150;PASEK KLINOWY 13X2150
13X2325;PASEK KLINOWY 13X2325/2
13X2350;PASEK KLINOWY 13X2350
13X2375;PASEK KLINOWY 13X2375
13X2400;PASEK KLINOWY 13X2400
13X2500;PASEK KLINOWY 13X2500
13X2575;PASEK KLINOWY 13X2575
13X2732;PASEK KLINOWY 13X2732
13X2750;PASEK KLINOWY 13X2750
13X2800;PASEK KLINOWY 13X2800
13X875;PASEK KLINOWY 13X875
13X900;PASEK KLINOWY 13X900
13X975;PASEK KLINOWY 13X975
145X175X14 Z ABS;USZCZELNIACZ 145X175/205X14 Z ABS PIASTA TY£
145X175X15;USZCZELNIACZ 145X175X15
145X175X8;USZCZELNIACZ PASTY 145X175X8
1501010215;LUSTERKO 433X188 ACTROS ,CONECTO
15341;SZPILKA KO£A NEOPLAN TY£ PIASTA ZF. M22X1,5X92/102
155X180X15;USZCZELNIACZ
159913;GUMA DRZWI DOLNA SOLARIS 570mm
1648;SZPILKA KO£A M22x1,5 d≥ugoúÊ 63mm MERCEDES O404
16X28X7;USZCZELNIACZ 16X28X7
16X30X7;USZCZELNIACZ 16X30X7
17X1450;PASEK KLINOWY 17X1450
17X1500;PASEK KLINOWY
17X2050;PASEK KLINOWY 17X2050
17X2400;PASEK KLINOWY 17X2400
17X28X7;USZCZELNIACZ 17X28X7
1802000009;ZABEZPIECZENIE PAS”W SZER. 150M
180AHHD;AKUMULATOR 180AH HD
1862133032;"TARCZA SPRZ G£A 420 (WIELOKLIN 1 3/4"") SETRA 200"
1878000964;TARCZA SPRZ G£A Q-380 MAN/DB SACHS
1882301239;DOCISK SPRZ G£A MERCEDES 420
1882302131;DOCISK SPRZ G£A MERCEDES O303 Q-380
18X150X150;KOLANKO SILIKONOWE 18X150X150
19487 00;OK£ADZINY HAMULCOWE 19487 00
19495 10;OK£ADZINY HAMULCOWE 19495 I NADW
19495 20;OK£ADZINY HAMULCOWE 19495 II NADW
19503 10;OK£ADZINY HAMULCOWE 19503 I NADW
19579 10;OK£ADZINY HAMULCOWE 19579 I NADW.
19579 20;OK£ADZINY HAMULCOWE 19579 II NADW.
19581 00;OK£ADZINY HAMULCOWE 19581 NOM
19581 10;OK£ADZINY HAMULCOWE 19581 I NAD
19581 20;OK£ADZINY HAMULCOWE 19581 II NAD
19699 00;OK£ADZINY HAMULCOWE 19699 NOM
19699 20;OK£ADZINY HAMULCOWE 19699 II NAD
19708 00;OK£ADZINA 19708 MAN 182X16
19849 10;OK£ADZINY HAMULCOWE 19849 I NAD
19849 20;OK£ADZINY HAMULCOWE 19849 II NAD
1DF25A1;MIECH PENUMATYCZNY SOLARIS KPL. PRZ”D SP558379-K
1E102UD179;FILTR ADBLUE MERCEDES CITARO
20X35X7;USZCZELNIACZ 20X35X7
KR21470;AMORTYZATOR ATRAPY D£-510 480N
21647;P£YN DO WSPOMAGANIA 1L
2230035;USZCZELKA POKRYWY ROZRZ•DU MERCEDES OM457
22989;ROLKA NAPINAJ•CA CITARO
2304;£OØYSKO 2304
239795;REFLEKTOR PRZ”D MAN A 21 P
2430727870;USZCZELNIACZ WA£U KORBOWEGO TY£ VW T4 85X105X11
2447010044;ZESTAW ZAWORK”W POMPKI ZASILAJ•CEJ N/TYP BOSCH
24488;POMPKA PALIWA R CZNA Z ODSTOJNIKIEM MB
245/70R19,5 BIEØNIKOWANA;OPONA BIEØNIKOWANA 245/70R19,5
246327;LAMPA OBRYSOWA DIODOWA 80X20 BIA£A
25X35X7;USZCZELNIACZ 25X35X7
25X35X7/10;USZCZELNIACZ WYBIERAKA SKRZYNI 25X35X7/10
262883;ROLKA PASKA MERCEDES CITARO
265/70-19,5DUNLOP;OPONA 265/70-19,5 DUNLOP
275/70R22,5 BIEØ;OPONA BIEØNIKOWANA 275/70R22,5
275/70R22,5 TRIANGLE;OPONA 275/70R22,5 TRIANGLE/JINJU JU555
28626;POMPA WODY OM457 CITARO
28X42X8;USZCZELNIACZ 28X42X8
29095;KLOCKI HAMULCOW 29095
29095 KNORR;KLOCKI HAMULCOWE KNORR 29095
2992242;FILTR OLEJU
2992662;FILTR PALIWA IVECO/SOALRIS
2BA003236541;LAMPA KIERUNEK/POZYCJA TY£ PROSTOK•TNA
2BM006692021;LAMPA KIERUNKOWSKAZU BOCZNA
2PF959570207;LAMPA POZYCYJNA PRZ”D G”RNA £EZKA SOLARIS
2ZR008221057;LAMPA COFANIA OKR•G£A MAN A 21
30029;LAMPA TYLNA 3 SEGM.
30207;£OØYSKO 30207
30217;£OØYSKO 30217
30218;£OØYSKO 30218
30219;£OØYSKO 30219
3053240108;ODBOJNIK ZAWIESZENIA PRZ”D MERCEDES
3102357610;USZCZELKA MISKI OLEJOWEJ MERCEDES V6
3151000157;£OØYSKO SPRZ G£A DB/SETRA
3151000335;£OØYSKO SPRZ G£A SETRA 300 (z ko≥kami)
3151000375;£OØYSKO SPRZ G£A MERCEDES 303
3151000395;£OØYSKO SPRZ G£A MAN
3151000547;£OØYSKO SPRZ G£A MERCEDES O404
3151126031;£OØYSKO SPRZ G£A MERCEDES Q-54MM
32009;£OØYSKO 32009
32010AX;LOØYSKO 32010AX
32016;£OØYSKO 32016
32021 TIMKEN;£OØYSKO 32021 TIMKEN
3210B-2RS;£OØYSKO NAPINACZA/KOMP.KLIMATYZACJI
32208;£OØYSKO 32208
32213;£OØYSKO 32213
32216;£OØYSKO 32216
32309;£OØYSKO 32309 PIASTA SETRA
32310;£OØYSKO 32310
325103;LAMPA KIERUNKOWSKAZU BOK MERCEDES CITARO
33013;£OØYSKO 33013 TIMKEN
33019 TIMKEN;£OØYSKO 33019 TIMKEN
33021;£OØYSKO 33021
3304;£OØYSKO 3304
33113;£OØYSKO 33113
33115;£OØYSKO KOSZA TYLNEGO MOSTU A80
33208;£OØYSKO 33208
33209;£OØYSKO 33209
33213;£OØYSKO 33213
33215;£OØYSKO 33215
3482083032;DOCISK SPRZ G£A 430 (s≥oneczko)
3568200556;LAMPA OBRYSOWA MERCEDES O404
3568304218;FILTR NADMUCHU KABINY PRZY STOPNIACH MERCEDES O404
35X1000;PRZEW”D SILIKONOWY 35X1000
366206;USZCZELKA OBUDOWY ROZRZ•DU TGL MAN D0836
38X150X150;KOLANKO SILIKONOWE 38X150X150
392101;FILTR ODSTOJNIKA PALIWA MAN N/TYP
401410;USZCZELKA KOLEKTRORA SS•CEGO MERCEDES OM457
402001;USZCZELKA KOLEKTORA SS•CEGO MERCEDES CITARO OM906
40X1000;PRZEW”D SILIKONOWY 40X1000
4139301618;USZCZELKA POKRYWY SKRZYNI BIEG”W TY£ ZF
4166336373;USZCZELKA SKRZYNI BIEG”W OKR•G£A (papierowa wandlera) ZF HP500/600
4228120000;SI£OWNIK OTWIERANIA DRZWI WABCO OEM CITARO
42X58X7;USZCZELNIACZ 42X58X7 WA£KA ROZP.
4312;ZESTAW NAPRAWCZY ZWROTNICY 45X219
432040;USZCZELKA KOLEKTORA WYDECHOWEGO MERCEDES OM457
4324102227;OSUSZACZ POWIETRZA (wk≥ad)
4401605L;LAMPA TY£ NEOPLAN KIERUNKOWSKAZ
4471410780;USZCZELKA KOLEKTORA SSACEGO OM447
4474385030;SWORZE— WAHACZA D£UGI PRZ”D CITARO
46115;åRUBA KOLEKTORA WYDECHOWEGO OM906 6-K•TNE
463553;LAMPA KIERUNKOWSKAZU BOK
46X64X8;USZCZELNIACZ 46X64X8 SKRZYNI BIEG”W MERCEDES
470095;ZABEZPIECZENIE £OØYSKA SPRZ G£A
476220;USZCZELKA KOLEKTORA WODNEGO MB 212
48X65X10;USZCZELNIACZ SKRZYNI BIEG”W 48X65X10
48X69X10;USZCZELNIACZ SKRZYNI BIEG”W 48X69X10
50205;LAMPA TYLNA 5 SEGMENTOWA
50X1000;PRZEW”D SILIKONOWY 50X1000
512035910;SI£OWNIK SPRZ G£A TRANSIT S/TYP
51252017181;"ROZRUSZNIK MAN TGA F2000 LION""S DUØY"
51285;£•CZNIK PRZEWODU WYDECHOWEGO NA KO£.
51958006035;ROLKA PASKA ALTERNATORA STALOWA
5232000000;REDUKCJA PNEUMATYCZNA VOSS
528983B;£OØYSKO 528983B MAN PRZ”D
52X68X8;USZCZELNIACZ SKRZYNI 52X68X8
53169;£•CZNIK ELASTYCZNY RURY WYDECHOWEJ FI50-FI100
546485;£OØYSKO WA£KA SPRZ G£OWEGO W KO£O ZAMACHOWE
55X70X8;USZCZELNIACZ 55X70X8
573033;£OØYSKO 573033
58X75X12;USZCZELNIACZ 58X75X12
58X75X8;USZCZELNIACZ 58X75X8
6000;£OØYSKO 6000
6002;£OØYSKO 6002
6003;£OØYSKO 6003
6004;£OØYSKO 6004
6006;£OØYSKO 6006
6007;£OØYSKO 6007N (z rowkiem)
6009;£OØYSKO 6009
607 ZZ;£OØYSKO 607 ZZ
608 ZZ;£OØYSKO 608 ZZ
60X1000;PRZEW”D SILIKONOWY 60X1000
60X150X150 45 STOPNI;KOLANKO SILIKONOWE 60X150X150 45 stopni
60X72X8;USZCZELNIACZ 60X72X8
6200;£OØYSKO 6200
6201 2RS;£OØYSKO 6201 2RS
6202;£OØYSKO 6202
6203;£OØYSKO 6203 2RS
6204;£OØYSKO 6204
6205;£OØYSKO 6205
6206;£OØYSKO 6206
6210;£OØYSKO 6210 2RS2
62201;£OØYSKO ALTERNATORA 62201
62304;£OØYSKO 62304/17 2RSC
6283330105;DR•ØEK REAKCYJNY L-576 MB CITARO/CONECTO MB750
629;£OØYSKO 629
6302;£OØYSKO 6302
6303;£OØYSKO 6303 ZZ 17x47x14 obustronnie kryte
6304;£OØYSKO 6304
6308;£OØYSKO 6308
639010;USZCZELKA KOLEKTORA SS•CEGO MAN
644N;MIECH PNEUMATYCZNY 644N
661N;MIECH PNEUMATYCZNY 661N
66X90X12;USZCZELNIACZ WA£U PRZ”D 66X90X12 MAN
68X90X10 CORTECO;USZCZELNIACZ 68X90X13/10 TYLNEGO MOSTU ATAKU
68X90X13;USZCZELNIACZ
68X95X12;USZCZELNIACZ 68X95X12
6PK1200;PASEK WIELOKLINOWY 6PK1200
6PK2080;PASEK WIELOKLINOWY 6PK2080
6PK2260;PASEK WIELOROWKOWY 6PK2260
70X85X8;USZCZELNIACZ 70X85X8
710301060161;REFLEKTOR PRZ”D MERCEDES O405
716649/10;£OØYSKO JM716649/10
720234520;ZAW”R ZWROTNY PALIWA Q-8 (na przewÛd)
7257002060;PI”RO WYCIERACZKI 900MM NA WCISK N 91
7257002110;PI”RO WYCIERACZKI 700MM
72X105X19;USZCZELNIACZ 72X105X19
72X90X12;USZCZELNIACZ PIASTY 72X90X12/9,5
757321;USZCZELKA MISKI OLEJU MERCEDES OM906
759139;USZCZELKA OBUDOWY ROZRZ•DU DB 401-47
75X95X10;USZCZELNIACZ PIASTY 75X95X10
768820;USZCZELKA POKRYWY ZAWOR”W MERCEDES OM366
7940;SZPILKA KO£A MERCEDES O404 TY£ m22x1,5 d≥ 86mm
7PK1325;PASEK WIELOROWKOWY 7PK1325
7PK2872;PASEK WIELOROWKOWY 7PK2872
806078;£OØYSKO ALTERNATORA
80848;OPASKA RURY WYDECHU NA KO£NIERZ
80X100X12 PRAWY;USZCZELNIACZ 80X100X12 PRAWY
80X115X12;USZCZELNIACZ 80X115X12
81151030022;PIERåCIE— USZCZELNIAJ•CY T£UMIKA DPF
811930;USZCZELKA KOLEKTORA WODNEGO MAN D0826
81252256510;LAMPA TY£ ZESPOLONA MAN N/TYP PRAWA
81253206091;LAMPA KIERUNKOWSKAZU Z HALO. MAN A23/TGA LEWY/PRAWY
81357010176;PIASTA KO£A MAN AV132
81432206215;DR•ØEK REAKCYJNY PRZ”D MAN A23 (kaloryfer)
81508030028;TARCZA HAMULCOWA MAN Z ABS MD1021
81981836115;REDUKCJA PNEUMATYCZNA VOSS 232 NG12 PRZELOTOWA M22 MAN N/TYP
822049/10;£OØYSKO SET1184 TIMKEN
82X105X12;USZCZELNIACZ 82X105X12 KIERUNEK LEWY
85X105X10;USZCZELNIACZ 85X105X10
85X145X12/37;USZCZELNIACZ MOSTU 85X145X12/37
882N1;MIECH PNEUMATYCZNY 882N1 100/130MM
895289;USZCZELKA OBUDOWY ROZRZ•DU MAN
8PK1158;PASEK WIELOKLINOWY 8PK1158
8PK1420;PASEK WIELOROWKOWY 8PK1420
8PK1480;PASEK WIELOROWKOWY 8PK1480
8PK1500;PASEK WIELOKLINOWY 8PK1500
8PK1548HD;PASEK WIELOKLINOWY 8PK1548HD
8PK1910;PASEK WIELOKLINOWY 8PK1910
8PK1920;PASEK WIELOKLINOWY 8PK1920
9061880420;PRZEW”D POKRYWY ZAWOR”W OM906
9062002270;NAPINACZ PASKA KLINOWEGO MB
9062004570;NAPINACZ PASKA WIELOKLINOWEGO MERCEDES CITARO (met. rolka)
90X120X12/9,5;USZCZELNIACZ 90X120X15
90X125X12/19;USZCZELNIACZ TYLNEGO MOSTU 90X125X12/19 SOLARIS,ZF (wa≥ek ataku,prawy kierunek)
921084;USZCZELKA MISKI OLEJOWEJ MAN D25/28,DB OM427/447
925056;USZCZELKA OBUDOWY KO£A ZAMACHOWEGO MAN D0826
95X116.5X11;USZCZELNIACZ PIASTY MAN Z PIER. ABS
95X120X13;USZCZELNIACZ TYLNEGO MOSTU 95X120X13
9PK1725;PASEK WIELOWROWKOWY 9PK1725
9PK1780;PASEK WIELOKLINOWY 9PK1780
9PK1890;PASEK WIELOKLINOWY
9PK2060;PASEK WIELOKLINOWY 9PK2060
9PK2080;PASEK WIELOROWKOWY
9PK2125;PASEK WIELOKLINOWY 9PK2125
9PK2260;PASEK WIELOROWKOWY 9PK2260
9PK2325;PASEK WIELOKLINOWY 9PK2325
9PK2338;PASEK WIELOROWKOWY 9PK2338
9PK2550;PASEK WIELOKLINOWY 9PK2550
9PK4100;PASEK WIELOKLINOWY 9PK4100
9PK4145;PASEK WIELOKLINOWY 9PK4145
AK372/1;FILTR POWIETRZA
AKC010;KO—C”WKA TEKALANU Q-6
AKC011;KO—C”WKA TEKALANU Q-8
AKC012;KO—C”WKA TEKALANU Q-10
M22X1,5 L800 SPREZARKA;PRZEW”D SPR ØARKI M22X1,5 D£-800
AKC031;REDUKCJA METALOWA
AKC042;"TABLICA ""UWAGA DZIECI"" (odbl/mat)"
AKC043;PRZEW”D PALIWA Q-3,2 PRZELEW
AKC044;LAMPA KIERUNKOWSKAZU PRZ”D SETRA S200
AKC046;WIESZAK GAåNICY 2KG
AKC049;OBEJMA GBS WYDECHU SZEROKA NORMA GBS
AKC061;PRZEW”D PALIWA Fi8
AKC076;PRZEW”D PALIWA Fi6
AKC083;ZESTAW HALOGEN”W P.MGIELNYCH WESEM
AKC090;SZPILKA KO£A M20X1.5X62MM
AKC092;LAMPA OBRYSOWA £EZKA DIODOWA
M22X1,5 L400;PRZEW”D ELASTYCZNY M22X1,5 L-400
AKC105;PI”RO WYCIERACZKI 480 MM
AKC109;PRZEW”D PALIWA Q-5
AKC120;PRZEW”D PALIWA Q-10
AKC132;NIT OK£ADZIN HAMULCOWYCH paczki 10x20/10x18
AKC137;LAMPA OåWIETLENIA TABLICY REJ. DIODOWA
M22X1,5 L800;PRZEW”D ELASTYCZNY M22X1,5 L-800
AKC189;LINKA MOCOWANIA £ADUNKU
AKUMULATOR 225 AH;AKUMULATOR 225 AH HD
AKUMULATOR 60AH;AKUMULATOR 60AH 540A
AM402;FILTR POWIETRZA
AM420;FILTR POWIETRZA
AM446/4;FILTR POWIETRZA
AM446/7;FILTR POWIETRZA AM 446/7
AM447/1;FILTR POWIETRZA
AM447/2;FILTR POWIETRZA
AM455;FILTR POWIETRZA
AM476;FILTR POWIETRZA AM476
AP023/5;FILTR POWIETRZA AP 023/5
AP157/6;FILTR POWIETRZA
APV1055;NAPINACZ PASKA WIELOKLINOWEGO
APV2403;ROLKA PROWADZ•CA PASEK WIELOROWKOWY 8PK
B1283;AMORTYZATOR TY£ MERCEDES CITARO
B17-99T1XDD8CG1;£OØYSKO ALTERNATORA B17-99T1
BUS2493;RAMIE WYCIERACZKI SOLARIS LEWE 0004009182
C1043/1;FILTR POWIETRZA SPR ØARKI
C31980;FILTR POWIETRZA
CAS001 1L;OLEJ CASTROL EDGE 5W30 LL 1L
CASTROL MAGNATEC 15W40 1L;OLEJ CASTROL MAGNATEC 15W40 1L
CZYSCIWO;CZYåCIWO 10KG
DOT 4 0,5L;P£YN HAMULCOWY DOT 4 0,5L
DOT4;P£YN HAMULCOWY DOT 4 5L
FE36504;OBEJMA STABILIZATORA
FT007 KLOSZ;KLOSZ LAMPY JMF FT007 PRZYCZEPKA
FT007 LAMPA;LAMPA TY£ JMF-1 FT007 PRZYCZEPKA
GP2XABC;GAåNICA SAMOCHODOWA 2KG
GDB1307;KLOCKI HAMULCOWE
GDB1330;KLOCKI HAMULCOWE
GDB1386;KLOCKI HAMULCOWE PRZ”D
GDB1696;KLOCKI HAMULCOWE PRZ”D
GDB1699;KLOCKI HAMULCOWE SPRINTER
GDB1967;KLOCKI HAMULCOWE
GDB1968;KLOCEK HAMULCOWY
GIC203;CZUJNIK ZUØYCIA KLOCKA HAMULCOWEGO PRZ”D dwupak
GUM003;PAS DO MOCOWANIA £ADUNKU 5T 6M
H19W10;FILTR OLEJU
HC28;FILTR OLEJU
HCK102335;CZUJNIK KLOCK”W HAMULCOWYCH 29030
HIPOL 85W140 MOSTU 20L;OLEJ HIPOL 85W140 MOSTU 20L
HL46 20L;OLEJ HYDRAULICZNY HLP46 20L
HL46 5L;OLEJ HL46 5L
HNTS61;NITY OK£ADZIN HAMULCOWYCH 6X35
HX40;FILTR OLEJU SKRZYNI BIEG”W
JLM710949C/10;£OØYSKO MOSTU AV132
K1155;FILTR KABINY
K1288;FILTR KABINY
K1338;FILTR KABINY
35X150X150;KOLANKO SILIKONOWE 35X150X150
KR21043;AMORTYZATOR ATRAPY 250N
KX67/2D OEKO;FILTR PALIWA MERCEDES CITARO
L004;ODBLASK PRZYKLEJANY PROSTOK•TNY
18W840;åWIETL”WKA L18/840
LBS400EL;LUSTRO PODGRZEWANE DUØE 365X190
M26X1,5 L400 SPREZARKI;PRZEW”D SPR ØARKI M26X1,5 D£-400
M26X1,5 L800 SPREZARKI;PRZEW”D SPR ØARKI M26X1,5 D£-800
MB3796;KOSTKA METALOWA NAPINACZA PASK”W MERCEDES O405
MD13,;LAMPA OBRYSOWA DIODOWA MD13
MET014;KOLANKO WYDECHU FI70 90 STOPNI
MT425;PI”RO WYCIERACZKI 425MM
NATR25PP;ROLKA OBROTNICY MERCEDES CITARO/MAN
NU306;£OØYSKO NU306
OBEJMA M8;OBEJMA WYDECHU M8 MIX ROZMIAR”W
OC602;FILTR OLEJU MERCEDES G KLASA
OE640/1;FILTR OLEJU
OE640/5;FILTR OLEJU
OE648/4;FILTR OLEJU
OE648/5;FILTR OLEJU
OE650/1;FILTR OLEJU
OE651/1;FILTR OLEJU
OE651/2;FILTR OLEJU CITARO
OE651/3;FILTR OLEJU OE651/3
ATF III 20L;OLEJ PRZEK£ADNIOWY JASOL GOLD ATF III 20L
OM505;FILTR OLEJU
OM512;FILTR WSPOMAGANIA
OM513/1-2X;FILTR OLEJU KPL.(2szt) MERCEDES
OM514/2;FILTR OLEJU
OP526;FILTR OLEJU
OP543;FILTR OLEJU
OP543/1;FILTR OLEJU OP 543/1
OP575;FILTR OLEJU
OP584;FILTR OLEJU
OP626;FILTR OLEJU MAN
OPASKA ELEKTRYCZNA 4,7X195;OPASKA ELEKTRYCZNA 4,7X195
OPASKA ELEKTRYCZNA 4,7X285;OPASKA ELEKTRYCZNA 4,7X285
OPASKA ELEKTRYCZNA 4,7X360;OPASKA ELEKTRYCZNA 4,7X360 OPAKOWANIE 100SZT
OPASKA ELEKTRYCZNA 2,5X200;OPASKA ELEKTRYCZNA 2,5X200 BIA£A OPAKOWANIE 100SZT
OPASKA ELELKTRYCZNA 7,8X540;OPASKA ELEKTRYCZNA 7,8X540 opak 100szt
P171533;FILTR WENTYLATORA MERCEDES
PE935;FILTR PALIWA CITARO
PE935/1;FILTR PALIWA
PE977;FILTR PALIWA
PE995;FILTR PALIWA PE 995
PK937/1;FILTR PALIWA
PK937/7;FILTR PALIWA MAN A21 SIATKOWY
8307020874;P£YN DO UK£ADU PNEUMATYCZNEGO WABCO
C512000050M;P£YN DO SPRYSKIWACZY ZIMOWY 5L
PM805;FILTR PALIWA WK£AD (papierowy)
PP837;FILTR PALIWA MAN (ze spustem)
PP839;FILTR PALIWA
PP839/1;FILTR PALIWA
PP840/6;FILTR PALIWA
PP850/2;FILTR PALIWA
PP861/6;FILTR PALIWA IVECO/SOLARIS
M16X1,5 L1000;PRZEW”D ELASTYCZNY M16X1,5 L-1000
M22X1,5 L1000;PRZEW”D ELASTYCZNY M22X1,5 D£.1000
M22X1,5 L600;PRZEW”D ELASTYCZNY M22X1,5 L-600
PRZEWOD VOSS L-1000;PRZEW”D HAMULCOWY VOSS L-1000
PRZEWOD VOSS L-1500;PRZEW”D HAMULCOWY VOSS L-1500
PRZEWOD VOSS L-500;PRZEW”D HAMULCOWY VOSS L-500
PRZEWOD FI16;PRZEW”D PALIWA Q-16
PRZEWOD FI20;PRZEW”D PALIWA Q-20
PRZEWOD FI50;PRZEW”D PALIWO+BENZYNA+OLEJ FI50
PRZEWOD 12MM;PRZEW”D POWIETRZA/WODY 12MM
RURA PESZLA 70X2000;RURA PESZLA 70X2000
1503010138;PI”RO WYCIERACZKI 650MM HD SZEROKIE MOCOWANIE
SCAN511313;ZAW”R ZWROTNY PALIWA Q-6 (na przewÛd)
SET1310;£OØYSKO PIASTY PRZ”D/TY£ MERCEDES CITARO
SMAR £T-43 10KG;SMAR £T-43 9KG
SWF132901;PI”RO WYCIERACZEK 900 MM NA åRUB 
TEK10;SZYBKOZ£•CZE TEKALANU PLASTIKOWE FI10
TEK15;SZYBKOZ£•CZE AWARYJNE TEKALANU PLASTIKOWE Q-15
TEKALAN 4;SZYBKOZ£•CZE AWARYJNE TEKALANU PLASTIKOWE Q-4
TEK6;SZYBKOZ£•CZE TEKALANU PLASTIKOWE FI6
TEK8;SZYBKOZ£•CZE TEKALANU PLASTIKOWE FI8
TEK9;SZYBKOZ£•CZE AWARYJNE TEKALANU PLASTIKOWE Q-9
TEK5;SZYBKOZ£•CZE TEKALANU F1 5/5 PROSTE PLASTIK
15W840;åWIETL”WKA L15/840
16W840;åWIETL”WKA L16/840
6W640;åWIETL”WKA L6/640
TARCZA 125X1 STAL;TARCZA DO CI CIA 125X1 STAL
TARCZA 125X6;TARCZA DO SZLIFOWANIA 125X6
TARCZA 230X1,9 NIERDZ;TARCZA DO CI CIA 230X1,9 NIERDZ 2608600711
TARCZA 230X2,5;TARCZA DO CI CIA 230X2,5
TARCZA 180X1,6 STAL;TARCZA DO CI CIA 180X1,6 / 180X1,5 22.2 STAL
TARCZA 180X6;TARCZA DO SZLIFOWANIA 180X6 INOX
TARCZA DO RDZY 150;TARCZA CZARNA DO RDZY 150
TARCZA LAMELOWA 125;TARCZA DO SZLIFOWANIA LAMELOWA 125
TEKALAN Q-10;PRZEW”D TEKALAN Q-10
TEKALAN Q-14;PRZEW”D TEKALAN Q-14
TEKALAN Q-15;PRZEW”D TEKALAN Q 15
TEKALAN Q-5;PRZEW”D TEKALAN Q-5
TEKALAN Q-6;PRZEW”D TEKALAN Q-6
TEKALAN Q-8;PRZEW”D TEKALAN Q-8
2299000002;TR”JK•T ODBLASKOWY NA DROG 
TROJNIK AWARYJNY 10;SZYBKOZ£•CZE TEKALANU TR”JNIK PLASTIKOWY 10X10X10
TROJNIK AWARYJNY 12;SZYBKOZ£•CZE TEKALANU TR”JNIK PLASTIKOWY 12X12X12
TROJNIK AWARYJNY 6;TR”JNIK AWARYJNY TEKALANU 6
TROJNIK AWARYJNY FI 9;TR”JNIK AWARYJNY TEKALANU PLASTIKOWY FI 9
TX800;PI”RO WYCIERACZKI 800 MM
TYP20/PD;PODSTAWA DOLNA TYP 20/PD SOLARIS
TYP23/PD;PODSTAWA PODUSZKI DOLNA TY£ SETRA
TYP23/PG;PODSTAWA G”RNA SETRA TY£
TYP25-315/PD;PODSTAWA DOLNA PRZ”D SETRA S315
TYP25/PD;PODSTAWA DOLNA SETRA PRZ”D
TYP25/PG;PODSTAWA G”RNA SETRA PRZ”D
TYP46;PODSTAWA DOLNA MOCOWANIA PODUSZKI MERCEDES KIELISZEK
TYP46/PD;PODSTAWA DOLNA MIECHA KIELISZEK NISKI
VKMCV51025;NAPINACZ PASKA WIELOROWKOWEGO
VKMCV57001;NAPINACZ PASKA DAF 216 SOLARIS
W610/3;FILTR OLEJU
WODA DEMINERALIZOWANA 5L;WODA DEMINERALIZOWANA 5L
WS0227B;CZUJNIKI KLOCK”W HAMULCOWYCH
WS0368A;CZUJNIK ZUØYCIA KLOCKA HAMULCOWEGO
WUW500;PI”RO WYCIERACZKI 500MM
KAW010;Z£•CZE SKR CANE TEKALANU Q-10
KAW012;Z£•CZE SKR CANE TEKALANU Q-12
KAW006;Z£•CZE SKR CANE TEKALANU Q-6
KAW008;Z£•CZE SKR CANE TEKALANU Q-8
1407000026;Z£•CZE SKR CANE TEKALANU Q-15
KAW018;Z£•CZE SKR CANE TEKALANU Q-18
KAW04;Z£•CZE SKR CANE TEKALANU Q-4
KAW005;Z£•CZE SKR CANE TEKALANU Q-5
ZMP10256;USZCZELKA KOMPRESORA
M26X1,5 L1000 SPREZARKI;PRZEW”D SPR ØARKI M26X1,5 D£-1000
M22X1,5 L600 SPREZARKA;PRZEW”D SPR ØARKI M22X1,5 D£-600
265/70-19,5 BZE1;OPONA 265/70-19,5 BZE1
10X1500 2AVX;PASEK KLINOWY 10X1500 2AVX
1178878191;PI”RA WYCIERACZKI 475MM
OLEJ CASTROL EDGE 5W40 1L;OLEJ CASTROL EDGE 5W40 1L
OLEJ CASTROL EDGE 5W40 4L;OLEJ CASTROL EDGE 5W40 4L
9PK2010;PASEK KLINOWY 9PK2010
135X175X18;USZCZELNIACZ KASETOWY 135X175X18 MAN SOLARIS
9PK2000;PASEK KLINOWY 9PK2000
AP179/2;FILTR POWIETRZA
TYP25-315/2;PODSTAWA G”RNA PRZ”D SETRA S315
RURA PESZLA 90X1000;RURA PESZLA 90X1000
V102108;ZAW”R ZWROTNY SPRYSKIWACZA
88793060090;MASKOWNICA LAMPY PRAWA
TYP04-1/PG;PODSTAWA G”RNA MERCEDES CITARO
KR60050R;OKULARY ZACISKU LM ELSA
28X150X150;KOLANKO SILIKONOWE 28X150X150
221710;USZCZELNIACZ 78X135X12/21,5
TYP39/PD;PODSTAWA DOLNA TYP39/PD
TEKALAN Q-12;PRZEW”D TEKALAN Q 12
8PK1495;PASEK WIELOROWKOWY 8PK1495
27723;POMPA WODY MERCEDES N/TYP BEZ RETARDERA OM457
3219910;M£OTEK DO SZYB
1501010028;LUSTRO PANORAMICZNE MB ATEGO/AXOR
713679120;£OØYSKO KO£A FORD TRANSIT
55X150X150;KOLANKO SILIKONOWE 55X150X150
RURA PESZLA 121X1000;RURA PESZLA 121X1000
K965;FILTR POWIETRZA
APV1128;NAPINACZ PASKA WIELOROWKOWEGO MAN
30X1000;PRZEW”D SILIKONOWY 30X1000
RURA PESZLA 103X1000;RURA PESZLA 103x1000
M30X2 L500;PRZEW”D ELASTYCZNY M30X2 L-500
17X1750;PASEK 17X1750
88793060091;MASKOWNICA LAMPY LEWA
1305011302;LAMPA OBRYSOWA BIA£O CZERWONA Z”£TA 30X110 B.WSP.LED
RURA PESZLA 80X 2000;RURA PESZLA 80x2000
8RA008405001;ODBLASK CZERWONY/BIA£Y OKR•G£Y MAN
8PK1510;PASEK 8PK1510
22X150X150;KOLANKO SILIKONOWE 22X150X150
50X150X150;KOLANKO SILIKONOWE 50X150X150
32X1000;PRZEW”D SILIKONOWY 32X1000
532041020;ROLKA NAPINACZA
19495 00;OK£ADZINY HAMULCOWE 19495 00
RURA PESZLA 70X1000;RURA PESZLA 70X1000
13X1155;PASEK KLINOWY 13X1155
M16X1,5 L800;PRZEW”D ELASTYCZNY M16X1,5 L-800
M16X1,5 L300;PRZEW”D ELASTYCZNY M16X1,5 L-300
M27X2 L300;PRZEW”D ELASTYCZNY M27X2L-300
AR316/1;FILTR POWIETRZA
K1261;FILTR KABINY
PE975;FILTR PALIWA
0000036380;LAMPA POZYCYJNA+ STOP TY£ BIA£A LED SOLARIS
6PK1050;PASEK 6PK1050
50014120;FILTR OLEJU
OPONA 275/70-22,5 GITI;OPONA 275/70-22,5 GITI GAU867V1
APV1107;NAPINACZ MB 216
KR21305;SPR ØYNA GAZOWA
35160;ODSTOJNIK PALIWA MAN
T36742;ROLKA PROWADZ•CA
1467445006;ZAW”R PRZELOWOWY MAN
062130;USZCZELKA CH£ODNICY OLEJU MAN 212
895296;USZCZELKA POKRYWY ROZRZ•DU MAN
06644;ZESTAW NAPRAWCZY MOSTU Z ABS
1305011215;LAMPA OBRSOWA BIA£A LED Z GNIAZDEM MERCEDES
RURA PESZLA 80X 1000;RURA PESZLA 80x1000
54207;ZESTAW NAPRAWCZY ZWROTNICY
KONCENTRAT G12 20L;KONCENTRAT DO CH£ODNICY 20L (R”ØOWY) G12
STR40217;SZPILKI KO£A SOLARIS M22X75
01059700;POMPA WODY OM457
U58/1KIT;FILTR AD BLUE
359321;USZCZELKA TURBOSPR ØARKI SCANIA SC 212
638951;USZCZELKA KOLEKTORA WYDECHOWEGO MAN 212
SET2335;£OØYSKO PIASTY MERCEDES SET2335
100037000;LAMPA TY£ POZ/STOP DIODOWA SOLARIS
38X1000;PRZEW”D SILIKONOWY 38X1000
45X150X150;KOLANKO SILIKONOWE 45X150X150
11911;LUSTRO UNIWERSALNE
4181298002;FILTR OLEJU SKRZYNI ZF 6AP1200 MAN N/TYP
GDB317;KLOCKI HAMULCOWE PRZ”D
2096710;USZCZELKA POKRYWY ZAWOR”W MB13 OM457 PAPIEROWA
110103291;LAMPA TYLNA LEWA MB CITARO N/TYP LED
110103290;LAMPA TYLNA PRAWA MB CITARO N/TYP LED
8PK1740;PASEK 8PK1740
0600005;P£YN ADBLUE 18L/20KG 060
20X150X150;KOLANKO SILIKONOWE 20X150X150
12X1000;PRZEW”D SILIKONOWY 12X1000
30X150X150;KOLANKO SILIKONOWE 30X150X150
1407000697;KOLANKO TEKALAN FI6/M10
TEK6 METAL;SZYBKOZ£•CZE TEKALANU METALOWE FI 6/6
RURA PESZLA 100X300;RURA PESZLA 100X300
02NE001;TARCZA HAMULCOWA NEOPLAN, SETRA, SOLARIS
WGP03/K;WIESZAK DO GAåNIC 6KG
M105R3031SE;ROZRUSZNIK CITARO MB 310
44869;NAKR TKA KO£A M14X1,5 KLUCZ 19 MB SPRINTER
28390;ZESTAW NAPRAWCZY PIASTY KO£A
52306;£OØYSKO 52306
T38640;NAPINACZ PASKA MB 216
1102000804;RURA WYDECHOWA MAN L2000
TEK12;SZYBKOZ£•CZE TEKALANU PLASTIKOWE FI12
8PK1509;PASEK 8PK1509
40868;ZAW”R FILTRA PALIWA
TWY073;TABLICA NA POJAZDY CI ØKIE - WERJSA KR”T 909
10X1675;PASEK 10X1675
39928;USZCZELKA OBUDOWY FILTRA MB212
1BL247042011;REFLEKTOR åWIATE£ UNIWERSALNY
0002713896;PRZEW”D OLEJOWY CH£ODNICY
01059700A;POMPA WODY MB 202
63/22 2RS C3;£OØYSKO NAPINACZA
70X1000;PRZEW”D SILIKONOWY 70X1000
D42499C;REPERATURKA ZACISKU
M22X1,5 L2000;PRZEW”D ELASTYCZNY M22X1,5 L-2000
RURA WYDECHU FI 110X2000;RURA WYDECHU PROSTA FI 110X2000 1102001481
13X700;PASEK KLINOWY 13X700
02MA005;TARCZA HAMULCOWA MAN TY£
4PK922;PASEK KLINOWY 4PK922
1490305;USZCZELNIACZ P”£OSI L/P FORD TRANSIT
PS842;FILTR PALIWA PRZEP£YWOWY MERCEDES
CUK3461;FILTR KABINOWY MERCEDES KABRIOLET
1102000004;KOLANKO UK£ADU WYDECHOWEGO FI 110 25X25 90ST
0703000432;NAKR TKA M18X2 H22
130X155X12,5/T;USZCZELNIACZ WA£U TY£ 130X155X12,5/T DAF IVE 707
RURA WYDECHU FI 120X2000;RURA WYDECHU FI 120X2000 1102001486
36916;SWORZE— WACHACZA FORD TRANSIT
81508030044;TARCZA HAMULCOWA MAN PRZ”D Q377
VH029;TARCZA SKRZYNI BIEG”W VOITH CIERNA
17X30X6/6,5;USZCZELNIACZ SILNIKA
M16X1,5 L600;PRZEW”D ELASTYCZNY M16X1,5 L-600
10PK1500;PASEK WIELOKLINOWY 10PK1500
455011;ZBIORNIK WYR”WNAWCZY MAN
KO—C”WKI BNC-W/SKR;KO—C”WKI BNC-W/SKR
R134A KAUCJA;KAUCJA ZA BUTL  OD CZYNNIKA KLIMATYZACJI R134A
PP989/2;FILTR PALIWA
PC50900040CS PFI;£OØYSKO PC50900040CS PFI
1502000107;USZCZELKA DRZWI UNIWERSALNA WCISKANA
NJ3210EXL;£OØYSKO SPR ØARKI KLIMATYZACJI
KX129558;RADIO SAMOCHODOWE BLOW AVH 8890
714740;USZCZELKA POMPY CIECZY CH£ODZ•CEJ
TEK4/6;SZYBKOZ£•CZE TEKALANU REDUKCJA 4/6 METALOWE
K1350A;FILTR KABINOWY
SET1332;£OØYSKO SET1332
03552;åRUBA KO£A M22X1,5-40/105
3PK683;PASEK KLINOWY WIELOROWKOWY
OPASKA;OPASKA åLIMAKOWA
6905ZZCS;£OØYSKO 6905 ZZ CS ALTERNATORA
31394;POMPA CIECZY CH£ODZ•CEJ
ZAWOREK DLAWIACY;ZAWOREK D£AWI•CY DRZWI Z REGULACJ•
929014;KOREK SPUSTOWY MISKI OLEJOWEJ M20X1,5 z uszczelkπ
OEI252000897;LAMPA KIERUNKOWSKAZU TY£ SOLARIS BIA£Y KLOSZ LED
8PK1055;PASEK WIELOKLINOWY 8PK1055
CU52004;FILTR KABINOWY
FE21980;ZESTAW NAPRAWCZY PIASTY KO£A
F026402028;FILTR PALIWA MAN LIONS BOSH
8PK1275;PASEK WIELOKLINOWY
10X1000;PRZEW”D SILIKONOWY 10X1000
51262017183;ROZRUSZNIK KPL. MAN
FE20426;AMORTYZATOR PRZ”D CITARO
1102002464;KOLAKO UK£ADU WYDECHOWEGO FI 100
M22X1,5 L200;PRZEW”D ELASTYCZNY M22X1,5 L-200
M18X1,5 L200;PRZEW”D ELASTYCZNY M18X1,5 L-200
M12X1,5 L200;PRZEW”D ELASTYCZNY M12X1,5 L-200
M16X1,5 L500;PRZEW”D ELASTYCZNY M16X1,5 L-500
75100;TAåMA DWUSTRONNA DUPLOCOLL 5132 20MMX25M
768392;USZCZELKA MAN 212
451090;USZCZELKA KOLEKTEROA SS•CEGO
PM819/1;FILTR PALIWA PM819/1
VAN20185MB;£ACZNIK WYDECHU ELASTYCZNY CITARO
532041210;ROLKA PROWADZ•CA PASEK WIELOROWKOWY
51930010100;TULEJA £OØYSKOWA ROLKI NAPINACZA
51917010871;TULEJA ROLKI NAPINACZA MAN
8PK1600;PASEK 8PK1600
WS0111AQB;CZUJNIK KLOCK”W HAMULCOWYCH
K2K145;SZAMPON SAMOCHODOWY EXPRESS PLUS 5L
APV2731;NAPINACZ PASKA SOLARIS
TYC200705252;REFLEKTOR åWIATE£ UNIWERSALNY
4401605LBWEY;LAMPA KIERUNKOWSKAZU
80X100X10;USZCZELNIACZ SKRZYNIA WYJåCIE 80X100X10
3397001539;PI”RO WYCIERACZKI 650/550MM (2SZT) 539 TWIN
TEKALAN Q-4;PRZEW”D TEKALAN Q-4
2512000004;OLEJ DO URZ•DZE— PNEUMATYCZNYCH PNEUMATIC VG15 1L
6307;£OØYSKO 6307-2Z
6207 C3;£OØYSKO 6207 2RS/C3
8PK1370;PASEK WIELOROWKOWY 8PK1370
ZABKA DO LADOWANIA;ØABKA DO £ADOWANIA AKUMULATORA 600A-1200A
SMAR MOBIL XHP 222 18KG;SMAR MOBILGREASE XHP 222 18KG
8PK2337;PASEK WIELOKLINOWY 8PK2337
2KA010278017;LAMPA OåWIETLENIA TABLICY REJESTRACYJNEJ
25X150X150;KOLANKO SILIKONOWE 25X150X150
16X150X150;KOLANKO SILIKONOWE 16X150X150
40X150X150;KOLANKO SILIKONOWE 40X150X150
MOT109171;OLEJ SILNIKOWY MOTUL 8100 EFE 5W30 4L
EL493350;USZCZELNIACZ 106X125X8
3397018199;PI”RO WYCIERACZKI 1000MM úruba N 100
USZCZELNIACZ 32X42X7;USZCZELNIACZ 32X42X7
1105010482;PRZEW”D P£YNU CH£ODZ•CEGO
0000050657;PODK£ADKA SPR ØYNOWA
TLME011L;LAMPA TYLNA INTEGRO/SPRINTER L
0059977047;USZCZELNIACZ 41,5X62X10/8
4603370315;PIERåCIE—
H100WL;FILTR POWIETRZA
07007222A;ZESTAW NAPRAWCZY Z£•CZA VOSS 230 NG12
38W840;åWIETL”WKA L38/840
36W865;åWIETL”WKA L36/865 T8
KR23394;SPR ØYNA GAZOWA POKRYWY BAGAØNIKA 475N 560MM
02582;SMAR DO PRZEGUB”W
8PK2250;PASEK WIELOKLINOWY
CU4783;FILTR POWIETRZA MB 220
464415;ZAW”R PRZELEWOWY CITARO OM906
9PK2130;9PK2130
2511805;USZCZELKA MISKI OLEJOWEJ
70X100X12,5/16;USZCZELNIACZ 70X100X12,5/16
F08277;KOREK MISKI LEJOWEJ 14MM
9018;£OØYSKO 9018 17X52X17
265129;£•CZNIK ALUMINIOWY PRZEWOD”W FI70, FI80
100005700;LAMPA TY£
WS0368;CZUJNIK KLOCK”W HAMULCOWYCH FORD
ADR112;R KAWICE ROBOCZE TRUCK SK”RA KOZIA
TEK4 METAL;SZYBKOZ£•CZE TEKALANU FI 4 / M10 METALOWE
531025710;ROLKA NAPINACZA SOLARIS
1407000457;SZYBKOZ£•CZE TEKALANU FI10/M16 PROSTE METALOW
H70WDK07;FILR PALIWA
1407000041;SZYBKOZ£•CZE TEKALANU F12/M16 PROSTE METALOWE
ABM50631E03;MIECH ZAWIESZENIA PNEUMATYCZNEGO
9XB152977001;REGULACJA USTAWIANIA SWIATE£
45595;FILTR ADBLUE W OBUDOWIE MAN
CAS001 4L;CASTROL EDGE LL 5W30 4L
USZCZELNIACZ 95X115X13;USZCZELNIACZ 95X115X13
K9092;FILTR KABINOWY MERCEDES CITARO
8PK1511;PASEK WIELOKLINOWY
M18X1,5 L500;PRZEW”D ELASTYCZNY M18X1,5 L-500
0000036381;LAMPA KIERUNKOWSKAZU TY£ SOLARIS LED
SMAR GADUS 400ML;SMAR DO £OØYSK GADUS S2/S3 0,4KG
FE44869;NAKR TKA KO£A M14X1,5 KLUCZ 19 MB SPRINTER / VW CRAFTER
TYP23-1;PODSTAWA G”RNA TY£ SETRA
8PK1738;8PK1738
ZACISK HAMULCA MERITOR REGENEROWANY;ZACISK HAMULCA MERITOR REGENEROWANY
410054;PRZEW”D SI£OWNIKA SPRZ G£A
29246;KLOCKI HAMULCOWE
KR31336;SPR ØYNA GAZOWA KLAPY WLEWU PALIWA
29244;KLOCKI HAMULCOWE 29244
0092S50070;AKUMULATOR 12V/74AH/750A Bosch
03326710A;AMORTYZATOR NEO 297X467 MAN PRZ”D
M26X1,5 L500 SPREZARKI;PRZEW”D SPR ØARKI M26X1,5 D£-500
NITRO 5L;NITRO ROZCZIE—CZALIK 5L
CARGOE151;Rolka z ≥oøyskiem prowadnicy gÛrnej drzwi MAN/SOLARIS
OLEJ MOTUL ATF VI 1L;OLEJ MOTUL ATF VI 1L
6PK1685;PASEK WIELOROWKOWY
50/60X150X150;KOLANKO SILIKONOWE 50/60X150X150
882194;OLEJ ORLEN ULTOR 15W40 20L
50/55X150X150;KOLANKO SILIKONOWE 50/55X150X150
2/13X1125;PASEK KLINOWY 2/13X1125
REGENERACJA ZACISKU HAMULCA MERITOR ELSA;REGENERACJA ZACISKU HAMULCA MERITOR ELSA2
KAW009;Z£•CZE SKR CANE TEKALANU Q-9
1303010190;KLOSZ KIERUNKOWSKAZU BOCZNY MB
6010;£OZYSKO KULKOWE
2SPB2100;PASEK KLINOWY
8PK2363;PASEK WIELOROWKOWY
101993;AMORTYZATOR MAN 354X597
OLEJ 5W40 CASTROL EDGE 1L;OLEJ 5W40 CASTROL EDGE 1L
OPASKA ELEKTRYCZNA 2,5X160;OPASKA ELEKTRYCZNA 2,5X200 CZARNA
TEK12 METAL;SZYBKOZ£•CZE TEKALANU METALOWE FI12/12
GSK1622;ZESTAW NAPRAWCZY HAMULC”W TY£ Z SZCZ KAMI P/L
20X34X7;USZCZELNIACZ 20X34X7
RURA PESZLA 60X1000;RURA PESZLA 60X1000
2XPB X 1800 LW;PASEK KLINOWY ZESPOLONY 2XPB X 1800 LW
91668;LAMPA OåWIELTENIA REJESTRACJI
£OØYSKO 16004;£OØYSKO 16004
1305010982;LAMPA OBRYSOWA Z”£TA 126X38 BEZ WSPORNIKA
0986046560;ALTERNATOR SOLARIS DAF
55X1000;PRZEW”D SILIKONOWY 55X1000
45X1000;PRZEW”D SILIKONOWY 45X1000
PC12280016CS;£OØYSKO
49676WIX;FILTR POWIETRZA
51099010036;USZCZELKA TURBO Z RUR• WYDECHOW• FI75 D2840
AM61104;P£YN DO CH£ODNIC G12 5L
626;£OZYSKO 626-2RS
13X1145;PASEK KLINOWY 13X1145
AF55014;FILTR POWIETRZA SOLARIS
M16X1,5 L200;PRZEW”D ELASTYCZNY M16X1,5 L-200
M16X1,5 L400;PRZEW”D ELASTYCZNY M16X1,5 L-400
4228120020;SI£OWNIK DRZWI
EL412603;USZCZELKA KOLEKTORA
M18X1,5 L290;PRZEW”D ELASTYCZNY M18X1,5 L-290
MD13.;LAMPA OBRYSOWA ØAR”WKA
1305050297;LAMPA B£YSKOWA Ø”£TA 12-30V LED
2080726;MOCOWANIE LINKI HAMULCA R CZNEGO
TEK13;SZYBKOZ£•CZE TEKALANU PLASTIKOWE FI13
TEK8 METAL;SZYBKOZ£•CZE TEKALANU METALOWE FI 8/8
RURA WYDECHOWA FI70X2000;RURA WYDECHOWA PROSTA FI70X2000 1102001565
3397118902;PI”RA WYCIERACZEK 530 / 475
49687;POMPA WODY CITARO OM470
S”L DROGOWA 25KG;S”L DROGOWA 25KG
127X150X12;USZCZELNIACZ WA£U KORBOWEGO
K1288A;FILTR KABINY
35X50X8;USZCZELNIACZ WA£KA PRAWOSKR TNY
70X92X8,5;USZCZELNIACZ WA£U KORBOWEGO LEWO
K2 G12 1L;P£YN DO CH£ODNIC K2 G12 1L
1305010793;LAMPA OBRYSOWA £AMANA MI KKA
BC634;SZK£O REFLEKTORA MERCEDES INTEGRO O404 PRAWY/LEWY
M0050;AMORTYZATOR TY£ SOLARIS
230130;ZESTAW NAPRAWCZY ZWROTNICY MAN 43X200
2508000092;SMAR £T43 DO £OØYSK
OEI261002927;LAMPA TY£ POZ/STOP SOLARIS ØAR”WKOWA
815187;USZCZELKA KOLEKTORA WYDECHOWEGO
3189600068;WIDE£KI SPRZ G£A SETRA/INTEGRO Z PL. WK£
10PK1980;PASEK WIELOKLINOWY 10PK1980
28329;POMPA WODY MERCEDES OM906 (1 ter.)
490288;NAPINACZ ALTERNATORA MERCEDES SETRA
50060223448;ZAW”R OGRZEWANIA
916N1;MIECH PNEUMATYCZNY 916N1
32004;£OØYSKO 32004
MOTUL 5W30 1L;OLEJ MOTUL X CLEAN 8100 5W30 1L
00816680;PRZEW”D PALIWA Q-12
00819734;PRZEW”D PALIWA Q-4
1104143151;PRZEW”D HAMULCOWY SOLARIS PRAWY Z MOC.K•TOWYM
819N;MIECH PNEUMATYCZNY VARIO Q-100
5412001670;NAPINACZ PASKA MERCEDES ACTROS
8PK2055;PASEK WIELOROWKOWY 8PK2055
APV1097;NAPINACZ PASKA WIELOROWKOWEGO
480456;PRZEW”D WODNY
OPONA 265/70-19,5 GITI;OPONA GITI 265/70-19,5
1407000575;SZYBKOZ£•CZE TEKALANU FI6/M10
85X155X12/33;USZCZELNIACZ WA£KA ATAKU 85X155X12/33
RCVW217;PRZEWODY ZAP£ONOWE
0805010752;ODB”J ZAW. KAB.SC. 4 FI 55X45
51489;ODB”J RESORU MAN TGA-S 0016R FI95X96 0802990072
R20P;FILTRT PALIWA R20P
TRANSMAX ATF MULTI 1L;OLEJ TRANSMAX ATF MULTI 1L
TC879;£•CZNIK STABILIZATORA OPEL ASTRA G
75W90 JASOL 20L;OLEJ 75W90 PRZEK£ADNIOWY JASOL 20L
0703000677;NAKR TKA KO£A M22X1,5 H=62 FI 27 SW32 OCYNKOWANA
MUFA M16X1,5;MUFA M16X1,5
06161;P£YN DO WSPOMAGANIA I NIVO
06162;P£YN DO WSPOMAGANIA
A590;FILTR POWIETRZA ATEGO Z PODSTAW•
8PK2347;PASEK WIELOROWKOWY
MD13;LAMPA OBRYSOWA W KLAMKE 40X110
T220K2;ODKAMIENIACZ CH£ODNICY P£UKANKA 0,5L
19699 10;OK£ADZINY HAMULCOWE I NAD
DF4919S;TARCZA HAMULCOWA
3338011;AMORTYZATOR PRZ”D Mercedes Citan. Renault Kangoo
098203049;LAMPA POZYCJA STOP MAN N/TYP LIONS
13X970;PASEK KLINOWY
AP149/5;FILTR POWIETRZA
K1047A;FILTR KABINOWY
20438;AMORTYZATOR PRZ”D MERCEDES O405
17X1320;PASEK 17X1320
TEK6/8;SZYBKOZ£•CZE TEKALANU FI6/8 PLASTIKOWE
WK1070X;WK£AD FILTRA SEPARATOR
155X185X13;USZCZELNIACZ
1102001486;RURA WYDECHOWA PROSTA FI 120X2000
K1113;FILTR KABINY
8PK2043;PASEK WIELOROWKOWY
FI14/FI14 OCZKO OCZKO L500;PRZEW”D PALIWA OCZKO OCZKO L500
90X110X12;USZCZELNIACZ
RURA WYDECHOWA FI101,6X2000;RURA WYDECHOWA FI101,6X2000 1102002084
0004064823;MODU£ LAMPA LED 5700K 960MM SOLARIS
275/70-22,5 DUNLOP;OPONA 275/70-22,5 DUNLOP
AR214;FILTR POWIETRZA
MD76043;POMPA PALIWA
62/28DDUCM;£OØYSKO PIASTY 28X58X16
KOLANKO HYDRAULICZNE DWUSTRONNE;KOLANKO HYDRAULICZNE DWUSTRONNE GW.M12 WEW/ZEW
5W30 VECTON E6/E9 20L;OLEJ CASTROL VECTON FS 5W30 E7 20L
SHELL SPIRAX S2 A 80W90;SHELL SPIRAX S2 A 80W90 GL-5 20L
1305070126;LAMPA ROBOCZA 155X45 1000LM
OE677/1;FILTR OLEJU
M30X2 L350 SPREZARKI;PRZEW”D SPR ØARKI M30X2 D£-350
30W840;åWIETL”WKA L30/840
TEK FI4/4 METAL;SZYBKOZ£•CZE TEKALANU FI4/4 METAL
0407000953;£•CZNIK GUMOWY FI 50
2404000200;DODATEK DO OLEJU NAP DOWEGO 5L
38765;OPASKA OS£ONY PRZEGUBU
0190831;OPASKA OS£ONY PRZEGUBU
F026407051;FILTR OLEJU MAN LION BOSCH
AM455/3;FILTR POWIETRZA
9434210412;TARCZA HAMULCOWA
33512265026;PRZEW”D HAMULCOWY MAN NOWY TYP PRAWY
33512265025;PRZEW”D HAMULCOWY MAN NOWY TYP LEWY
AVI147S3238HD;ALTERNATOR SOLARIS CUMMINS
R KAWICE;R KAWICE ROBOCZE ZWYK£E ROZM 10
ODBOJNIK;ODBOJNIK
OLEJ 75W90 1L;OLEJ 75W90 PRZEK£ADNIOWY MANUAL 1L
6PK1310;PASEK WIELOROWKOWY
RURA PESZLA 80X2000 INOX;RURA PESZLA 80X2000 INOX
KOLANKO HYDRAULICZNE DWUSTRONNE M22;KOLANKO HYDRAULICZNE DWUSTRONNE GW.M22 WEW/ZEW
6001;£OZYSKO 6001
KOLANKO HYDRAULICZNE DWUSTRONNE M18;KOLANKO HYDRAULICZNE DWUSTRONNE GW.M18 WEW/ZEW
8PK1765;PASEK WIELOROWKOWY 8PK1765
17864;åRUBA WA£U
YT2381;REDUKTOR CIåNIENIA REDATS P-670 PRO
9754210212;TARCZA HAMULCA SOLARIS N/TYP PRZ”D
SMB1001;TARCZA HAMULCA SOLARIS NOWY TYP TY£
4PK1775;PASEK WIELOROWKOWY
TR”JNIK 3XM12;TR”JNIK 3XM12
10X1175;PASEK KLINOWY10X1175
13X2550;PASEK KLINOWY 13X2550
10X1050;PASEK KLINOWY 10X1050
13X2450;PASEK KLINOWY 13X2450
6PK1372;PASEK WIELOKLINOWY 6PK1372
6PK1520;PASEK WIELOKLINOWY 6PK1520
6PK1225;PASEK WIELOKLINOWY 6PK1225
10PK1145;PASEK WIELOKLINOWY 10PK1145
8PK1852;PASEK WIELOKLINOWY 8PK1852
10X1700;PASEK KLINOWY 10X1700
7PK1350;PASEK WIELOKLINOWY 7PK1350
9PK1826;PASEK WIELOKLINOWY 9PK1826
8PK2045;PASEK WIELOKLINOWY 8PK2045
13X1850;PASEK KLINOWY 13X1850
13X1825;PASEK KLINOWY 13X1825
13X1485;PASEK KLINOWY 13X1485
4PK735;PASEK WIELOKLINOWY 4PK735
13X2425;PASEK KLINOWY 13X2425
10PK1768;PASEK WIELOKLINOWY 10PK1768
10PK2253;PASEK WIELOKLINOWY 10PK2253
13X2250;PASEK KLINOWY 13X2250
13X2225;PASEK KLINOWY 13X2225
9PK1330;PASEK WIELOKLINOWY 9PK1330
11,9X965;PASEK KLINOWY 11,9X965
9PK1910;PASEK WIELOKLINOWY 9PK1910
9PK2300;PASEK WIELOKLINOWY 9PK2300
9PK1690;PASEK WIELOKLINOWY 9PK1690
9PK2618;PASEK WIELOKLINOWY 9PK2618
9PK1888;PASEK WIELOKLINOWY 9PK1888
17X2360;PASEK KLINOWY 17X2360
17X1880;PASEK KLINOWY 17X1880
13X850;PASEK KLINOWY 13X850
13X2175/2;PASEK KLINOWY 13X2175/2
7PK2240;PASEK WIELOKLINOWY 7PK2240
1J5943021D;LAMPA OåWIETLENIA TABLICY REJ VW
VKBA944;£OØYSKA KO£A OPEL KPL.
LY1026;ZESTAW MONTARZOWY SZCZ K
0018207256;LAMPA P/MGIELNA TY£ MERCEDES G
01694;POKROWIEC NA KIEROWNICE 37-39MM
AM416/3;FILTR POWIETRZA
AE333/1;FILTR POWIETRZA
OP574;FILTR OLEJU
CU5673;FILTR KABINY
OP616/2;FILTR OLEJU
PK937;FILTR PALIWA PK937
WK923/2;FILTR PALIWA
OE649/4;FILTR OLEJU
OE640/3;FILTR OLEJU
OP525/1;FILTR OLEJU
OC267;FILTR OLEJU
24W840;åWIETL”WKA L24/840
15W840 ACTIVE;åWIETL”WKA L15/840
13W640;åWIETL”WKA L13/640
8W OXYLIGHT;åWIETL”WKA L8/4000LUM
18W865;åWIETL”WKA L18/865
38W830;åWIETL”WKA L38/830
8W765;åWIETL”WKA L8/765
19494 10;OK£ADZINY HAMULCOWE NAD I
19496 10;OK£ADZINY HAMULCOWE NAD I
19483 10;OK£ADZINY HAMULCOWE NAD I
19150 10;OK£ADZINY HAMULCOWE NAD I
19177 10;OK£ADZINY HAMULCOWE NAD I
19503 20;OK£ADZINY HAMULCOWE NAD II
19177 20;OK£ADZINY HAMULCOWE NAD II
230VWAR;ØAR”WKA WARSZTATOWA 230V
24VWAR;ØAR”WKA WARSZTATOWA 24V
662N;MIECH ZAWIESZENIA
RURA PESZLA 128X1000;RURA PESZLA 128X1000
RURA PESZLA 111X1000;RURA PESZLA 111X1000
KR24380;SPR ØYNA GAZOWA 250N L330
8PK2100;PASEK WIELOROWKOWY
1510000062;SPR ØYNA GAZOWA 1200N 265MM
KR31475;SPR ØYNA GAZOWA 250N 750MM
KR23322;SPR ØYNA GAZOWA 590N 310MM
KR24385;SPR ØYNA GAZOWA 350N 920MM
KR24384;SPR ØYNA GAZOWA 550N 810MM
KR24720;SPR ØYNA GAZOWA 360N 610MM
KR23654;SPR ØYNA GAZOWA 810N 550MM
KR24779;SPR ØYNA GAZOWA 400N 685
KR31501;SPR ØYNA GAZOWA 230N 760MM
KR24383;SPR ØYNA GAZOWA 630N 600MM
KR23097;SPR ØYNA GAZOWA 700N 600MM
AUG54436;SPR ØYNA GAZOWA 490N 540MM
WUSAG916;PI”RO WYIERACZKI 900 ZATRZASK WUSAG916D
WUSAG1016;PI”RO WYCIERACZKI 1000MM ZATRZASK
15X30X7;USZCZELNIACZ 15X30X7
17X40X8,5;USZCZELNIACZ 17X40X8,5
20X30X7;USZCZELNIACZ 20X30X7
20X31X7;USZCZELNIACZ 20X31X7
22X40X8;USZCZELNIACZ 22X40X8
23X37X7;USZCZELNIACZ 23X37X7
24X38X6;USZCZELNIACZ 24X38X6
25X40X9/5,5;USZCZELNIACZ 25X40X9/5,5
25X50x10;USZCZELNIACZ 25X50x10
28X42X8/7;USZCELNIACZ
28X40X8;USZCELNIACZ
28X52X10;USZCELNIACZ
40X62X7;USZCELNIACZ
45X62X10;USZCELNIACZ
45X65X8;USZCELNIACZ
45X75X6;USZCELNIACZ
47x72x12;USZCELNIACZ
52x72x12;USZCELNIACZ
40x70x13/20;USZCELNIACZ
55x82x10;USZCELNIACZ
65x100x10;USZCELNIACZ
95X120X15;USZCZELNIACZ
68X85X10;USZCZELNIACZ
70X95X13;USZCZELNIACZ
70X90X12/13;USZCZELNIACZ
74X100X13;USZCZELNIACZ
75X100X11;USZCZELNIACZ
80X100X10/9,5;USZCZELNIACZ WA£KA ATAKU
85X105X12/10;USZCZELNIACZ
90X120X12/11;USZCZELNIACZ
100X125X13;USZCZELNIACZ
100x125x13/12;USZCZELNIACZ
110x130x12;USZCZELNIACZ
110x140x12;USZCZELNIACZ
114x135x13;USZCZELNIACZ
120x140x12/13;USZCZELNIACZ
120x140x15;USZCZELNIACZ
120x145x15/12;USZCZELNIACZ
124x150x14/3;USZCZELNIACZ
120x150x15/12;USZCZELNIACZ
125x150x14;USZCZELNIACZ
130x160x16;USZCZELNIACZ
130x160x15;USZCZELNIACZ
130x170x17/01;USZCZELNIACZ
135x170x18;USZCZELNIACZ
130x170x16;USZCZELNIACZ
145X165X12;USZCZELNIACZ
1K0008191047;REFLEKTOR åWIATE£ UNIWERSALNY SOLARIS FI90MM
KOLANKO HYDRAULICZNE DWUSTRONNE M16;KOLANKO HYDRAULICZNE DWUSTRONNE GW.M16 WEW/ZEW
TR”JNIK 3XM16;TR”JNIK 3XM16
0507000168;ZESTAW NAPRAWCZY WID. SPRZ.
RS05XL;R KAWICE NITRYLOWE CZARNE/POMARA—CZOWE GRUBE
MONITOR;"MONITOR 10"" HM1013VH VGA HDMI"
TARCZA 230X6;TARCZA DO SZLIFOWANIA 230X6
5342125;USZCZELKA FILTRA DPF CUMMINS SOLARIS
28W840;åWIETL”WKA 28W840
PRZEWOD FI 80;PRZEW”D PALIWO+BENZYNA+OLEJ FI 80
2203000437;POKROWCE NA FOTELE KPL
OPASKA ELEKTRYCZNA 4,8X300;OPASKA ELEKTRYCZNA 4,8X300 /CZARNA/ 100szt
KLEJ DO WYK£ADZIN;KLEJ DO WYK£ADZIN Dragon 1KG
80X150X150;KOLANKO SILIKONOWE 80X150X150
0002959835;PRZEW”D SI£OWNIKA SPRZ G£A
18X1000;PRZEW”D SILIKONOWY 18X1000
30205;£OØYSKO 30205
CZM51035459;PRZEW”D PLASTIKOWY UK£ADU CH£ODZENIA
E991H;WK£AD FILTRA OLEJU MAN A12 N/TYP D518 MAN 2020
E464KP01D418;WK£AD FILTRA PALIWA MAN A12 N/TYP
0207010422;OBEJMA TURBOSPR ØARKI
F026402025;FILTR PALIWA
20297;AMORTYZATOR TY£ MERCEDES O405
CS0136;KR”CIEC WTRYSKIWACZA
46836E;FILTR POWIETRZA
LE2590012;USZCZELKA MISKI OLEJOWEJ DAF 212
41272149;AMORTYZATOR
T38709;ROLKA NAPINACZA
8PK1052;PASEK WIELOROWKOWY 8PK1052
175014;FILTR AUTOMATYCZNEJ SKRZYNI BIEG”W
PP841/8;FILTR PALIWA
171750;ZESTAW DO WYMIANY OLEJU W SKRZYNI BIEG”W
5W30 TOTAL;5W30 TOTAL 5L
35347;FILTR OLEJU SKRZYNI BIEG”W VOITH DIVA 3
5W30 ELF;5W30 ELF 4L
LE2626535;USZCZELKA PODSTAWY FILTRA OLEJU DAF 75
8PK1753;PASEK WIELOROWKOWY
D7141C;PROWADNICE ZACISKU KPL
AK218/1;FILTR POWIETRZA
171748;ZESTAW DO WYMIANY OLEJU W SKRZYNI
D42218C;REPERATURKA ZACISKU
36084050002;FILTR POWIETRZA MAN N/TYP
205/75R16C;OPONA Barum CDBA 113R Vanas
8PK1590;PASEK WIELOROWKOWY
PRZEWOD GUMOWY ZBROJONY;PRZEW”D GUMOWY FI44-FI130
8PK1754;PASEK WIELOROWKOWY
4XHWD-5104MH;ZESTAW DO MONITORINGU HIKVISION 4XHWD-5104MH HWT-T120 KPL
01770870;LAMPA STOP TRANSIT
22153;TULEJA WAHACZA
M18X1,5 L-400 KOL;PRZEW”D ELASTYCZNY M18X1,5 L-400 KOLANKO
698630;USZCZELKA MISKI OLEJOWEJ METALOWA MERCEDES
YT0692;LEJEK
29449;OLEJ PRZEK£ADNIOWY ATF SKRZYNIA AUTOMATYCZNA 1L
10PK1675;PASEK WIELOROWKOWY
17X2000;PASEK KLINOWY XPB2000
04900;NAKR TKA KO£A M20X1,5 Z PODK£. OBR.
E11HD117;FILTR OLEJU
AVI144S3001;ALTERNATOR MAN
075913;USZCZELKA POKRYWY PRZEDNIEJ OM457
45X62X7/8;USZCZELNIACZ
E11HD204;FILTR OLEJU
1457436088;FILTR ADBLUE SOLARIS
2203000286;POKROWIEC NA KIEROWNIC  FI 44-46 PKR011
13AH200A;AKUMULATOR 13AH200A
2BM008355001;LAMPA KIERUNKOWSKAZU BOCZNA SOLARIS
B0502091;ROLKA NAPINACZA APV1128 MAN
026402864;FILTR PALIWA
K1350;FILTR KABINY
1521246;ZAåLEPKA REFLEKTORA
F026402799;FILTR PALIWA
M30X2 L1000;PRZEW”D ELASTYCZNY M30X1000
VKHB2060;£OØYSKO KO£A
32012;£OØYSKO PIASTY
32011;£OØYSKO PIASTY
1302040054;KLOSZ LAMPY TY£ VIGNAL PRAWY/LEWY MAN
WTRY BNC;WTYK BNC-W75/ZAC-RG59*P10
GD00213;PRZEW”D PALIWOWY FI4X1MM PRZEZROCZYSTY
KR21032;SPR ØYNA GAZOWA
CQ2030574;ELEKTROMAGNES ROZRUSZNIKA
ZACISK SN6;REGENERACJA ZACIKU HAMULCOWEGO KNORR SN6
ZACISK D3 PP;REGENERACJA ZACISKU HAMULCA MERITOR D3 PRZ”D
6319250257;SZCZOTKA G”RNA DRZWI D£UGA(A-1-04)
713690830;£OØYSKO KO£A PRZ”D 40X73X55
50X150X150 45 STOPNI;KOLANKO SILIKONOWE 50X150X150 45 STOPNI
8PK2058;PASEK WIELOROWKOWY
230068;ZESTAW NAPRAWCZY ZWROTNICY CONECTO
2BBP/K-2123;PASEK KLINOWY 17X2123 PODW”JNY
0004356945;RURA WYDECHU FI88,9X2000 SOLARIS TURBO
DN22;PRZEW”D KLIMATYZACJI DN22
DN28;PRZEW”D KLIMATYZACJI DN28
9PK2045;PASEK WIELOROWKOWY
01770862;LAMPA KIERUNKOWSKAZU PRAWA TRANSIT
1794000631;PAS MOCOWANIA ROWER”W
22X40X7;USZCZELNIACZ POMPY WENTYLATORA DWUWARGOWY 1901042 BABDUO
AM61108;KONCENTRAT DO CH£ODNIC G12 5L
114U000;OS£ONA PRZEGUBU UNIWERSALNA
74AH680A;AKUMULATOR 74AH680A
114U00C;STOØEK DO MONTAØU OS£ON PRZEGUBA
124950;OBEJMA WYDECHU DT10/18
255095;GUMA ZAWIESZENIA T£UMIKA
61900;£OØYSKO ROLKA DRZWI SOLARIS 10X22X6
2ZR357028041;LAMPA COFANIA LED OKR•G£A
51541200513;PRZEW”D SS•CY
51063055036;PRZEW”D P£YNU CH£ODZ•CEGO DOP£YW
51063055134;PRZEW”D P£YNU CH£ODZ•CEGO KOMPRESOR
2210000001;OS£ONA NAKR TKI ZE WSKAèNIKIEM KO£A M22
17X1100;PASEK KLINOWY
HCK107270;CZUJNIK ZUØYCIA KLOCK”W 29108
572813A;£OZYSKO PIASTY PRZ”D
205002;POMPKA PALIWA R CZNA
1305010921;LAMPA OBRYSOWA BIA£O CZERWONA LED 39X93 LD703
1305010941;LAMPA OBRYSOWA CZERWONY LED OKR•G£A NA DACH
FS19731;FILTR PALIWA SOLARIS N/TYP
C60419;TR”JNIK UNIWERSALNY
1407000885;SZYBKOZ£•CZE TEKALANU FI6/M12 PROSTE METAL
36252400000;LAMPA PODåWIETLENIA REJESTARCJI MAN
31781;POMPA WODY CONNECTO
W133;LAMPA OåWIETLENIA TABLICY REJESTRACYJNEJ LED 30X80MM
TEKALAN Q9;PRZEW”D TEKALAN Q-9
2XPB1650;PASEK KLINOWY PODW”JNY
265/70R19,5 TRIANGLE;OPONA 265/70R19,5 TRIANGLE
PE816/8;FILTR PALIWA
MOBIL 85W140 20L;OLEJ PRZEK£ADNIOWY 85W140 MOBIL 20L
204203;POKRYWA SWORZNIA ZWROTNICY
KR25009;OCZKO SPR ØYNY GAZOWEJ
2401174377;S£UPEK OBROTOWY DRZWI SOLARIS
T38508;NAPINACZ PASKA SOLARIS N/TYP
10PK1690;PASEK WIELOROWKOWY
10PK1570;PASEK WIELOROWKOWY
7PK1030;PASEK WIELOROWKOWY
0002541008;WIDE£KI SPRZ G£A
3151000278;£OZYSKO SPRZ G£A
807512;TARCZA SPRZ G£A 330MM
13X1025 2AVX;PASEK KLINOWY ZESPOLONY
17X1025;PASEK KLINOWY
29,9X47X8;USZCZELNIACZ
TYP58/PD;PODSTAWA PODUSZKI SETRA
4.60435;PIERåCIE— DYSTANSUJ•CY WA£U KORBOWEGO 50X65X11,7
TYP66/PD;PODSTAWA PODUSZKI DOLNA MAN
1586716;SworzeÒ szczÍki hamulca
6781222;Czujnik prÍdkoúci
70329357;T≥umik drgaÒ paska PK
1607357;Czujnik Po≥oøenia kierownicy
3097092;SprÍøyna szczÍki hamulca
3095779;Czujnik temperatury p≥ynu
273950;termostat
70308561;tuleja drπøka redukcyjnego 16x78x81,5 VOLVO
3090266;Zestaw naprawczy zwrotnicy
3092472;koÒcÛwka drπøka
JTS4010;≥πcznik stabilizatora TRW
3098266;ok≥adziny hamulcowej klap 4
211018;Uszczelka miski olejowej DT
3978602;Kolektor wydechowy orygina≥ Volvo
3397004672;PI”RO WYCIERACZKI 550MM
3520321305;WIENIEC KO£A FI360 133 Z BY
51023100086;WIENIEC KO£A FI 398 143 Z BY
AP074/1;filtr powietrza
32313;≥oøysko 65x140x51
33214;£OØYSKO 70X125X41
F121522.6;£OØYSKO 12X36X26
6312-2RSR-C3;£OØYSKO 60X130X31
21306;£OØYSKO 30X72X19
VKHB2249;£OØYSKO 45X85X32
6403ZZ;£OØYSKO17X62X17
33112;£OZYSKO 60X100X30
6209NR;£OØYSKO 45X85X19
NU210ET;£OØYSKO 50X90X20
NUP2209E;£OZYSKO 45X85X23
VKHB2154;£OØYSKO 32014
698-2RS;£OØYSKO 8X19X6
688-2RS;£OØYSKO 8X16X5
2J-SC03A57L;£OØYSKO SKRZYNI 17X52X21
528546C;£OØYSKO ZWROTNICY SETRA
533006620;£OZYSKO NAPINACZA PASKA
742003300;£OØYSKO SKRZYNI BIEG”W
CBK441BTNG;£OZYSKO 30X60,03X37
VKBA1439;£OØYSKO KO£A 37X72X37
VKBA3551;£OØYSKO 40X73X55
98530326;£OØYSKO SKRZYNI BIEG”W 52X60X23
81935010040;£OØYSKO MECHANIZMU R”ØNICOWEGO
81935010041;£OØYSKO WA£KA ATAKU
NJ305E.TVP2.C3;£OØYSKO 25X62X17
0004011096;FILTR KABINY
81512265807;PRZEW”D HAMULCOWY MAN
774301055;PRZEW”D POWIETRZA ALUMINIOWY FI55X1000MM
B8-85D;£OØYSKO 8x23x14 z pierúcieniem zabezpieczajπcym
GE20;£OØYSKO WAHLIWE FI20
VKHB2156;£OØYSKO KO£A TY£
VKBA3588;£OØYSKO KO£A Z PIAST• PRZ”D TRANSIT
JM718149A;£OØYSKO 90X145X35
6215;£OØYSKO 75X130X25
0049814305;£OØYSKO KO£A TY£ 90X140X32
WZIERNIK;"WZIERNIK SZKLANY DO 4"""
PRZEWOD FI14;PRZEW”D PALIWA Q-14
PRZEWOD FI3,5;PRZEW” PRZEèROCZYSTY 3,5MM
32513501075;B BEN HAMULCOWY
6684230512;TARCZA HAMULCOWA MERCEDES VARIO
6684210112;TARCZA HAMULCOWA MERCEDES VARIO
M22X1,5 L500;PRZEW”D ELASTYCZNY M22X1,5 L-500
M30X2 L2000;PRZEW”D ELASTYCZNY M30X2 L-2000
PRZEWOD M22/M22;PRZEW”D ELASTYCZNY Faktycznie M18/M18
M22X1,5 L400 SPREZARKA;PRZEW”D SPR ØARKI M22X1,5 L400
M22X1,5 L1000 SPREZARKA;PRZEW” SPR ØARKI M22X1,5 L1000
M22/M22 L400 SPREZARKA;PRZEW” SPR ØARKI M22/M22 L400
M38X2 L550 SPREZARKA;PRZEW”D M38X2 L550 45STOPNI
M16/FI14 L200;PRZEW”D PALIWA M16/FI14 OCZKO
M16/FI14 L300;PRZEW”D PALIWA M16/FI14 OCZKO
M16/FI14 L600;PRZEW”D PALIWA M16/F14 OCZKO
M16/FI14 L800;PRZEW”D PALIWA M16/FI14 OCZKO
M16/FI14 L1000;PRZEW”D PALIWA M16/FI14 OCZKO
PRZEWOD LOZYSKA;PRZEW”D SMAROWANIA £OØYSKA GZ M16x1,5 / M10x1 GW-M10x1 L400
PRZEWOD POWIETRZA;PRZEW”D POWIETRZA PAPIEROWY/ALUMINIOWY rÛøne rozmiary
12261 01;Poduszka silnika opel astra vectra
FZ7188;≥πcznik stabilizator T4
03664;Tuleja tylnia passat
BP363;Klocki chamulcowe opel astra meriva zafira
06030;szczÍki hamulca ford eskord
b1127;klocki hamulcowe
j1333011;Filtr mazda
5433;≥oøysko
555;rack end
3593001;tuleja
55426;Rolka napinacza paska rozrzπdu
19412;sworzeÒ polo
1768301;tuleja
712050710;≥oøysko
2123601;tuleja audi
yc1e3a733ab;ko≥o pasowe pompy wspomagania
KAW014;Z£•CZE SKR CANE TEKALANY Q-14
0026097;OS£ONA PRZEGUBU ZESTAW
60X250X250;KOLANKO SILIKONOWE 60X250X250
02ME011;TARCZA HAMULCOWA PRZ”D 438X45MM
9062030280;USZCZELKA POMPY WODY
2NE003236301;LAMPA TY£ PRZECIWMGIELNA 21W CZERWONA KWADRAT
1BL008193017;REFLEKTOR åWIATE£ PRZEDNICH SOLARIS/ CONECTO SOCZEWKA 90MM
81436030055;PODSTAWA DOLNA PODUSZKI MAN TY£
KR24729;SPR ØYNA GAZOWA
2097270188;OS£ONA G£OSNIKA MERCEDES
0020945282;£•CZNIK GUMOWY FI100X250
T300W;"OSUSZACZ POWIETRZA (WK£AD) 1 1/4"""
4329010022;OSUSZACZ POWIETRZA (WK£AD) M41X1,5
1326358080;LAMPA ZESTPOLONA TY£ MAN / BOXER PRAWA
1326359080;LAMPA ZESPOLONA TY£ MAN / BOXER LEWA
81963050368;PRZEW”D NAGRZEWNICY MAN FI22 L-450MM
SE50/60;REDUKCJA SILIKONOWA 50/60-120
SE70/65;REDUKCJA GUMOWA 70/65X105
SE60/65;REDUKCJA GUMOWA 60/65X122
LACZNIK GUMOWY;£•CZNIK GUMOWY MIX ROZMIAR”W
KOLANKO GUMOWE;KOLANKO GUMOWE FI 48
C70103;£•CZNIK INSTALACJI
0219040013P;£•CZNIK UK£ADU WYDECHOWEGO 50X200
90X105X11;USZCZELNIACZ WA£U DAF SOLARIS
07643510;MEMBRANA SI£OWNIKA 27 NISKA
701N;MIECH ZAWIESZENIA 180MM
2/13X1325;PASEK KLINOWY 13X1325 PODW”JNY
PP964/1;FILTR PALIWA
AM423;FILTR POWIETRZA
AM471;FILTR POWIETRZA
K1032;FILTR KABINY
AP011;FILTR POWIETRZA G-KLASA
HF7831;FILTR HYDRAULICZNY
AP004;FILTR POWIETRZA
1457429122;FILTR OLEJU MERCEDES
HX29;FILTR HYDRAULICZNY SKRZYNI BIEG”W
P558615;FILTR OLEJU
0018354447;FILTR PALIWA M16X71MM
4602770195;FILTR SKRZYNI BIEG”W MERCEDES G
VKM38002;ROLKA NAPINACZA
1305010454;LAMPA OBRYSOWA BOCZNA DIODOWA OWALNA W65
OE682/2;FILTR OLEJU
69691;£OØYSKO KO£A
1407000852;KO—C”WKA TEKALANU Q-12
1407001113;KO—C”WKA TEKALANU Q-9
1407001610;SZYBKOZ£•CZE TEKALANU FI11
0433171345;KO—C”WKA WTRYSKIWACZA
0433175416;KO—C”WKA WTRYSKIWACZA CITARO
2443461020;ZAW”R ZWROTNY POMPKI PALIWA
64069310;USZCZELKA OBUDOWY SKRZYNI VOITH
HP045;TARCZA SKRZYNI BIEG”W ZF
0002712280;USZCZELKA POKRYWY SKRZYNI BIEG”W ZF
N3045099;USZCZELKA MISKI OLEJU ALLISON
3052710480;USZCZELKA OBUDOWY SKRZYNI MERCEDES
HP302;USZCZELKA OBUDOWY SKRZYNI BIEG”W ZF
0002578480;USZCZELKA POKRYWY SKRZYNI BIEG”W MERCEDES
52552;ZESTAW NAPRAWCZY ZWROTNICY 38X217
11480;ZESTAW NAPRAWCZY ZWROTNICY 45X216
0021881801;CH£ODNICA OLEJU SILNIKOWEGO
77879610;ZESTAW PANEWEK KORBOWODU D2066 0,25
0008207764;LAMPA TY£ CONECTO
PRZEWOD FI31,5;PRZEW”D PALIWO+BENZYNA+OLEJ FI31,5
PRZEWOD FI35;PRZEW”D PALIWO+BENZYNA+OLEJ FI35
1200010100;ZESTAW USZCZELEK KOMPRESORA
1100060500;ZESTAW USZCZELEK KOMPRESORA
1100060100;ZESTAW USZCZELEK KOMPRESORA
1100080500;ZESTAW USZCZELEK KOMPRESORA
531012610;ROLKA PASKA
1407000685;SZYBKOZ£•CZE TEKALANU TR”JNIK 8/8/8
1407000681;TR”JNIK TEKALANU 8/6/8
1407001529;TR”JNIK TEKALANU 6/6/6 METALOWY
1407001538;TR”JNIK TEKALANU 12/12/12 METALOWY
5402030367100;LAMPA OåWIETLENIA TABLICY REJESTRACYJNEJ
574361;PI”RA WYCIERACZEK KPL
APV2203;ROLKA NAPINACZA
902137;AMORTUZATOR
M0053;AMORTYZATOR MAN
6138101316;LUSTRO KPL PRAWE 404
0802990457;OdbÛj res.MAN TGA
GUM040;ODB”J RESORU BA£WANEK STAR
1503010239;PI”RO WYCIERACZKI 710MM
DXL60B;PI”RO WYCIERACZKI 600MM
574307;PI”RA WYCIERACZKI 560MM KPL
10585;KO—C”WKA DR•ØKA KIEROWNICZEGO P T4
15998;£•CZNIK STABILIZATORA VW T4
10584;KO—C”WKA DR•ØKA KIEROWNICZEGO L T4
TA1557;KO—C”WKA DR•ØKA VW T4
10578;SWORZE— WAHACZA VW T4
VOES8255;KO—C”WKA DR•ØKA T4
C5W012ABE;CYLINDEREK HAMULCOWY T4
VOES8217;KO—C”WKA DR•ØKA VW T4
600457;TULEJA WAHACZA VW T4
02MA006;TARCZA HAMULCOWA MAN TY£ 330X34
1407001539;SZYBKOZ£•CZE TEKALANU FI 14 METAL
1407000089;SZYBKOZ£•CZE TEKALANU FI 10 METAL
1407000580;SZYBKOZ£•CZE TEKALANU FI6/M12 KOLANKO
1407001068;SZYBKOZ£•CZE TEKALANU FI16/M22
1407001537;SZYBKOZ£•CZE TEKALANU FI 12 KOLANKO
1407000510;SZYBKOZ£•CZE TEKALANU PLASTIKOWE FI14/FI14
T36187;ROLKA PASKA WIELOROWKOWEGO
0028269890;SZK£O REFLEKTORA MERCEDES 814
18832;CI GNO ZMIANY BIEG”W VW
15242;TULEJKA STABILIZATORA VOLVO
0008207664;LAMPA TY£ MERCEDES CONECTO LEWA
0018220610;KLOSZ LAMPY KIERUNKOWSKAZU O303
585601;LAMPA KIERUNKOWSKAZU MERCEDES O303
239794;REFLEKTOR PRZ”D MAN A 21 L
1305620368;SZK£O LAMPY PRZEDNIEJ SETRA 200
1305620468;SZK£O LAMPY PRZEDNIEJ SETRA 200 / MAN
3568200921;LAMPA KIERUNKOWSKAZU PRZ”D O404 PRAWA
2BA002387011;LAMPA KIERUNKOWSKAZU NEOPLAN KLOSZ
6288103616;LUSTRO PRAWE CONECTO
1302010608;LAMPA TYLNA ZESPOLONA 91X96 MD002
1302010353;LAMPA ZESPOLONA 75X170
2XS008479041;LAMPA OBRYSOWA BIA£O-CZERWONA 39X122
1305010852;LAMPA OBRYSOWA BIA£A LED 40X100
LD142;LAMPA OBRYSOWA CZERWONA 72X33
LD140;LAMPBA OBRYSOWA BIA£A 72X33
LD943;LAMPA OBRYSOWA BIA£A 100X26
LTD229;LAMPA PODIETLENIA TABLICY REJESTRACYJNEJ LED 97X65
L223;LAMPA OBRYSOWA NA DACH LED CZERW.
LD221;LAMPA OBRYSOWA NA DACH LED BIA£A
250634;LAMPA OBRYSOWA POMARA—CZOWA LED 80X20
K27;LAMPA HALOGENOWA WN TRZA
LD127;LAMPA OBRYSOWA BIA£A LED 131X33
LC043;LAMPA COFANIA BIA£A 140X75
LP042;LAMPA PRZECIWMG£OWA CZER. TY£ 140X75
354840;USZCZELKA POKRYWY CH£ODNICY OLEJU
580695;USZCZELKA MISKI OLEJOWEJ MAN
977333;USZCZELKA POKRYWY ROZRZ•DU MAN
141521;USZCZELKA POKRYWY ZAWOR”W MAN D2066
711122500;USZCZELKA MISKI OLEJOWEJ SOLARIS COMMINS
759296;USZCZELKA CH£ODNICY OLEJU
829773;USZCZELKA MISKI OLEJOWEJ
195080;ZESTAW USZCZELEK SILNIKA G”RA MAN D2066
760678;USZCZELKA G£OWICY 1,2MM
497370;USZCZELKA
711122900;USZCZELKA KOLEKTORA SS•CEGO CUMMINS
215070;USZCZELKA CH£ODNICY OLEJU
008880;USZCZELKA POKRYWY ROZRZ•DU MAN
2BM002847011;LAMPA KIERUNKOWSKAZU L
5391;NAKR TKA STRZEMIONA M20X1,5
SWF132001;PI”RO WYCIERACZKI 1000MM NA WCISK WYØSZE RAMIE
0703000058;NAKR TKA M18X1,5 OCYNK H-15MM
0703000112;PODK£ADKA KO£A STOØKOWA FI20X30,5X5,5
2002000065;NAKR TKA STRZEMIONA M14X1,5 H-21MM
0750108983;åRUBA MOSTU ZF AV132
0703000095;NAKR TKA KO£A M22X1,5 Z PODK£ADK• STA£•
0986011360;ROZRUSZNIK MERCEDES O405
461873;USZCZELKA KOL. WYDECHOWEGO MERCEDES
1407000889;SZYBKOZ£•CZE TEKALANU FI8/M12 METAL KR”TKIE
LX518;FILTR POWIETRZA
6674600304;STACYJKA MERCEDES 0303 405 UNIMOG
H113WK;FILTR PALIWA
01117;PODUSZKA AMORTYZATORA PRZ”D Z £OØYSKIEM
D7039C;PROWADZENIA ZACISU
13173200;USZCZELKA KOLEKTORA WYDECHOWEGO VW LT
23902;TULEJA STABILIZATORA 21MM
05290;SILENTBLOCK WAHACZA PRZ”D 14X40/52X60
90222138;MOCOWANIE DR•ØKA ZMIANY BIEG”W
0945655;TULEJA STABILIZATORA 19,5MM
256645;USZCZELKA UK£ADU WYDECHOWEGO
51635;SWORZE— RESORU VOLVO
LPR05620;SZCZ KI HAMULCOWE KPL
MD9262;ZAW”R STERUJ•CY CIåNIENIE
531067730;ROLKA PROWADZ•CA76X22
E2F0017BTA;ROLKA NAPINACZA
1407001071;SZYBKOZ£•CZE TEKALANU FI8/M10 PROSTE
0062039900;REDUKCJA METALOWA VOSS M22 S/TYP
3397008006;PI”RO WYCIERACZEK TY£ 330MM
0301050117;åRUBA PRZELEWU PALIWA M6X1
0301050122;åRUBA PRZLEWU PALIWA M8X1
0301070212;åRUBA PRZELEWU PALIWA M14X1,5
0399000001;KO—C”WKA OCZKOWA PALIWA FI14
0301060050;KO—C”WKA OCZKOWA PALIWA FI10
PRZEWOD FI40;PRZEW”D PALIWO+BENZYNA+OLEJ FI40
15000884310;USZCZELKA POKRYWY VOITH N/TYP SOLARIS
OE677/4;FILTR OLEJU
PP840/1;FILTR PALIWA
2123301911;DR•ØEK REAKCYJNY WAHACZ
C01001ABE;SZCZEKI HAMULCOWE KPL
OP629/4;FILTR OLEJU
0000213304;ROLKA NAPINAJ•CA SOLARIS
ZACISK SN7;REGENERACJA ZACISKU HAMULCA KNORR SN7 PRZ”D
ZACISK SB7;REGENERACJA ZACISKU HAMULCOWEGO KNORR SB7 TY£
KR21068;AMORTYZATOR ATRAPY
6PK1308;PASEK WIELOROWKOWY
49871;ROLKA PROWADZ•CA
497330;USZCZELKA KOLEKTORA WYDECHOWEGO
9407500198;USZCZELKA
0064201420;KLOCKI HAMULCOWE KPL 29246 ACTROS PRZ”D
0064201520;KLOCKI HAMULCOWE KPL 29244 ACTROS TY£
1407001168;ZAåLEPKA M16X1,5
2PT009599111;åWIAT£O DZIENNE SOLARIS LED
2BA008221001;LAMPA KIERUNKOWSKAZU PRZ”D SOLARIS
0126036041;ZBIORNIK HYDRAULICZNY SOLARIS
KR23457;SPR ØYNA GAZOWA 1100N POKRYWY BAGAØNIKA SOLARIS
2XA008221021;LAMPA STOP OKR•G£A SOLARIS
114069;ROZRUSZNIK SOLARIS DAF 11Z
K1401;FILTR Kabinowy
106567;ORING OBUDOWY FILTRA OLEJU DAF 17,15X22,39
SE70/50X76;REDUKCJA SILIKONOWA 70/50
EE92252B1-G99;WENTYLATOR 24V DC SUNNON 92X92X25
RL75;SWORZE— WSPORNIKA DR.KIER. SOLARIS
M18X1,5 OCZKO;PRZEW”D M18X1,5 OCZKO FI 14 L-260
6293290018;PODSTAWA DOLNA MIECHA
WAS823;LAMPA TY£ G”RNA SOLARIS PROSTOK•TNA LED
36436400008;ZAWLECZKA ZABEZPIECZAJ•CA MIECHA ZAWIESZENIA MAN 2020
9201BOV;PIERåCIEN ABS 165X193X13
EL375920;USZCZELKA MISKI OLEJOWEJ DAF
1KL007834027;REFLEKTOR åWIATE£ PRZEDNICH SOLARIS UNIWERSALNY
3397001744;PI”RO WYCIERACZKI 450MM KPL
6295400645;LAMPA OBRYSOWA W KLAMCE 33MMX33MM
10W40 ELF 1L;OLEJ SILNIKOWY 10W40 ELF 1L
2401199975;ROLKA DRZWI G”RNA Q-10
211500;ODSTOJNIK PALIWA SZKLANY
KTT01305523;£OØYSKO KOMPRESORA KLIMATYZACJI 30X55X23 SOLARIS
113571;WK£ADKA ZAMKA GOLF
1956561;PRZEW”D ZAWORU EGR DAF SOLARIS E6
GDB1330DTE;KLOCKI HAMULCOWE
100X130X14;USZCZELNIACZ WA£U KORBOWEGO
23357;DèWIGNIA NAPINACZA MERCEDES
1457070014;FILTR PALIWA
454027;ZBIORNIK WYR”WNAWCZY SPRINTER
H701WK;FILTR PALIWA SEPARATOR
837549;USZCZELNIACZ WA£U KORBOWEGO TY£90X107X8
38X250X250;KOLANKO SILIKONOWE 38X250X250
T36889;ROLKA NAPINACZA
0102000484;PODSTAWA FILTRA PALIWA SCANIA
1774273;PRZEGUB FORD TRANSIT
1201010266;PROSTOWNIK 6V/12V
13046072442;KLOCKI HAMULCOWE KPL
GDB100;KLOCKI HAMULCOWE
FO675981;KLOCKI HAMULCOWE MAN
GDB5081;KLOCKI HAMULCOWE SETRA 200 300
8PK1570;PASEK WIELOROWKOWY
40/50;£•CZNIK GUMOWY REDUKCJA 40/50X150
50/55;£•CZNIK GUMOWY REDUKCJA 50/55X150
8PK1560;PASEK WIELOROWKOWY
PRZEWOD 18;PRZEW”D PALIWA Q-18
IMP20104;OPASKA OS£ONY PRZEGUBU
430115;KOREK MISKI OLEJOWEJ MERCEDES M26X1,5
IMP20105;OPASKA OS£ONY PRZEGUBU
81748210068;SPR ØYNA GAZOWA Z BLOKAD• 380N
131340;AMORTYZATOR PRZ”D MAN
131341;AMORTYZATOR TY£ MAN
STA083070;SPR ØYNA GAZOWA L315,5 200N
DRL510;åWIAT£A DO JAZDY DZIENNEJ OKR•G£E
120015000;LAMPA OBRYSOWA BOCZNA BIA£O CZERWONA LED 24V
37X50X6;USZCZELNIACZ WA£U KORBOWEGO
14R355;MIECH PNEUMATYCZNY ZAWIESZENIA Q168 AB891
ERTR1136P01;P£YN DO CZYSZCZENIA DPF K2 5L
M10X1 L-500;PRZEW”D DO SMAROWNICY
SET315;£OZYSKO 50X90X28 JM205149
23045556;USZCZELNIACZ POMPY OLEJU SKRZYNI
SMMA006;LAMPA OBRYSOWA WPUSZCZANA120X45 LED
32X45X7;USZCZELNIACZ
TPALUFE1;CI ØAREK KLEJONY Ocynk SLIM 12X5g Paczka 60szt.
CARGO-N024;NAK£ADKA NAKR TKI KO£A 32 NISKA
2208000574;R KAWICE ROBOCZE POLIURETANOWE Rozm. 10
SPB2300;PASEK KLINOWY 17X2300
056900;USZCZELNIACZ
0008200620;LAMPA KIERUNKOWSKAZU MERCEDES BOCZNA
TKMM18X1,5;KOREK MISKI OLEJOWEJ SOLARIS CUMMINS
176090;USZCZELKA KORKA WLEWU OLEJU
012001;KOREK MISKI OLEJOWEJ
171529;OS£ONA TARCZY HAMULCOWEJ
60X200;£•CZNIK ELASTYCZNY WYDECHU 60X200 ZE60200DB
60X150X150;KOLANKO SILIKONOWE FI60 90STOPNI
PP840/3;FILTR PALIWA
0005003949;ZBIORNIK WYR”WNAWCZY P£YNU CITARO/CONECTO
220049H;KOREK SPUSTU OLEJU
702269;USZCZELNIACZ 35x48x7
15X150X150;KOLANKO SILIKONOWE 15X150X150
FILTR KLIMATYZACJI;FILTR KLIMATYZACJI W£”KNINA 1M2
6288200340;MECHANIZM WYCIERACZEK MERCEDES CITARO/CONECTO
LE221;Zestaw naprawczy zwrotnicy MB ACTROS, ATEGO, AXOR
AF25962;FILTR POWIETRZA SOLARIS
D1768;ZESTAW NAPRAWCZY
0XPTZACISK;ØABKA PRZEWODU åREDNIA/ MA£A
RCA031;CH£ODNICA WODY SOLARIS Urbino - Kompletna
6PK1760;PASEK WIELOROWKOWY
AM20A60;PASTA DO R•K 0,5KG
IPRTCH43;PASTA DO R•K 0,5L
10W FORK;OLEJ DO AMORTYZATOR”W 0,5L
20X32X6;USZCZELNIACZ
20X32X7;USZCZELNIACZ
6PK1195;PASEK WIELOROWKOWY
PU8010/1-2X;FILTR PALIWA MERCEDES
0986487751;SZCZ KI HAMULCOWE
PRZEW”D FI 25;PRZEW”D PALIWA Q-25
12924;OBEJMA WYDECHU 96
P550851;FILTR PALIWA
10X1575;PASEK KLINOWY
DP2110101810;P”£Oå NAP DOWA TRANSIT
SE38/50;REDUKCJA SILIKONOWA SE38/50 X100
D9422919;LUSTRO PRAWE INTEGRO/SETRA 415
81455010132;SZPILKA KO£A M22X1,5 PRZ”D MAN
307523223;ZESTAW ORING”W VOSS 232
6PK1720;PASEK WIELOROWKOWY
7DPK2569;PASEK WILOROWKOWY DWUSTRONNY
EEC0382B1-A99;WENTYLATOR OSIOWY 24V 120X120X38MM
6PK1683;PASEK WIELOROWKOWY
8PK2642;PASEK WIELOROWKOWY
031006209;WK£AD OSUSZACZA Z ODOLEJACZEM
YT746403;R KAWICE ROBOCZE OCIEPLANE
8PK1095;PASEK WIELOROWKOWY
0004900380;USZCZELKA FILTRA DPF INTEGRO
0004900180;USZCZELKA FILTRA DPF INTEGRO
F026402038;FILTR PALIWA SOLARIS
AUG54396;SPR ØYNA GAZOWA KLAPY SILNIKA 730N
SMUN086;åWIAT£O OBRYSOWE DACH LED
EVERTOIL/P;OLEJ DO NARZ DZI PNEUMATYCZNYCH VG32 0,6L
8PK1710;PASEK WIELOROWKOWY
48708;SZPILKA KO£A M22X85 MERCEDES TY£
1050806;ZESTAW NAPRAWCZY SZCZ K HAMULCOWYCH
538000610;POMPA WODY
81432206319;DR•ØEK REAKCYJNY MAN 661 D£
8PK1075;PASEK WIELOROWKOWY
WK9140;FILTR PALIWA
H34WF;FILTR P£YNU CH£ODZ•CEGO
6275000016;OS£ONA WENTYLATORA
3151000493;£OØYSKO SPRZ G£A MAN DAF
6PK1546;PASEK WIELOROWKOWY
0986049820;ALTERNATOR MAN
H60WK01;FILTR PALIWA
WK950/3;FILTR PALIWA
F026407196;FILTR OLEJU
11010477;MIECH NAPINACZ PASKA KLIMATYZACJI SETRA
1302010271;LAMPA TY£ LEWA ACTROS MB
T36635;ROLKA PASKA WIELOKLINOWEGO DAF SOLARIS
6283200435;PODSTAWA G”RNA MERCEDES CITARO PLA. 6283200435BP
20259;AMORTYZATOR PRZ”D
PU12001-2Z;FILTR PALIWA Z SIATECZKOWYM MERCEDES OM470
F026402132;FILTR PALIWA SEPARATOR
8PK2080;PASEK WIELOROWKOWY 8PK2080
15X1000;PRZEW”D SILIKONOWY 15X1000
1986A00966;ALTERNATOR SOLARIS IVECO
0440020117;POMPA PALIWA SOLARIS
SMUN073;LAMPA OBRYSOWA
PP840/2;FILTR PALIWA
1305011573;LAMPA OBRYSOWA LED 96X30
46611;SZPILKA KO£A M14X1,5 60/67MM
178516;FILTR ODMY SOLARIS
1407000719;ZAåLEPKA M12X1,5 KOREK
1110010028;REDUKTOR SI∆NIENIA COMMON RAIL
4329012232;FILTR OSUSZACZA
8PK1165;PASEK WIELOROWKOWY 8PK1165
DP2110101830;P”£Oå NAP DOWA TRANSIT
3PK515;PASEK WIELOROWKOWY
APV1134;NAPINACZ PASKA MAN
1407000348;SZYBKOZ£•CZE TEKALAN METALOWE 15
T38571;NAPINACZ PASKA SOLARIS DAF
TYC2011814052;REFLEKTOR PRZEDNI LEWY SPRINTER
OE650/2;FILTR OLEJU
93068;NIT OK£ADZINY 10MMX20MM 100SZT
SM1547;ZESTAW MONTAØOWY AMORTYZATORA
APV1084;NAPINACZ PASK”W SOLARIS
F026407097;FILTR OLEJU
0802020395;MIECH PNEUMATYCZNY PODNOåNIKA 8T
K969;FILTR KABINOWY
25X35X6;USZCZELNIACZ
YT8311;TESTER AKUMULATOR”W
173614;Obudowa filtra oleju
K2D1001;ROTON KRWAWA FELGA DO MYCIA FELG 1L
8PK1915;PASEK WIELOROWKOWY
02RO004;TARCZA HAMULCOWA PE£NA 375X45 SOLARIS
40X72X10;USZCZELNIACZ WA£KA SKRZYNI
0XPTCD0004C;R KAWICE DO PIASKARKI
6288810323;OS£ONA REFLEKTORA LEWA CONECTO
6PK1293;PASEK WIELOROWKOWY
13X1138;PASEK KLINOWY
1407001317;SZYBKOZ£•CZE TEKALAN FI8/M12
9PK1700;PASEK WIELOROWKOWY
KR31843;SPR ØYNA GAZOWA
COOLMAX;OLEJ DO KLIMATYZACJI POE 68 1L
D7034C;Zestaw naprawczy zacisku hamulcowego
130X170X18/20;USZCZELNIACZ PIASTY CITARO
30X2;Z£•CZKA PROSTA PRZEWODU 30X2
36X2;Z£•CZKA PROSTA PRZWODU 36X2
1102002365;RURA WYDECHOWA PROSTA FI127X2000
50X250X250;KOLANKO SILIKONOWE 50X250X250
SCHYDROREP-750;WOSK NA MOKRO 750ML SPRAY
K415101630;KO—C”WKA PRZEWODU KLIMATYZACJI DN22
K415102036;KO—C”WKA PRZEWODU KLIMATYZACJI DN28
0008200520;LAMPA KIERUNKOWSKAZU MERCEDES BOCZNA
EL141522;USZCZELKA POKRYWY ZAWOR”W MAN 2066
CAS129 5L;OLEJ SILNIKOWY CASTROL MAGNATEC START-STOP 5W30 5L
HLME002L;REFLEKTOR LEWY
E104KP;FILTR PALIWA
F026407024;FILTR OLEJU
GATWP5017HD;POMPA WODY Z KO£EM PASOWYM DAF
24012601871;TARCZA HAMULCOWA
DF6846;TARCZA HAMULCOWA
AMT77555;P£YN DO CZYSZCZENIA KLIMATYZACJI
65X150X150;KOLANKO SILIKONOWE 65X150X150
2212000002;PRZEW”D IGIELITOWY PRZEèROCZYSTY Q-6MM
2212000001;PRZEW”D IGIELITOWY PRZEèROCZYSTY Q-8MM
PP841/9;FILTR PALIWA
114956;£•CZNIK RURY WYDECHOWEJ 56/60MMX125
B0502097;ROLKA NAPINACZA
PW813;FILTR PALIWA COBUS
OM516/1;FILTR OLEJU COBUS
1KO805965J9B9;OBUDOWA
0102001642;SZKLANKA ODSTOJNIKA MERCEDES
PN5/6;SZYBKOZ£•CZE TEKALAN PNA5/6 METAL
0009913015;SWORZE— MOCOWANIA LAMPY CITARO / SETRA
100300/1;PIERåCIE— ABS
81066010073;WENTYLATOR CH£ODNICY MAN
36066040002;PIASTA WENTYLATORA MAN
GE40FW2RS;£OØYSKO KULOWE SI£OWNIKA OBROTNICY
2099000216;KARABI—CZYK 80MM
84699;ZESTAW USZCZELNIACZY PIASTY TY£ SPRINTER
81963050379;"PRZEW”D WODNY ""S"" MAN (2 úrednice)"
1407001314;"SZYBKOZ£ACZE TEKALANU FI8 / 1/4"""
6288850005;NAROØNIK LEWY CITARO
WALK86567;WIESZAK UK£ADU WYDECHOWEGO
EROL6001PP2;OLEJ DO KLIMATYZACJI PAG 46 5L
30X250X250;KOLANKO SILIKONOWE 30X250X250
C811;FILTR POWIETRZA (OSUSZACZ)
1407001532;SZYBKOZ£•CZE TEKALANU TR”JNIK 8/8/8 METAL
0000036379;LAMPA PRZECIWMGIELNA TY£ SOLARIS
0002689089;PRZEGUB KULOWY ZMIANY BIEG”W
6292680065;SWORZE— PRZEGUBU ZMIANY BIEG”W
0120423069;ROLKA PROWADZ•CA PASKA SOLARIS
MOT109470;OLEJ SILNIKOWY MOTUL 5W30 X-CLEAN 1L
M30X2 L700;PRZEW”D ELASTYCZNY M30X2 L700
10PK1605;PASEK WIELOROWKOWY
51063305047;OBUDOWA POMPY WODY MAN D2066
2290601108;SPRZ G£O KPL
3210112;LUSTERKO L
48X72X10;USZCZELNIACZ WA£KA ROZRZ•DU
GCH727;LINKA HAMULCA
K1261A;FILTR KABINOWY
PP966/4;FILTR PALIWA
QS174;POKROWCE JEDNORAZOWE NA FOTELE 500SZT
SE60/70;REDUKCJA SILIKONOWA 60/70
178854;£OØYSKO PIASTY PRZ”D SPRINTER
42x62x7;USZCZELNIACZ
55565322;USZCZELNIACZ SKRZYNI BIEG”W
OE651/5;FILTR OLEJU
5203010510;OPASKA ZACISKOWA åRUBOWA MIX ROZMIAR”W
6PK1640;PASEK WIELOROWKOWY
CARGON025;NAK£ADKA NAKR TKI KO£A 32 WYSOKA 10SZT
6X1000;PRZEW”D SILIKONOWY 6X1000
8X1000;PRZEW”D SILIKONOWY 8X1000
2850151205;SZYBKOZ£•CZE TEKALANU FI 15 PROSTE
BOS265621;£•CZNIK RURY WYDECHOWEJ 55X120
464575;FILTR OSUSZACZA MERCEDES SPRINTER
2507000003;SMAR CENTRALNY 4,5 KG EXP00
021901250254P;OBEJMA UK£ADU WYDECJOWEGO 54MM
6512340039;WSPORNIK MOCOWANIE ALTERNATORA DODATKOWEGO MERCEDES SPRINTER
430719051400;SPR ØYNA GAZOWA
1BL008193011;REFLEKTOR åWIATE£ MIJANIA
0281004148;SONDA LAMBDA Audi Porsche Seat Skoda VW
541620;ZESTAW USZCZELEK TURBINY
U58/11KIT;FILTR ADBLUE CITARO EURO 6
SIME81;PRZEW”D CH£ODNICY POWIETRZA 85X200
KOLANKO SE60/70;KOLANKO SILIKONOWE SE60/70 150X150
KOLANKO SE60/65;KOLANKO SILIKONOWE SE60/65 150X150
51X1000;RURA PESZLA 51X1000
0301070210;åRUBA PRZELEWU PALIWA M12X1
0025012082;KOLANKO GUMOWE 60/65 90STOPNI
F026402150;WK£AD FILTRA PALIWA
YT6107;TARCZA DO CI CIA 230X2
0219143014P;WIESZAK UK£ADU WYDECHOWEGO
185/70R13;OPONA
GAT5498XS;PASEK ROZRZ•DU FSO Polonez
2XA959560401;åWIAT£O OBRYSOWE G”RNE CZERWONE
2608600711;TARCZA DO CI CIA 230X1,9
26X42X7;USZCZELNIACZ POMPY WENTYLATORA
0002340080;USZCZELKA POMPY WENTYLATORA
6PK1270;PASEK WIELOROWKOWY
MOT102786;OLEJ SILNIKOWY MOTUL 5W40 1L
F026407191;FILTR OLEJU MAN
37506;CZUJNIK CIåNIENIA OLEJU
K961C;FILTR KABINY
KC522D;SEPARATOR PALIWA
K2K611;KONCENTRAT P£YNU DO SPRYSKIWACZY 1L
80AH760A;AKUMULATOR
H309W;FILTR HYDRAULICZNY
76AH680;AKUMULATOR
6PK2213;PASEK WIELOROWKOWY
0004118642;CH£ODNICA WODY Solaris Urbino - Zdekompletowana brak drugiej ch≥odnicy: RR-3946-450
WK940/19;FILTR PALIWA
68475690;Filtr oleju MAN TGS/TGX D20/26 E422H D86
MNE1112;Tarcza hamulcowa MB P/T
35885;Zestaw naprawczy zaworu VOSS NG8
CE60041;Norton G VULCAN tarcza-41 125x3x22 metal-inox
PM806;Filtr paliwa
2KA003 389-061;Lampa oúwietlenia tablicy rejestracyjnej
WB350400;Komplet wycieraczek DB SPrinter 906 (OXIMO)
09.F291.13;Tarcza hamulcowa
NRF454027;Zbiorniczek wyrÛwnawczy Sprinter
OLEJ 75W80 1L ELF;Olej 75w80 1L ELF
VKBP 80115;Klocki hamulcowe
ADU172101;Filtr oleju
FE46611;åruba ko≥a M14x1,5x64
FE18612;PierúcieÒ ABS
WK820/2X;Filtr paliwa
YT7361;Okulary ochronne bezbarwne
FE24763;Zestaw naprawczy piasty ko≥a SETRA
FE20644;Miech zawieszenia 130/130 V 1G16
18930102000;Podstawa dolna miecha (kielich)
81467320018;Korek zaúlepka
DF4822S;Tarcza hamulcowa
WS0227A;Czujnik zuøycia klockÛw
012.00-600;PrzewÛd hamulcowy elastyczny M18 L-600mm
20-A61;Pasta do mycia rπk 5KG
3.34069;Napinacz paska MAN
PHP-R-0500;PrzewÛd hamulcowy elastyczny 500mm
099700120080;RÍkawiczki nitrylowe XL 100szt.
173W33;Lampa cofania
FA 23866.00;SprÍøyna gazowa, piokrywa bagaønika
3225-10014 Gates;PrzewÛd paliwowy 10,0 mm 3225-1
500 1072 20;£oøysko wyciskowe
FE172074;Pompa wody
2208000391;RÍkawice gumowe kwasoodporne øÛ≥te
BENZYNA EKSTRAKCYJNA 5L;Benzyna ekstrakcyjna 5L
4.62600;Elementy pomy rzÍdowej
55018;PrzewÛd silnikowy uk≥adu ch≥odzenia
KAW016;Z£•CZE SKR CANE TEKALANU Q-16
KAW015;Z≥πcze skrÍcane tekalanu Q-15
VKMCV 51072;Rolka prowadzπca
8PK1570HD;Pasek wielorowkowy 8PK1570HD
EL001796;Uszczelka pokrywy zaworÛw
205/75R16C MATADOR HECTORRA VAN 113/111;Opona 205/75R16C MATADOR HECTORRA VAN 113/111
F 00V C17 503;Uszczelka wtryskiwacza Sprinter
6 PK 1124;Pasek wielorowkowy
030.920-00;Pompa cieczy ch≥odzπcej
DAY6PK1155;Pasek wielorowkowy
DAY6PK1160;Pasek wielorowkowy
6 PK 1153;Pasek wielorowkowy
93087900;Tarcza hamulcowa
ABM506-31-D05;Miech zawieszenia pneumatycznego
YT-7367;Okulary ochronne Yato
49676;Filtr powietrza
6 PK 2215;Pasek wielorowkowy
14-07-00-1257;TrÛjnik Tekalanu Fi 4 metalowy
14-07-00-0682;TrÛjnik Tekalanu Fi 4 plastik
DAF1779705;Uszczelka separatora oleju
DAF1779706;Uszczelka separatora oleju
R134A 12kg;Czynnik do klimatyzacji R134A /butla 12kg/
62-002;Emulsja do mycia rπk z dodatkiem pumeksu Fast Orange 3,79L
PUR-HA0125;Filtr powietrza
ABM 506-31-E03;Miech
FKX40/655 K;Kompresor klimatyzacji
AKC031 M18/M16;Redukcja metalowa M18/M16
AKC031 M18/M18;Z≥πcze metalowe tekalanu M18/M18
FE24762;Zestaw naprawczy piasty ko≥a
PUR-HA0240;Filtr powietrza
8PK2055HD;Pasek 8PK2055
CAL10739GS;Alternator SOLARIS CUMMINS 120A
BD081214;Tarcza hamulcowa przÛd SOLARIS
PUR-HC0743;Filtr kabinowy K1114
EL541620;Zestaw montaøowy turbiny /TRANSIT/
PUR-HA0225;Filtr powietrza
PUR-HA0145;Filtr powietrza
LE25900.12;Uszczelka miski olejowej
314 606;Amortyzator ty≥
319 655;Amortyzator przÛd
PUR-HA0159;Filtr powietrza
FE171748;Zestaw do wymiany oleju ASB /SPRINTER/
K1338A;Filtr kabinowy
TEK7;SZYBKOZ£•CZE TEKALANU PLASTIKOWE FI7
TEK16;SZYBKOZ£•CZE TEKALANU PLASTIKOWE FI16
532 0410 20;Rolka prowadzπca
CU3959;Filtr kabinowy
PUR-HC0025;Filtr kabinowy
099700120070;RÍkawiczki nitrylowe L 100szt.
3PK630;Pasek wielorowkowy
6PK1600HD;Pasek wielorowkowy
010.597-00;Pompa cieczy ch≥odzπcej
MDP3169K;Klocki hamulcowe 29169
BR2920206;Klocki hamulcowe 29108
254-627;Obejma t≥umika 58mm
26-86019;Obejma uk≥adu wydechowego
LMI43455 01;Zestaw naprawczy gÛrnego wahacza MB/SETRA
0219-01-0087P;£πcznik rur zestaw
2/XPB2050;Pasek klinowy zespolony
100063;Jarzmo zacisku
15-07-02-1372;Chlapacz uniwersalny 500x360
BR2909506;Klocki hamulcowe KPL
BR2903006;Klocki hamulcowe KPL
506519K;Lampa obrysowa
PTC-3010;Alternator
WOLTOMIERZ OKR•G£Y 30MM;Woltomierz okrπg≥y czerwony 30mm IP67 DC 5V-100V
20-A33;P≥yn do czyszczenia silnikÛw MA Proffesional 5L
5403-02-047204P;Odblask prawy zderzak Sprinter
RSGU1.16/20 W1;Opaski zaciskowe obejmy
1104-143-150;PrzewÛd hamulcowy /LEWY/
1104-143-151;PrzewÛd hamulcowy /PRAWY/
0004-027-954;Filtr kabinowy
3 397 018 198;PiÛro wycieraczki 1000mm /BOSCH N101/
8EL 011 713-761;Alternator
08-440-1408N;Kierunkwskaz 24V P21W
LMI42655;Zestaw naprawczy drπøka reakcyjnego /KR”TKI/
LMI42866 01;Zestaw naprawczy wahacza dolnego /D£UGI/
VKBA5457;Piasta ko≥a /SOLARIS/
136-140-200-010;PrzewÛd paliwa Fi10 x 1,5 niezbrojony niebieski przeüroczysty
SI-SO01;£πcznik silikonowy 75x120 2v Solaris 0223-624-030
F 026 407 058;Filtr oleju P 7058 Bosch
PUR-HA0168;Filtr powietrza wewnetrzny mniejszy
61128;Pokrowiec na kierownicÍ Car Commerce 37-39,5 cm
FE109164;Filtr oleju
NRF455005;Zbiornik wyrÛwnawczy
Storm Base 2,5L;P≥yn alkaiczny do silnych zabrudzeÒ do automatycznych systermÛw czyszczπcych 2.5L
363418;Szampon Berner do mycia ciÍzarÛwek 2w1 5L
H1034/4;Filtr oleju
F 026 407 254;Filtr oleju
F 026 407 330;Filtr oleju
E422H D86;Filtr oleju
OX168D;Filtr oleju
F 026 407 040;Filtr oleju
22x32x7;Uszczelniacz 22x32x7 M730001270005
WL10246;Filtr oleju
OX561D;Filtr oleju /SOLARIS/
£om 750x16mm;£om 750x16mm czarny malowany
HU7010Z;Filtr oleju
H12110/2X;Filtr oleju
OX150D;Filtr oleju
23903;SprÍøyna gazowa Krosno 730N 307x905
E39HD119;Filtr skrzyni biegÛw
E10H02;Filtr hydrauliczny
92095E;Filtr oleju
F 026 407 101;Filtr oleju
E21K;Filtr paliwa
P550880;Filtr paliwa
F 026 402 032;Filtr paliwa
50 014 632;Filtr paliwa
1 457 431 710;Filtr paliwa
WK730/1;Filtr paliwa
H70WDK14;Filtr paliwa
F 026 402 864;Filtr paliwa
WK820/14;Filtr paliwa
H60WK07;Filtr paliwa
WK950/6;Filtr paliwa
PUR-HA0231;Filtr powietrza
D4-2499C;Zestaw naprawczy
D4-1712C;Zestaw naprawczy
D7-147C;Zestaw naprawczy
D4-2218C;Zestaw naprawczy
FE105839;Filtr paliwa
PP12,5;Wπø do úrodkÛw ochrony roúlin Fi12,5mm 20/60BAR przeüroczysty zbrojony
22x35x7;Uszczelniacz skrzyni biegÛw
10-16x10;Opaska úlimakowa nierdzewna 10-16x10mm
81960200186;Ogranicznik, odbÛj Contitech 50008 2-8
81.96020-0327;OdbÛj gumowy MAN 81.96020.0327
21455;SprÍøyna gazowa Krosno 470mm/190mm 350N
AKC037;PrzewÛd przeüroczysty 3,7x6mm Guttasyn
01-01-00-0459;Filtr oleju
0101 071;Filt oleju kompletny
F 026 402 148;Filtr paliwa
H655;Filtr paliwa
X770814;Filtr automatycznej skrzyni biegÛw
H 10 009Z;Filtr automatycznej skrzyni biegÛw
E102U01D179;Filtr AdBlue
OPASKA ELEKTRYCZNA 4,8X450;Opaska elektryczna 4,8x450mm /CZARNA/ 100szt
OPASKA ELEKTRYCZNA 7,6X550;Opaska elektryczna 7,6X550 /CZARNA/ 100szt
VKBA5039;Zestaw ≥oøyska ko≥a przÛd
PRZEWOD LOZYSKA L600;PrzewÛd smarowania ≥oøyska GZ M16x15 / M12 GW M12 L600
PRZEWOD LOZYSKA L800;PrzewÛd smarowania ≥oøyska GZ M16x15 / M12 GW M12 L800
M10X1 L-1000;PrzewÛd do smarownicy
09-0625;PrzewÛd ch≥odnicy powietrza
M30 L350 SprÍøarka;PrzewÛd sprÍøarki M30 gweint zew i wew L350
M14-L700;PrzewÛd paliwa M14 L700
M12X1,5 L300;PRZEW”D ELASTYCZNY M12X1,5 L-300
M12X1,5 L400;PRZEW”D ELASTYCZNY M12X1,5 L-400
M12X1,5 L500;PRZEW”D ELASTYCZNY M12X1,5 L-500
M12X1,5 L600;PRZEW”D ELASTYCZNY M12X1,5 L-600
M12X1,5 L700;PRZEW”D ELASTYCZNY M12X1,5 L-700
M12X1,5 L800;PRZEW”D ELASTYCZNY M12X1,5 L-800
M12X1,5 L1000;PRZEW”D ELASTYCZNY M12X1,5 L-1000
91102;Kolanko wydechu 90st FI102
M22/F16;Redukcja M22 na F16
KOLANKO HYDRAULICZNE DWUSTRONNE M14;KOLANKO HYDRAULICZNE DWUSTRONNE GW.M14 WEW/ZEW
KOLANKO HYDRAULICZNE DWUSTRONNE M14/M12;KOLANKO HYDRAULICZNE DWUSTRONNE GW.WEW M14 GW.ZEW M12
TR”JNIK 3XM18;TR”JNIK 3xM18
TrÛjnik M16x3 wew;TrÛjnik M16 x 3wew
Korek/Zaúlepka;Korek spustu/ zaslepka M18x1,5
Kolanko BB M22;Kolanko, z≥πcze M22 90 stopni
Korek M24 MAG;Korek spustu oleju M24x1,5 z magnesem
Mufa redukcyjna M18/M16;Mufa redukcyjna M18/M16 x 1,5
Mufa M12;Mufa M12x1,5
Mufa M18;Mufa M18x1,5
TLME012R;Lampa ty≥ prawa
Redukcja gwintu M18/M12;Redukcja gwintu M18/M12 x 1,5
Redukcja gwintu M22/M16;Redukcja gwintu M22/M16 x 1,5
PRO0150040;ZawÛr ogr. cisnienia 3,5bar
14-07-00-0390;"Szybkoz≥πcze Fi 1/2"" mÍskie 1/2"" gw.zew."
Kolanko hydrauliczne ≥ukowe M14;Kolanko hydrauliczne ≥ukowe 90 stopni M14/M14
Kolanko hydrauliczne ≥ukowe M12;Kolanko hydrauliczne ≥ukowe 90 stopni M12/M12
Kolanko mosiÍøne M12 Oring;Kolanko mosiÍøne M12/M12 Oring 90 stopni
Kolanko mosiÍøne M16 Oring;Kolanko mosiÍøne M16/M16 Oring 90 stopni
WIRA 99;Przy≥πcze WIRA 99 mosiÍøne
M14X1,5 L800;PRZEW”D ELASTYCZNY M14X1,5 L-800
M14X1,5 L600;PRZEW”D ELASTYCZNY M14X1,5 L-600
M18X1,5 L700;PRZEW”D ELASTYCZNY M18X1,5 L-700
M18X1,5 L1500;PRZEW”D ELASTYCZNY M18X1,5 L-1500
M26X2 L300;PRZEW”D ELASTYCZNY M26X2 L-300
M30X2 L1300 K•TOWE;PRZEW”D ELASTYCZNY M30X2 L-1300 K•TOWE 90 STOPNI
FE23408;Poduszka silnika
629-2ZR;£oøysko 9x26x8 629-2Z
E118L04;Filtr powietrza
PUR-HA0167;Filtr powietrza
92273003;Tarcza hamulcowa
LJ6R Szary;Listwa kπtownik elastyczny wykoÒczeniowy progu LJ6R Szara
LJ6R ØÛ≥ty;Listwa kπtownik elastyczny wykoÒczeniowy progu LJ6R ØÛ≥ty
255368;TARCZA HAMULCOWA PRZ”D SETRA Seria 200/300 MERCEDES INTEGRO 432MM x 45mm x 135 mm 10 otworÛw M16/1,5
AKC013;KO—C”WKA TEKALANU Q-4
EL759296;Uszczelka ch≥odnicy oleju
LRTK870;Kolektor wydechowy
KBX 2-AVX13X1155 OPTIBELT;Pasek klinowy
PUR-HA0043;Filtr powietrza
GATWP5055HD;Pompa wody
40-60x10;Opaska úlimakowa nierdzewna 40-60x10mm
A 611 098 1439;Uchwyt turbiny Sprinter
16-27x10;Opaska úlimakowa nierdzewna 16-27x10mm
25-40x10;Opaska úlimakowa nierdzewna 25-40x10mm
22-35x13;Opaska úlimakowa nierdzewna 22-35x13mm
20-32x10;Opaska úlimakowa nierdzewna 20-30x10mm
13-22x10;Opaska úlimakowa nierdzewna 13-22x10mm
30-45x13;Opaska úlimakowa nierdzewna 30-45x13mm
11-16x10;Opaska úlimakowa nierdzewna 11-16x10mm
9,5-12x10;Opaska úlimakowa nierdzewna 9,5-12x10mm
12-22x9;Opaska úlimakowa nierdzewna 12-22x9mm
17-25x13;Opaska úlimakowa nierdzewna 17-25x13mm
22-30x13;Opaska úlimakowa nierdzewna 22-30x13
25-35x13;Opaska úlimakowa nierdzewna 25-35x13mm
30-40x13;Opaska úlimakowa nierdzewna 30-40x13mm
35-45x13;Opaska úlimakowa nierdzewna 35-45x13mm
FI14/FI10 OCZKO OCZKO L550;PRZEW”D PALIWA OCZKO FI14 OCZKO FI10 L550 DO PIECA WEBASTO
6-10x9;Opaska úlimakowa nierdzewna 6-10x9mm
13-27x13 MOTYLEK;Opaska úlimakowa nierdzewna 13-27x13mm Motylek
270-290x13;Opaska úlimakowa nierdzewna 270-290x13mm
100-120x9;Opaska úlimakowa nierdzewna 100-120x9mm
45-60x13;Opaska úlimakowa nierdzewna 45-60x13mm
50-70x13;Opaska úlimakowa nierdzewna 50-70x13mm
60-80x13;Opaska úlimakowa nierdzewna 60-80x13mm
70-90x13;Opaska úlimakowa nierdzewna 70-90x13mm
80-100x13;Opaska úlimakowa nierdzewna 80-100-13mm
FE04029;NakrÍtka ko≥a M22*1,5 SW32
K175;årodek do mycia silnikÛw MOTOR CLEANER 5L /koncentrat/
44-47/20;Opaska zaciskowa szeroka 44-47/20mm
80-85/24;Opaska zaciskowa szeroka 80-85/24mm
56-59/20;Opaska zaciskowa szeroka 56-59/20mm
98-103/24;Opaska zaciskowa szeroka 98-103/24mm
52-55/20;Opaska zaciskowa szeroka 52-55/20mm
86-91/24;Opaska zaciskowa szeroka 86-91/24mm
48-51/20;Opaska zaciskowa szeroka 48-51/20mm
29-31/18;Opaska zaciskowa szeroka 29-31/18mm
60-63/22;Opaska zaciskowa szeroka 60-63/22mm
68-73/24;Opaska zaciskowa szeroka 68-73/24mm
74-79/24;Opaska zaciskowa szeroka 68-73/24mm
92-97/24;Opaska zaciskowa szeroka 92-97/24mm
104-112/24;Opaska zaciskowa szeroka 104-112/24mm
113-121/24;Opaska zaciskowa szeroka 113-121/24mm
122-130/24;Opaska zaciskowa szeroka 122-130/24mm
120-125/20;Opaska zaciskowa szeroka 120-125/20mm
125-130/20;Opaska zaciskowa szeroka 125-130/20mm
£PT M12zew/M12zew;£πcznik prosty tekalanu metalowy M12zew/M12zew
£PT M18zew/M16zew;£πcznik prosty tekalanu metalowy redukcja M18zew/M16zew
KDT M12zew/M12zew;Kolanko d≥ugie tekalanu metalowe M12zew/M12zew
LPG FI-11,4x15C/50;PrzewÛd os≥onowy peszel FI-11,4x15C/50metrÛw
£PT M14zew/M12zew;£πcznik prosty tekalanu metalowy redukcja M14zew/M12zew
£PT M14zew/M14zew;£πcznik prosty tekalanu metalowy M14zew/M14zew
£PT M18zew/M14zew;£πcznik prosty tekalanu metalowy redukcja M18zew/M14zew
£PT M16zew/M12zew;£πcznik prosty tekalanu metalowy redukcja M16zew/M12zew
£PT M10zew/M10zew;£πcznik prosty tekalanu metalowy M10zew/M10zew
£PT M16zew/F14wew;£πcznik prosty tekalanu metalowy redukcja M/F M16zew/F14wew
CAL10607GS;Alternator 24V 120A
FE28626;Popma cieczy ch≥odzπcej
£PT M16zew/M16zew;£πcznik prosty tekalanu metalowy M16zew/M16zew
£PT F22wew/M16zew;£πcznik prosty tekalanu metalowy redukcja F/M F22wew/M16zew
64.1549.10BP;Uszczelka skrzyni biegÛw
AUG69463;PrzewÛd gumowy uk≥adu ch≥odzenia
£TT M16;£πcznik trÛjnik tekalanu metalowy M16wew/2xM16zew ABB
£PT M18zew/M12zew;£πcznik prosty tekalanu metalowy redukcja M18zew/M12zew
£PT M18zew/M18zew;£πcznik prosty tekalanu metalowy M18zew/M18zew
£PTDN M18zew/M8zew;£πcznik prosty tekalanu d≥ugi z nakrÍtkπ metalowy M18zew/M18zew
£PT M22zew/M18zew;£πcznik prosty tekalanu metalowy redukcja M22zew/M18zew
KDRT M22zew/M18zew;Kolanko dwustronnie gwintowane redukcyjne metalowe M22zew/M18zew
£PT M27zew/M27zew;£πcznik prosty tekalanu metalowy M27zew/M27zew gwint 2.0
£PT M22zew/M22zew;£πcznik prosty tekalanu metalowy M22zew/M22zew
£PTDN M22zew/M22zew;£πcznik prosty tekalanu d≥ugi z nakretkπ metalowy M22zew/M22zew
£PT M26zew/M26zew;£πcznik prosty tekalanu metalowy M26zew/M26zew
£PT M26zew/M22zew;£πcznik prosty tekalanu metalowy redukcja M26zew/M22zew
£PT M22zew/M14zew;£πcznik prosty tekalanu metalowy redukcja M22zew/M14zew
£PT M22zew/M16zew;£πcznik prosty tekalanu metalowy redukcja M22zew/M16zew
Korek M22x1,5;Korek zπslepka M22x1,5 metalowy zwyk≥y
TEK9 METAL;SZYBKOZ£•CZE TEKALANU FI9 METAL
2PT009599121;åwiat≥a dzienne
230133;Zestaw naprawczy zwrotnicy SETRA 200, 300
CO49171875;Uszczelniacz wa≥u korbowego
TEK12/10;SZYBKOZ£•CZE TEKALANU REDUKCJA FI12/FI10
TEK11 METAL;SZYBKOZ£•CZE TEKALANU FI11 METAL
TEK14/FI9;SZYBKOZ£•CZE TEKALANU M14/FI9 METAL
TEK16 METAL;SZYBKOZ£•CZE TEKALANU FI16 METAL
TEK6K;SZYBKOZ£•CZE TEKALANU KOLANKO PLASTIKOWE FI6
32x47x10;Uszczelniacz wa≥ka rozrzπdu VW 32x47x10
100x140x13/17;Uszczelniacz 100x140x13/17
4931465895;Uchwyt wiertasrski M18 CBLDDF M18 CBLPD Futro
3.34095;T≥umik drgaÒ napinacza
025.250;T≥umik drgaÒ napinacza
CO01016915B;Uszczelniacz Corteco 67x116/125,4/125,4x12/18,2/18,2mm
8PK1740HD;Pasek wielorowkowy 8PK1740
FE20428;Amortyzator PrzÛd Citaro Conecto
FE20265;Amortyzator PrzÛd Man Neoplan
125512;Amortyzator Sachs PrzÛd MAN
860809GB;Alternator
343 0202 10;"Tarcza sprzÍg≥a (430mm) 10 zÍbÛw 2"""
B04-BS001;Piasta ko≥a MERCEDES CONECTO (O 345)
FO 0301 PRO;Tarcza hamulcowa przÛd/ty≥ L/P (430mmx45mm) MAN LION¥S CITYNEOPLAN
MNE1077;Tarcza hamulcowa Mercedes Atego Neoplan MNE1077
Podstawa miecha STARA;Podstawa dolna miecha
710 W97.1;"åwiat≥o obrysowe bia≥e LED, wys. 24,2mm; szer. 83,8mm"
50205K;Lampa tylna 5 segmentowa /klosz/
0035445203;Lampa tylna Mercedes (MB) Atego 1/2 dl. z podúwietleniem uniwersalne TD /L/
480 104 920 2;Zestaw naprawczy zaworu Citaro peda≥ hamulca
BS01-001;Filtr powietrza
C30850/6;Filtr powietrza
LF558/71;Filtr powietrza
FE32240;Filtr powietrza
WPO-058;Filtr powietrza
93236E;Filtr powietrza
ER0886;Drπøek reakcyjny Egerot ER0886 zamiennik AUG15364
Frimatec114637;Drπøek reakcyjny Frimatec
Draøek rekacyjny 610mm;Draøek reakcyjny 610mm
PUR-HA0146;Filtr powietrza
BS01-112;Filtr powietrza
A542;Filtr powietrza
KF40-073;Filtr kabinowy
PUR-HC0027;Filtr kabinowy
PUR-HC0783;Filtr kabinowy
K9169;Filtr kabinowy
1 987 435 109;Filtr kabinowy
KF40-081;Filtr kabinowy
4.71546;Filtr kabinowy
441-2112N-UE;Lampa oúwietlenia tablicy rejestracyjnej
VKHB 2042;£oøysko ko≥a - pojedyncze ty≥ pasuje do: VOLVO F10
VKHB 2043;£oøysko ko≥a - pojedyncze ty≥
FAG574566BE;Piasta ko≥a przÛd volvo
20561131;Tuleja stabilizatora (po≥Ûwka obejmy úr.) przÛd L/P pasuje do: VOLVO
FE19203;Krzyøak drπøka reakcyjnego Volvo oú przednia
PMC20-24R;Sterownik sterujacy drzwiami skrzyd≥owymi Volvo - UØYWANY
K171602N00;Czujnik ABS ty≥ kπtowy /SOLARIS/
35X150X150 45 STOPNI;KOLANKO SILIKONOWE 35X150X150 45 STOPNI
4729000022;Zestaw naprawczy zaworu poduszki zawieszenia Wabco Neoplan
KLEJ DO WYK£ADZIN 6kg;KLEJ DO WYK£ADZIN DRAGON 6KG
A9448880038;Atrapa ch≥odnicy (grill)
20871332;Obejma rury uk≥adu wydechowego OM VOLVO
FO675181;Klocki hamulcowe
MDP3030K;Klocki hamulcowe 29030
FE16860;Klocki hamulcowe T5/T6
13.0470-7326.2;Klocki hamulcowe VOLVO, LAND ROVER, JAGUAR
A0208;Alternator 150A
BCS11738;Kamera BCS-B-EA15FSR4 (2.0)
2673733;Ko≥pak piasty Scania Vabis
81.25458-6797;Wiπzka kabli MAN
MB 1060;Miech Berkec MB 1060
31277;Miech Airtech 31277
3111277;Miech Volvo 3111277
5002-03-00-0063P;Miech
7207907;Podstawa miecha 7207907
V 1G16;Miech
1200 040 001;SprÍøarka 4123520030 MAN D0834/6 LFL/LOH 01r-
65146;Pompa wody UNIMOG, O 301, O 402
12V80AH700A;Akumulator 12V 80AH 700A
R-K0220;Zacisk hamulcowy ty≥ T5
8W600;åwietlÛwka LEdvance 8W/600mm/6500K 900LM
Ramka radia;Ramka radia
Tarcza 127x22;Tarcza úciernica w≥osy murzyna
Tarcza w≥osy murzyna;Tarcza pad úciernica w≥osy murzyna na rzep
10X1350/2;PASEK KLINOWY DWURZ DOWY AVX10X1350
6PK923;PASEK WIELOROWKOWY 6PK923
6PK1124;PASEK WIELOROWKOWY 6PK1124
6PK1153;PASEK WIELOROWKOWY 6PK1153
6PK2215;PASEK WIELOROWKOWY 6PK2215
8PK1565;PASEK WIELOROWKOWY 8PK1565
8PK1938;PASEK WIELOROWKOWY 8PK1938
8PK2070;PASEK WIELOROWKOWY 8PK2070
8PK2643;PASEK WIELOROWKOWY 8PK2643
10PK1580;PASEK WIELOROWKOWY 10PK1580
10PK1890;PASEK WIELOROWKOWY 10PK1890
FE15170;åruba ko≥a M22x1,5 x65/76mm
FE01429;åruba ko≥a przÛd/ty≥ M20x1,5x77/85mm d≥ugoúÊ gwintu 37mm
FE01473;åruba ko≥a przÛd M20x1,5x62/70mm d≥ugoúÊ gwintu 38mm
035.281-00A;NakrÍtka mocowania resora M24 x 2mm
06 2000 PX7000;Pompa wody SOLARIS
265/70-19,5 AUSTONE;265/70-19,5 AUSTONE 143/141J
185/R14C;Opona 185/R14C
F7BRP7B;WÛzek narzÍdziowy 257 elementÛw
1102000061;Kolanko uk≥adu wydechowego uniwersalne Fi 89, kπt 45 stopni
1102002484;Kolanko uk≥adu wydechowego uniwersalne Fi 90, kπt 60 stopni
2509331;Reperaturka b≥otnika lewy przÛd Ford Trasnsit
T38504;Napinacz paska wielorowkowego CASE JOHN DEERE
0000.112.906;Zestaw naprawczy sworznia wahacza dolnego /D£UGI/
AUG52604;Zestaw naprawczy zwrotnicy /SCANIA/
14007701;Lusterko NEOPLAN
FE35012;SworzeÒ zwrotnicy (M12, 50/50x222,5mm)
RURA PESZLA 125X2000;RURA PESZLA 125X2000
2560201;Klocki hamulcowe przÛd /TRANSIT/
2203401;Klocki hamulcowe przÛd /TRANSIT/
FE10512;£oøysko zwrotnicy FE10512
TH 8 83;Termostat cieczy ch≥odzπcej TH 8 83
6237605;Zaúlepka korek M12X1,5
9.03001;Zaúlepkakorek M14X1,5
FE01377;Rura wydechowa elastyczna
722 0525 10;£oøysko oporowe zwrotnicy 50x58x25
68033380;Zacisk regenerowany fabrycznie Meritor ELSA2 z jarzmem
23-01-00-0244;Cyna do lutowania drut 1mm zwÛj 250g
V1178;Amortyzator Sprinter
0234925;Zmywacz do hamulcÛw Techniq 600ml
Szk≥o hartowane Samsung A52;Szk≥o hartowane Samsung A52
OPASKA ELEKTRYCZNA 4,8X370 OPAKOWANIE 10;OPASKA ELEKTRYCZNA BIA£A 4,8X370 OPAKOWANIE 100SZT
OPASKA ELEKTRYCZNA 4,7X200;OPASKA ELEKTRYCZNA 4,7X200 OPAKOWANIE 100SZT
OPASKA ELEKTRYCZNA 4,8X200;OPASKA ELEKTRYCZNA 4,8X200 OPAKOWANIE 100SZT
FE01475;Uszczelniacz 120x140x13
